chl_a_sample_code,station_code,date,sample_replicate,subsample_replicate,sample_volume_filtered_ml,extract_volume_ml,absorbance_750nm,absorbance_663nm,absorbance_645nm,absorbance_630nm,chl_a_16ed,chl_a_20ed,description,unit,altered,outliers,waterbody_code,station_name,station_type,latitude_clean,longitude_clean,waterbody_name_clean
CHL0001,ST091,1983-04-08,1,NA,1000,5,0.005,0.022,0.013,0.011,0.91,0.95,NA,mg/L,FALSE,FALSE,WB085,Center Buoy/Water chem site B,main,47.066412,-84.394125,Upper Batchawana Lake
CHL0002,ST068,1983-05-31,1,NA,1000,7.1,0.006,0.024,0.014,0.012,1.37,391.0499999999999,NA,mg/L,FALSE,TRUE,WB066,Center Buoy/Water chem site B,main,47.06338,-84.390411,Lower Batchawana Lake
CHL0003,ST091,1983-05-31,1,NA,1000,5.5,0.005,0.029,0.007,0.012,1.52,1.55,NA,mg/L,FALSE,FALSE,WB085,Center Buoy/Water chem site B,main,47.066412,-84.394125,Upper Batchawana Lake
CHL0004,ST095,1983-05-31,1,NA,1000,6.4,0.008,0.024,0.015,0.015,1.1,1.15,NA,mg/L,FALSE,FALSE,WB087,Buoy/Water chem site B,main,47.049274,-84.399988,Wishart Lake
CHL0005,ST095,1983-05-31,2,NA,1000,7.5,0.006,0.029,0.011,0.009,1.93,1.99,NA,mg/L,FALSE,FALSE,WB087,Buoy/Water chem site B,main,47.049274,-84.399988,Wishart Lake
CHL0006,ST065,1983-05-31,1,NA,1000,6.4,0.008,0.03,0.014,0.013,1.56,1.61,NA,mg/L,TRUE,FALSE,WB065,Center Buoy/Water chem site B,main,47.043396,-84.408613,Little Turkey Lake
CHL0007,ST095,1983-06-15,1,NA,1000,5.8,0.002,0.019,0.009,0.01,1.06,1.11,NA,mg/L,FALSE,FALSE,WB087,Buoy/Water chem site B,main,47.049274,-84.399988,Wishart Lake
CHL0008,ST068,1983-06-16,1,NA,1000,7,0.006,0.007,0.009,0.008,0.04,0.05,NA,mg/L,FALSE,FALSE,WB066,Center Buoy/Water chem site B,main,47.06338,-84.390411,Lower Batchawana Lake
CHL0009,ST091,1983-06-16,1,NA,1000,7,0.005,0.015,0.008,0.007,0.77,0.8,NA,mg/L,FALSE,FALSE,WB085,Center Buoy/Water chem site B,main,47.066412,-84.394125,Upper Batchawana Lake
CHL0010,ST065,1983-06-17,1,NA,1000,9,0.003,0.011,0.007,0.007,0.76,0.8,NA,mg/L,FALSE,FALSE,WB065,Center Buoy/Water chem site B,main,47.043396,-84.408613,Little Turkey Lake
CHL0011,ST090,1983-06-17,1,NA,1000,5.3,0.002,0.021,0.003,0.01,1.16,1.19,NA,mg/L,FALSE,FALSE,WB084,Center Buoy,main,47.048369,-84.421142,Turkey Lake
CHL0012,ST095,1983-06-22,1,NA,1000,6.4,0.009,0.025,0.014,0.012,1.12,1.17,NA,mg/L,FALSE,FALSE,WB087,Buoy/Water chem site B,main,47.049274,-84.399988,Wishart Lake
CHL0013,ST065,1983-06-22,1,NA,1000,6.1,0.004,0.014,0.008,0.005,0.66,0.69,NA,mg/L,FALSE,FALSE,WB065,Center Buoy/Water chem site B,main,47.043396,-84.408613,Little Turkey Lake
CHL0014,ST090,1983-06-22,1,NA,1000,5.3,0.008,0.026,0.016,0.015,1.02,1.07,NA,mg/L,FALSE,FALSE,WB084,Center Buoy,main,47.048369,-84.421142,Turkey Lake
CHL0015,ST068,1983-06-23,1,NA,1000,6.6,0.006,0.012,0.007,0.007,0.45,0.46,NA,mg/L,FALSE,FALSE,WB066,Center Buoy/Water chem site B,main,47.06338,-84.390411,Lower Batchawana Lake
CHL0016,ST068,1983-06-27,1,NA,1000,7.2,0.007,0.02,0.01,0,1.04,1.07,NA,mg/L,FALSE,FALSE,WB066,Center Buoy/Water chem site B,main,47.06338,-84.390411,Lower Batchawana Lake
CHL0017,ST091,1983-06-27,1,NA,1000,7.3,0.006,0.018,0.01,0.009,0.96,0.99,NA,mg/L,FALSE,FALSE,WB085,Center Buoy/Water chem site B,main,47.066412,-84.394125,Upper Batchawana Lake
CHL0018,ST095,1983-06-27,1,NA,1000,7.1,0,0.006,0,0,0.5,0.5,NA,mg/L,FALSE,FALSE,WB087,Buoy/Water chem site B,main,47.049274,-84.399988,Wishart Lake
CHL0019,ST065,1983-06-27,1,NA,1000,6.5,0.006,0.017,0.01,0.009,0.78,0.81,NA,mg/L,FALSE,FALSE,WB065,Center Buoy/Water chem site B,main,47.043396,-84.408613,Little Turkey Lake
CHL0020,ST090,1983-06-27,1,NA,1000,6.2,0.003,0.014,0.007,0.006,0.74,0.77,NA,mg/L,FALSE,FALSE,WB084,Center Buoy,main,47.048369,-84.421142,Turkey Lake
CHL0021,ST068,1983-07-13,1,NA,1000,9.5,0.004,0.008,0.007,0.008,0.38,0.41,NA,mg/L,FALSE,FALSE,WB066,Center Buoy/Water chem site B,main,47.06338,-84.390411,Lower Batchawana Lake
CHL0022,ST091,1983-07-13,1,NA,1000,7,0.007,0.013,0.009,0.008,0.46,0.48,NA,mg/L,FALSE,FALSE,WB085,Center Buoy/Water chem site B,main,47.066412,-84.394125,Upper Batchawana Lake
CHL0023,ST095,1983-07-14,1,NA,1000,7.3,0.006,0.022,0.008,0.006,1.33,1.36,NA,mg/L,FALSE,FALSE,WB087,Buoy/Water chem site B,main,47.049274,-84.399988,Wishart Lake
CHL0024,ST065,1983-07-15,1,NA,1000,6.5,0.007,0.013,0.009,0.008,0.43,0.44,NA,mg/L,FALSE,FALSE,WB065,Center Buoy/Water chem site B,main,47.043396,-84.408613,Little Turkey Lake
CHL0025,ST068,1983-07-20,1,NA,1000,6.1,0.005,0.015,0.012,0.013,0.62,0.66,NA,mg/L,FALSE,FALSE,WB066,Center Buoy/Water chem site B,main,47.06338,-84.390411,Lower Batchawana Lake
CHL0026,ST091,1983-07-20,1,NA,1000,6.3,0,0.013,0.003,0.004,0.92,0.94,NA,mg/L,FALSE,FALSE,WB085,Center Buoy/Water chem site B,main,47.066412,-84.394125,Upper Batchawana Lake
CHL0027,ST095,1983-07-20,1,NA,1000,7.4,0.006,0.026,0.013,0.008,1.61,1.68,NA,mg/L,FALSE,FALSE,WB087,Buoy/Water chem site B,main,47.049274,-84.399988,Wishart Lake
CHL0028,ST065,1983-07-21,1,NA,1000,5.3,0.005,0.017,0.01,0.01,0.69,0.71,NA,mg/L,FALSE,FALSE,WB065,Center Buoy/Water chem site B,main,47.043396,-84.408613,Little Turkey Lake
CHL0029,ST068,1983-07-27,1,NA,1000,5.2,0.032,0.056,0.053,0.055,1.23,1.32,NA,mg/L,FALSE,FALSE,WB066,Center Buoy/Water chem site B,main,47.06338,-84.390411,Lower Batchawana Lake
CHL0030,ST091,1983-07-27,1,NA,1000,5.9,0.001,0.011,0.006,0.006,0.63,0.66,NA,mg/L,FALSE,FALSE,WB085,Center Buoy/Water chem site B,main,47.066412,-84.394125,Upper Batchawana Lake
CHL0031,ST095,1983-07-28,1,NA,600,8.1,0.005,0.027,0.012,0.011,3.26,3.38,NA,mg/L,FALSE,FALSE,WB087,Buoy/Water chem site B,main,47.049274,-84.399988,Wishart Lake
CHL0032,ST065,1983-07-28,1,NA,1000,6,0.006,0.021,0.01,0.009,1,1.03,NA,mg/L,FALSE,FALSE,WB065,Center Buoy/Water chem site B,main,47.043396,-84.408613,Little Turkey Lake
CHL0033,ST090,1983-07-28,1,NA,1000,5.7,0.004,0.016,0.005,0.008,0.79,0.8,NA,mg/L,FALSE,FALSE,WB084,Center Buoy,main,47.048369,-84.421142,Turkey Lake
CHL0034,ST068,1983-08-04,1,NA,1000,7.5,0,0.014,0.006,0.004,1.13,1.18,NA,mg/L,FALSE,FALSE,WB066,Center Buoy/Water chem site B,main,47.06338,-84.390411,Lower Batchawana Lake
CHL0035,ST095,1983-08-04,1,NA,750,6,0.001,0.049,0.014,0.013,4.25,4.4,NA,mg/L,FALSE,FALSE,WB087,Buoy/Water chem site B,main,47.049274,-84.399988,Wishart Lake
CHL0036,ST065,1983-08-04,1,NA,1000,6.3,0,0.003,0,0,0.22,0.22,NA,mg/L,FALSE,FALSE,WB065,Center Buoy/Water chem site B,main,47.043396,-84.408613,Little Turkey Lake
CHL0037,ST090,1983-08-04,1,NA,1000,7.2,0,0.004,0,0.001,0.34,0.34,NA,mg/L,FALSE,FALSE,WB084,Center Buoy,main,47.048369,-84.421142,Turkey Lake
CHL0038,ST091,1983-08-10,1,NA,1000,6.3,0.006,0.025,0.013,0.011,1.3,1.35,NA,mg/L,FALSE,FALSE,WB085,Center Buoy/Water chem site B,main,47.066412,-84.394125,Upper Batchawana Lake
CHL0039,ST095,1983-08-10,1,NA,600,7.7,0.005,0.019,0.01,0.006,1.95,2.03,NA,mg/L,FALSE,FALSE,WB087,Buoy/Water chem site B,main,47.049274,-84.399988,Wishart Lake
CHL0040,ST065,1983-08-11,1,NA,1000,5.5,0.004,0.028,0.011,0.009,1.46,1.51,NA,mg/L,FALSE,FALSE,WB065,Center Buoy/Water chem site B,main,47.043396,-84.408613,Little Turkey Lake
CHL0041,ST090,1983-08-11,1,NA,1000,7,0.001,0.017,0.009,0.006,1.19,1.24,NA,mg/L,FALSE,FALSE,WB084,Center Buoy,main,47.048369,-84.421142,Turkey Lake
CHL0042,ST068,1983-09-13,1,NA,1000,7,0.005,0.033,0.013,0.011,2.16,2.24,NA,mg/L,FALSE,FALSE,WB066,Center Buoy/Water chem site B,main,47.06338,-84.390411,Lower Batchawana Lake
CHL0043,ST091,1983-09-13,1,NA,1000,7.4,0.005,0.026,0.012,0.01,1.7,1.76,NA,mg/L,FALSE,FALSE,WB085,Center Buoy/Water chem site B,main,47.066412,-84.394125,Upper Batchawana Lake
CHL0044,ST095,1983-09-13,1,NA,600,9.4,0.004,0.028,0.011,0.01,4.15,4.29,NA,mg/L,FALSE,FALSE,WB087,Buoy/Water chem site B,main,47.049274,-84.399988,Wishart Lake
CHL0045,ST065,1983-09-13,1,NA,1000,6.2,0.006,0.037,0.013,0.013,2.15,2.21,NA,mg/L,FALSE,FALSE,WB065,Center Buoy/Water chem site B,main,47.043396,-84.408613,Little Turkey Lake
CHL0046,ST090,1983-09-13,1,NA,1000,7.5,0.007,0.021,0.01,0.009,1.18,1.21,NA,mg/L,FALSE,FALSE,WB084,Center Buoy,main,47.048369,-84.421142,Turkey Lake
CHL0047,ST068,1983-10-11,1,NA,1000,7.6,0.007,0.014,0.008,0.008,0.6,0.62,NA,mg/L,FALSE,FALSE,WB066,Center Buoy/Water chem site B,main,47.06338,-84.390411,Lower Batchawana Lake
CHL0048,ST095,1983-10-11,1,NA,1000,6.7,0.006,0.087,0.032,0.025,5.95,6.17,NA,mg/L,FALSE,FALSE,WB087,Buoy/Water chem site B,main,47.049274,-84.399988,Wishart Lake
CHL0049,ST065,1983-10-11,1,NA,1000,5.5,0.012,0.062,0.028,0.024,7.573999999999996,0.667,NA,mg/L,FALSE,FALSE,WB065,Center Buoy/Water chem site B,main,47.043396,-84.408613,Little Turkey Lake
CHL0050,ST090,1983-10-11,1,NA,1000,5,0.006,0.031,0.016,0.012,1.35,1.41,NA,mg/L,FALSE,FALSE,WB084,Center Buoy,main,47.048369,-84.421142,Turkey Lake
CHL0051,ST068,1983-11-09,1,NA,500,9,0.002,0.008,0.01,0.006,0.95,1.06,NA,mg/L,FALSE,FALSE,WB066,Center Buoy/Water chem site B,main,47.06338,-84.390411,Lower Batchawana Lake
CHL0052,ST095,1983-11-09,1,NA,500,9.3,0.003,0.019,0.006,0.015,3.37,3.46,NA,mg/L,FALSE,FALSE,WB087,Buoy/Water chem site B,main,47.049274,-84.399988,Wishart Lake
CHL0053,ST065,1983-11-09,1,NA,500,6.2,0.003,0.023,0.012,0.015,2.66,2.78,NA,mg/L,FALSE,FALSE,WB065,Center Buoy/Water chem site B,main,47.043396,-84.408613,Little Turkey Lake
CHL0054,ST090,1983-11-09,1,NA,500,7,0.022,0.034,0.025,0.027,1.87,1.93,NA,mg/L,FALSE,FALSE,WB084,Center Buoy,main,47.048369,-84.421142,Turkey Lake
CHL0055,ST091,1984-05-09,1,NA,1000,13.1,0.003,0.02,0.013,0.008,2.32,2.44,NA,mg/L,FALSE,FALSE,WB085,Center Buoy/Water chem site B,main,47.066412,-84.394125,Upper Batchawana Lake
CHL0056,ST065,1984-05-09,1,NA,1000,13.3,0.023,0.031,0.031,0.032,1.02,1.11,NA,mg/L,FALSE,FALSE,WB065,Center Buoy/Water chem site B,main,47.043396,-84.408613,Little Turkey Lake
CHL0057,ST090,1984-05-09,1,NA,1000,13.1,0.002,0.007,0.009,0.029,0.6,0.66,NA,mg/L,FALSE,FALSE,WB084,Center Buoy,main,47.048369,-84.421142,Turkey Lake
CHL0058,ST068,1984-05-31,1,NA,1000,12.2,0.012,0.015,0.013,0.013,0.4,0.42,NA,mg/L,FALSE,FALSE,WB066,Center Buoy/Water chem site B,main,47.06338,-84.390411,Lower Batchawana Lake
CHL0059,ST091,1984-06-15,1,NA,1000,14.1,0.004,0.015,0.011,0.006,1.59,1.69,NA,mg/L,FALSE,FALSE,WB085,Center Buoy/Water chem site B,main,47.066412,-84.394125,Upper Batchawana Lake
CHL0060,ST068,1984-07-03,1,NA,1000,13.8,0.004,0.01,0.028,0.006,0.25,0.47,NA,mg/L,FALSE,FALSE,WB066,Center Buoy/Water chem site B,main,47.06338,-84.390411,Lower Batchawana Lake
CHL0061,ST091,1984-07-03,1,NA,1000,13.8,0.017,0.031,0.038,0.009,1.61,1.83,NA,mg/L,FALSE,FALSE,WB085,Center Buoy/Water chem site B,main,47.066412,-84.394125,Upper Batchawana Lake
CHL0062,ST068,1984-07-15,1,NA,1000,5.5,0.001,0.032,0.032,0.007,1.62,1.76,NA,mg/L,FALSE,FALSE,WB066,Center Buoy/Water chem site B,main,47.06338,-84.390411,Lower Batchawana Lake
CHL0063,ST091,1984-07-15,1,NA,1000,5.4,0.003,0.033,0.036,0.009,1.5,1.65,NA,mg/L,FALSE,FALSE,WB085,Center Buoy/Water chem site B,main,47.066412,-84.394125,Upper Batchawana Lake
CHL0064,ST068,1984-07-18,1,NA,1000,5.6,0.001,0.026,0.032,0.006,1.26,1.39,NA,mg/L,FALSE,FALSE,WB066,Center Buoy/Water chem site B,main,47.06338,-84.390411,Lower Batchawana Lake
CHL0065,ST091,1984-07-18,1,NA,1000,6.5,0.001,0.03,0.033,0.006,1.75,1.92,NA,mg/L,FALSE,FALSE,WB085,Center Buoy/Water chem site B,main,47.066412,-84.394125,Upper Batchawana Lake
CHL0066,ST068,1984-07-31,1,NA,1000,5.5,0.001,0.032,0.033,0.007,1.61,1.75,NA,mg/L,FALSE,FALSE,WB066,Center Buoy/Water chem site B,main,47.06338,-84.390411,Lower Batchawana Lake
CHL0067,ST091,1984-07-31,1,NA,1000,5.9,0.001,0.033,0.035,0.007,1.77,1.93,NA,mg/L,FALSE,FALSE,WB085,Center Buoy/Water chem site B,main,47.066412,-84.394125,Upper Batchawana Lake
CHL0068,ST091,1984-08-27,1,NA,1000,4,0.003,0.414,0.473,0.082,15.11,16.61,NA,mg/L,FALSE,FALSE,WB085,Center Buoy/Water chem site B,main,47.066412,-84.394125,Upper Batchawana Lake
CHL0069,ST068,1984-09-06,1,NA,1000,5.6,0.014,0.439,0.5,0.09,21.87,24.05,NA,mg/L,FALSE,FALSE,WB066,Center Buoy/Water chem site B,main,47.06338,-84.390411,Lower Batchawana Lake
CHL0070,ST091,1984-09-06,1,NA,1000,4.8,0.01,0.425,0.49,0.088,18.25,20.09,NA,mg/L,FALSE,FALSE,WB085,Center Buoy/Water chem site B,main,47.066412,-84.394125,Upper Batchawana Lake
CHL0071,ST068,1985-05-13,1,NA,1000,5.2,0.075,0.602,0.564,0.17,26.46,28.6,NA,mg/L,FALSE,FALSE,WB066,Center Buoy/Water chem site B,main,47.06338,-84.390411,Lower Batchawana Lake
CHL0072,ST091,1985-05-13,1,NA,1000,5.6,0.017,0.513,0.531,0.119,26.17,28.53,NA,mg/L,FALSE,FALSE,WB085,Center Buoy/Water chem site B,main,47.066412,-84.394125,Upper Batchawana Lake
CHL0073,ST068,1985-06-03,1,NA,500,5.1,0.117,0.53,0.627,0.246,37.93,42.01,NA,mg/L,FALSE,FALSE,WB066,Center Buoy/Water chem site B,main,47.06338,-84.390411,Lower Batchawana Lake
CHL0074,ST091,1985-06-03,1,NA,500,7.4,0.119,0.527,0.629,0.249,54.18,60.09,NA,mg/L,FALSE,FALSE,WB085,Center Buoy/Water chem site B,main,47.066412,-84.394125,Upper Batchawana Lake
CHL0075,ST068,1985-06-19,1,NA,500,8.8,0.2,0.616,0.744,0.355,64.82,72.23,NA,mg/L,FALSE,FALSE,WB066,Center Buoy/Water chem site B,main,47.06338,-84.390411,Lower Batchawana Lake
CHL0076,ST091,1985-06-19,1,NA,500,5.2,0.205,0.66,0.757,0.376,42.86,47.38,NA,mg/L,FALSE,FALSE,WB085,Center Buoy/Water chem site B,main,47.066412,-84.394125,Upper Batchawana Lake
CHL0077,ST068,1985-07-04,1,NA,500,5.3,0.023,0.344,0.366,0.096,31.83,34.78,NA,mg/L,FALSE,FALSE,WB066,Center Buoy/Water chem site B,main,47.06338,-84.390411,Lower Batchawana Lake
CHL0078,ST091,1985-07-04,1,NA,500,8.3,0.052,0.34,0.397,0.131,43.41,47.94,NA,mg/L,FALSE,FALSE,WB085,Center Buoy/Water chem site B,main,47.066412,-84.394125,Upper Batchawana Lake
CHL0079,ST068,1985-07-15,1,NA,500,5.6,0.041,0.363,0.394,0.119,33.53,36.72,NA,mg/L,FALSE,FALSE,WB066,Center Buoy/Water chem site B,main,47.06338,-84.390411,Lower Batchawana Lake
CHL0080,ST091,1985-07-15,1,NA,500,6,0.038,0.319,0.383,0.108,30.39,33.65,NA,mg/L,FALSE,FALSE,WB085,Center Buoy/Water chem site B,main,47.066412,-84.394125,Upper Batchawana Lake
CHL0081,ST068,1985-08-13,1,NA,425,7.5,0.032,0.332,0.369,0.099,48.9,53.67,NA,mg/L,FALSE,FALSE,WB066,Center Buoy/Water chem site B,main,47.06338,-84.390411,Lower Batchawana Lake
CHL0082,ST091,1985-08-13,1,NA,450,4.6,0.028,0.302,0.357,0.095,25.41,28.07,NA,mg/L,FALSE,FALSE,WB085,Center Buoy/Water chem site B,main,47.066412,-84.394125,Upper Batchawana Lake
CHL0083,ST068,1985-08-26,1,NA,250,7.5,0.006,0.267,0.324,0.055,70.68,78.21,NA,mg/L,FALSE,FALSE,WB066,Center Buoy/Water chem site B,main,47.06338,-84.390411,Lower Batchawana Lake
CHL0084,ST091,1985-08-26,1,NA,400,5.6,0.011,0.272,0.323,0.065,33.17,36.63,NA,mg/L,FALSE,FALSE,WB085,Center Buoy/Water chem site B,main,47.066412,-84.394125,Upper Batchawana Lake
CHL0085,ST068,1985-09-26,1,NA,400,4.4,0.039,0.325,0.382,0.111,28.55,31.53,NA,mg/L,FALSE,FALSE,WB066,Center Buoy/Water chem site B,main,47.06338,-84.390411,Lower Batchawana Lake
CHL0086,ST091,1985-09-26,1,NA,350,6.7,0.011,0.296,0.35,0.077,49.61,54.76,NA,mg/L,FALSE,FALSE,WB085,Center Buoy/Water chem site B,main,47.066412,-84.394125,Upper Batchawana Lake
CHL0087,ST068,1985-10-24,1,NA,400,4.3,0.03,0.309,0.367,0.092,27.15,30.02,NA,mg/L,FALSE,FALSE,WB066,Center Buoy/Water chem site B,main,47.06338,-84.390411,Lower Batchawana Lake
CHL0088,ST068,1985-10-24,2,NA,1000,5.1,0.003,0.27,0.33,0.059,12.28,13.59,NA,mg/L,FALSE,FALSE,WB066,Center Buoy/Water chem site B,main,47.06338,-84.390411,Lower Batchawana Lake
CHL0089,ST091,1985-10-24,1,NA,1000,5.4,0.002,0.273,0.328,0.053,13.26,14.65,NA,mg/L,FALSE,FALSE,WB085,Center Buoy/Water chem site B,main,47.066412,-84.394125,Upper Batchawana Lake
CHL0090,ST091,1985-10-24,2,NA,415,4.8,0.047,0.336,0.398,0.122,30.23,33.43,NA,mg/L,FALSE,FALSE,WB085,Center Buoy/Water chem site B,main,47.066412,-84.394125,Upper Batchawana Lake
CHL0091,ST068,1987-05-06,1,NA,1000,4.9,0.014,0.02,0.014,0.02,0.35,0.35,NA,mg/L,FALSE,FALSE,WB066,Center Buoy/Water chem site B,main,47.06338,-84.390411,Lower Batchawana Lake
CHL0092,ST091,1987-05-06,1,NA,750,4.7,0.004,0.021,0.011,0.004,1.15,1.19,NA,mg/L,FALSE,FALSE,WB085,Center Buoy/Water chem site B,main,47.066412,-84.394125,Upper Batchawana Lake
CHL0093,ST068,1987-05-21,1,NA,1000,4.9,0.014,0.033,0.024,0.017,0.98,1.03,NA,mg/L,FALSE,FALSE,WB066,Center Buoy/Water chem site B,main,47.06338,-84.390411,Lower Batchawana Lake
CHL0094,ST091,1987-05-21,1,NA,750,4.5,0.017,0.033,0.018,0.024,1.11,1.13,NA,mg/L,FALSE,FALSE,WB085,Center Buoy/Water chem site B,main,47.066412,-84.394125,Upper Batchawana Lake
CHL0095,ST091,1987-06-03,1,NA,750,4.9,0.017,0.022,0.026,0.016,0.25,0.3,NA,mg/L,FALSE,FALSE,WB085,Center Buoy/Water chem site B,main,47.066412,-84.394125,Upper Batchawana Lake
CHL0096,ST068,1987-06-17,1,NA,1000,5.8,0.019,0.025,0.023,0.013,0.35,0.37,NA,mg/L,FALSE,FALSE,WB066,Center Buoy/Water chem site B,main,47.06338,-84.390411,Lower Batchawana Lake
CHL0097,ST091,1987-06-17,1,NA,1000,4.8,0.02,0.032,0.028,0.021,0.59,0.62,NA,mg/L,FALSE,FALSE,WB085,Center Buoy/Water chem site B,main,47.066412,-84.394125,Upper Batchawana Lake
CHL0098,ST068,1987-07-06,1,NA,1000,5.2,0,0.002,0,0,0.12,0.12,NA,mg/L,FALSE,FALSE,WB066,Center Buoy/Water chem site B,main,47.06338,-84.390411,Lower Batchawana Lake
CHL0099,ST068,1987-07-16,1,NA,1000,4.9,0.004,0.01,0.006,0.006,0.32,0.33,NA,mg/L,FALSE,FALSE,WB066,Center Buoy/Water chem site B,main,47.06338,-84.390411,Lower Batchawana Lake
CHL0100,ST091,1987-07-16,1,NA,750,7.6,0.002,0.006,0.012,0.011,0.26,0.33,NA,mg/L,FALSE,FALSE,WB085,Center Buoy/Water chem site B,main,47.066412,-84.394125,Upper Batchawana Lake
CHL0101,ST068,1987-07-28,1,NA,1000,5,0,0.001,0,0,0.06,0.06,NA,mg/L,FALSE,FALSE,WB066,Center Buoy/Water chem site B,main,47.06338,-84.390411,Lower Batchawana Lake
CHL0102,ST091,1987-07-28,1,NA,750,4.3,0,0.02,0.004,0.008,1.29,1.33,NA,mg/L,FALSE,FALSE,WB085,Center Buoy/Water chem site B,main,47.066412,-84.394125,Upper Batchawana Lake
CHL0103,ST068,1987-08-11,1,NA,1000,4.8,0.004,0.015,0.008,0.01,0.58,0.6,NA,mg/L,FALSE,FALSE,WB066,Center Buoy/Water chem site B,main,47.06338,-84.390411,Lower Batchawana Lake
CHL0104,ST091,1987-08-11,1,NA,750,4.6,0,0.014,0.002,0.001,0.97,1,NA,mg/L,FALSE,FALSE,WB085,Center Buoy/Water chem site B,main,47.066412,-84.394125,Upper Batchawana Lake
CHL0105,ST068,1987-08-25,1,NA,1000,4.2,0,0.014,0.002,0.001,0.67,0.68,NA,mg/L,FALSE,FALSE,WB066,Center Buoy/Water chem site B,main,47.06338,-84.390411,Lower Batchawana Lake
CHL0106,ST091,1987-08-25,1,NA,750,4.1,0.006,0.032,0.016,0.003,1.53,1.6,NA,mg/L,FALSE,FALSE,WB085,Center Buoy/Water chem site B,main,47.066412,-84.394125,Upper Batchawana Lake
CHL0107,ST068,1987-10-08,1,NA,750,6.1,0,0.007,0.006,0.006,0.56,0.6,NA,mg/L,FALSE,FALSE,WB066,Center Buoy/Water chem site B,main,47.06338,-84.390411,Lower Batchawana Lake
CHL0108,ST068,1988-05-19,1,NA,1000,4.3,0.01,0.032,0.033,0.02,0.89,0.97,NA,mg/L,FALSE,FALSE,WB066,Center Buoy/Water chem site B,main,47.06338,-84.390411,Lower Batchawana Lake
CHL0109,ST091,1988-05-19,1,NA,1000,4.7,0.009,0.024,0.025,0.016,0.66,0.72,NA,mg/L,FALSE,FALSE,WB085,Center Buoy/Water chem site B,main,47.066412,-84.394125,Upper Batchawana Lake
CHL0110,ST068,1988-06-02,1,NA,750,4.7,0.016,0.029,0.029,0.022,0.78,0.84,NA,mg/L,FALSE,FALSE,WB066,Center Buoy/Water chem site B,main,47.06338,-84.390411,Lower Batchawana Lake
CHL0111,ST091,1988-06-02,1,NA,1000,4.6,0.012,0.021,0.021,0.016,0.39,0.43,NA,mg/L,FALSE,FALSE,WB085,Center Buoy/Water chem site B,main,47.066412,-84.394125,Upper Batchawana Lake
CHL0112,ST068,1988-06-16,1,NA,1000,4.6,0.007,0.027,0.027,0.022,0.88,0.95,NA,mg/L,FALSE,FALSE,WB066,Center Buoy/Water chem site B,main,47.06338,-84.390411,Lower Batchawana Lake
CHL0113,ST091,1988-06-16,1,NA,1000,4.2,0.015,0.019,0.02,0.014,0.15,0.17,NA,mg/L,FALSE,FALSE,WB085,Center Buoy/Water chem site B,main,47.066412,-84.394125,Upper Batchawana Lake
CHL0114,ST068,1988-06-29,1,NA,750,4.6,0.029,0.049,0.051,0.038,1.14,1.25,NA,mg/L,FALSE,FALSE,WB066,Center Buoy/Water chem site B,main,47.06338,-84.390411,Lower Batchawana Lake
CHL0115,ST091,1988-06-29,1,NA,750,4.4,0.03,0.036,0.039,0.033,0.3,0.34,NA,mg/L,FALSE,FALSE,WB085,Center Buoy/Water chem site B,main,47.066412,-84.394125,Upper Batchawana Lake
CHL0116,ST068,1988-07-13,1,NA,750,4.4,0.02,0.035,0.038,0.034,0.8,0.89,NA,mg/L,FALSE,FALSE,WB066,Center Buoy/Water chem site B,main,47.06338,-84.390411,Lower Batchawana Lake
CHL0117,ST091,1988-07-13,1,NA,1000,4.4,0.004,0.019,0.022,0.012,0.6,0.66,NA,mg/L,FALSE,FALSE,WB085,Center Buoy/Water chem site B,main,47.066412,-84.394125,Upper Batchawana Lake
CHL0118,ST068,1988-07-28,1,NA,750,4.4,0.029,0.041,0.045,0.04,0.62,0.69,NA,mg/L,FALSE,FALSE,WB066,Center Buoy/Water chem site B,main,47.06338,-84.390411,Lower Batchawana Lake
CHL0119,ST091,1988-07-28,1,NA,750,4.7,0.046,0.048,0.023,0.039,0.45,0.37,NA,mg/L,FALSE,FALSE,WB085,Center Buoy/Water chem site B,main,47.066412,-84.394125,Upper Batchawana Lake
CHL0120,ST068,1988-08-11,1,NA,750,4.4,0.005,0.02,0.021,0.013,0.83,0.9,NA,mg/L,FALSE,FALSE,WB066,Center Buoy/Water chem site B,main,47.06338,-84.390411,Lower Batchawana Lake
CHL0121,ST091,1988-08-11,1,NA,1000,4.3,0.01,0.019,0.022,0.011,0.34,0.38,NA,mg/L,FALSE,FALSE,WB085,Center Buoy/Water chem site B,main,47.066412,-84.394125,Upper Batchawana Lake
CHL0122,ST068,1988-08-25,1,NA,1000,4.1,0.008,0.022,0.021,0.01,0.55,0.6,NA,mg/L,FALSE,FALSE,WB066,Center Buoy/Water chem site B,main,47.06338,-84.390411,Lower Batchawana Lake
CHL0123,ST091,1988-08-25,1,NA,750,4.7,0.008,0.037,0.039,0.019,1.7,1.86,NA,mg/L,FALSE,FALSE,WB085,Center Buoy/Water chem site B,main,47.066412,-84.394125,Upper Batchawana Lake
CHL0124,ST068,1988-09-22,1,NA,1000,4.7,0.009,0.021,0.023,0.014,0.52,0.57,NA,mg/L,FALSE,FALSE,WB066,Center Buoy/Water chem site B,main,47.06338,-84.390411,Lower Batchawana Lake
CHL0125,ST091,1988-09-22,1,NA,750,4.3,0.005,0.024,0.026,0.013,1.01,1.11,NA,mg/L,FALSE,FALSE,WB085,Center Buoy/Water chem site B,main,47.066412,-84.394125,Upper Batchawana Lake
CHL0126,ST068,1988-10-20,1,NA,1000,4.1,0.048,0.069,0.077,0.072,0.76,0.85,NA,mg/L,FALSE,FALSE,WB066,Center Buoy/Water chem site B,main,47.06338,-84.390411,Lower Batchawana Lake
CHL0127,ST091,1991-07-11,1,NA,350,6.7,0.002,0.01,0.004,0.003,1.7,1.76,NA,mg/L,FALSE,FALSE,WB085,Center Buoy/Water chem site B,main,47.066412,-84.394125,Upper Batchawana Lake
CHL0128,ST091,1991-07-11,2,NA,350,6.5,0.001,0.01,0.003,0.003,1.87,1.93,NA,mg/L,FALSE,FALSE,WB085,Center Buoy/Water chem site B,main,47.066412,-84.394125,Upper Batchawana Lake
CHL0129,ST095,1991-07-11,1,NA,345,6.7,0.003,0.021,0.009,0.008,3.83,3.97,NA,mg/L,FALSE,FALSE,WB087,Buoy/Water chem site B,main,47.049274,-84.399988,Wishart Lake
CHL0130,ST065,1991-07-11,1,NA,645,9.1,0,0.008,0.003,0.003,1.23,1.28,NA,mg/L,FALSE,FALSE,WB065,Center Buoy/Water chem site B,main,47.043396,-84.408613,Little Turkey Lake
CHL0131,ST090,1991-07-11,1,NA,645,6.5,0.001,0.007,0.002,0.001,0.68,0.7,NA,mg/L,FALSE,FALSE,WB084,Center Buoy,main,47.048369,-84.421142,Turkey Lake
CHL0132,ST095,1991-07-16,1,NA,300,8.5,0,0.016,0.005,0.004,4.98,5.16,NA,mg/L,FALSE,FALSE,WB087,Buoy/Water chem site B,main,47.049274,-84.399988,Wishart Lake
CHL0133,ST095,1991-07-16,2,NA,300,6,0.008,0.029,0.016,0.015,4.56,4.74,NA,mg/L,FALSE,FALSE,WB087,Buoy/Water chem site B,main,47.049274,-84.399988,Wishart Lake
CHL0134,ST065,1991-07-16,1,NA,600,7.8,0,0.009,0.003,0.003,1.28,1.33,NA,mg/L,FALSE,FALSE,WB065,Center Buoy/Water chem site B,main,47.043396,-84.408613,Little Turkey Lake
CHL0135,ST065,1991-07-16,2,NA,600,8.1,0,0.007,0.002,0.002,1.04,1.08,NA,mg/L,FALSE,FALSE,WB065,Center Buoy/Water chem site B,main,47.043396,-84.408613,Little Turkey Lake
CHL0136,ST065,1991-07-16,3,NA,600,7.6,0.001,0.009,0.004,0.003,1.1,1.14,NA,mg/L,FALSE,FALSE,WB065,Center Buoy/Water chem site B,main,47.043396,-84.408613,Little Turkey Lake
CHL0137,ST090,1991-07-16,1,NA,775,8.1,0.002,0.007,0.003,0.003,0.59,0.6,NA,mg/L,FALSE,FALSE,WB084,Center Buoy,main,47.048369,-84.421142,Turkey Lake
CHL0138,ST068,1991-10-10,1,NA,1000,9.5,0.002,0.007,0.003,0.003,0.53,0.55,NA,mg/L,FALSE,FALSE,WB066,Center Buoy/Water chem site B,main,47.06338,-84.390411,Lower Batchawana Lake
CHL0139,ST091,1991-10-10,1,NA,1000,4.5,0.006,0.023,0.014,0.013,0.82,0.85,NA,mg/L,FALSE,FALSE,WB085,Center Buoy/Water chem site B,main,47.066412,-84.394125,Upper Batchawana Lake
CHL0140,ST090,1991-11-04,1,NA,1000,9.2,0.049,0.07,0.074,0.081,1.78,1.96,NA,mg/L,FALSE,FALSE,WB084,Center Buoy,main,47.048369,-84.421142,Turkey Lake
CHL0141,ST091,1992-09-14,1,NA,1000,9.8,0.002,0.018,0.005,0.004,1.76,1.81,NA,mg/L,TRUE,FALSE,WB085,Center Buoy/Water chem site B,main,47.066412,-84.394125,Upper Batchawana Lake
CHL0142,ST065,1992-09-15,1,NA,1000,8.7,0.002,0.04,0.012,0.01,3.67,3.79,NA,mg/L,FALSE,FALSE,WB065,Center Buoy/Water chem site B,main,47.043396,-84.408613,Little Turkey Lake
CHL0143,ST095,1992-09-16,1,NA,570,7,0.003,0.059,0.017,0.015,7.65,7.9,NA,mg/L,FALSE,FALSE,WB087,Buoy/Water chem site B,main,47.049274,-84.399988,Wishart Lake
CHL0144,ST091,1993-07-14,1,NA,1000,11,0,0.012,0.004,0.003,1.44,1.5,NA,mg/L,FALSE,FALSE,WB085,Center Buoy/Water chem site B,main,47.066412,-84.394125,Upper Batchawana Lake
CHL0145,ST095,1993-07-14,1,NA,810,9.5,0.001,0.016,0.004,0.005,1.98,2.03,NA,mg/L,FALSE,FALSE,WB087,Buoy/Water chem site B,main,47.049274,-84.399988,Wishart Lake
CHL0146,ST065,1993-07-14,1,NA,1000,9.1,0,0.01,0.002,0.002,1.02,1.05,NA,mg/L,FALSE,FALSE,WB065,Center Buoy/Water chem site B,main,47.043396,-84.408613,Little Turkey Lake
CHL0147,ST091,1994-05-17,1,NA,1000,11.3,0.002,0.023,0.007,0.007,2.65,2.73,NA,mg/L,FALSE,FALSE,WB085,Center Buoy/Water chem site B,main,47.066412,-84.394125,Upper Batchawana Lake
CHL0148,ST095,1994-05-17,1,NA,1000,8.6,0.013,0.023,0.013,0.014,1,1.02,NA,mg/L,FALSE,FALSE,WB087,Buoy/Water chem site B,main,47.049274,-84.399988,Wishart Lake
CHL0149,ST065,1994-05-17,1,NA,1000,7.7,0.003,0.018,0.007,0.006,1.28,1.32,NA,mg/L,FALSE,FALSE,WB065,Center Buoy/Water chem site B,main,47.043396,-84.408613,Little Turkey Lake
CHL0150,ST091,1994-07-14,1,NA,1000,9.4,0,0.024,0.007,0.006,2.49,2.58,NA,mg/L,FALSE,FALSE,WB085,Center Buoy/Water chem site B,main,47.066412,-84.394125,Upper Batchawana Lake
CHL0151,ST095,1994-07-14,1,NA,550,6.8,0,0.04,0.011,0.01,5.48,5.66,NA,mg/L,FALSE,FALSE,WB087,Buoy/Water chem site B,main,47.049274,-84.399988,Wishart Lake
CHL0152,ST065,1994-07-14,1,NA,1000,8.1,0.001,0.029,0.009,0.008,2.51,2.59,NA,mg/L,FALSE,FALSE,WB065,Center Buoy/Water chem site B,main,47.043396,-84.408613,Little Turkey Lake
CHL0153,ST091,1994-09-12,1,NA,1000,7.9,0.002,0.029,0.009,0.008,2.37,2.45,NA,mg/L,FALSE,FALSE,WB085,Center Buoy/Water chem site B,main,47.066412,-84.394125,Upper Batchawana Lake
CHL0154,ST095,1994-09-14,1,NA,560,10.1,0.004,0.026,0.009,0.007,4.43,4.57,NA,mg/L,TRUE,FALSE,WB087,Buoy/Water chem site B,main,47.049274,-84.399988,Wishart Lake
CHL0155,ST065,1994-09-14,1,NA,910,10.2,0.003,0.023,0.006,0.005,2.54,2.61,NA,mg/L,FALSE,FALSE,WB065,Center Buoy/Water chem site B,main,47.043396,-84.408613,Little Turkey Lake
CHL0156,ST095,1994-10-31,1,NA,1000,13,0.001,0.021,0.006,0.004,2.89,2.98,NA,mg/L,FALSE,FALSE,WB087,Buoy/Water chem site B,main,47.049274,-84.399988,Wishart Lake
CHL0157,ST091,1995-07-11,1,NA,1000,10,0.002,0.016,0.006,0.005,1.55,1.6,NA,mg/L,FALSE,FALSE,WB085,Center Buoy/Water chem site B,main,47.066412,-84.394125,Upper Batchawana Lake
CHL0158,ST095,1995-07-11,1,NA,620,13,0.003,0.017,0.005,0.004,3.33,3.42,NA,mg/L,FALSE,FALSE,WB087,Buoy/Water chem site B,main,47.049274,-84.399988,Wishart Lake
CHL0159,ST065,1995-07-11,1,NA,1000,12.4,0.002,0.016,0.004,0.003,1.97,2.02,NA,mg/L,FALSE,FALSE,WB065,Center Buoy/Water chem site B,main,47.043396,-84.408613,Little Turkey Lake
CHL0160,ST091,1995-09-14,1,NA,1000,13,0,0.003,0.002,0.001,0.4,0.42,NA,mg/L,FALSE,FALSE,WB085,Center Buoy/Water chem site B,main,47.066412,-84.394125,Upper Batchawana Lake
CHL0161,ST095,1995-09-14,1,NA,685,13.2,0.001,0.017,0.006,0.005,3.39,3.51,NA,mg/L,FALSE,FALSE,WB087,Buoy/Water chem site B,main,47.049274,-84.399988,Wishart Lake
CHL0162,ST065,1995-09-14,1,NA,1000,13.5,0,0.015,0.005,0.005,2.22,2.3,NA,mg/L,FALSE,FALSE,WB065,Center Buoy/Water chem site B,main,47.043396,-84.408613,Little Turkey Lake
CHL0163,ST069,1998-05-25,1,NA,1000,11.1,0.006,0.016,0.009,0.01,1.22,1.27,Composite Tube/Tube composite,mg/L,TRUE,FALSE,WB066,Water chem site C,additional,47.062728,-84.388918,Lower Batchawana Lake
CHL0164,ST069,1998-05-25,2,NA,1000,12.1,0.001,0.009,0.004,0.002,0.637,7.821999999999997,Composite Tube/Tube composite,mg/L,FALSE,FALSE,WB066,Water chem site C,additional,47.062728,-84.388918,Lower Batchawana Lake
CHL0165,ST068,1998-05-25,1,NA,870,8,0,0.011,0.003,0.001,1.12,1.16,Composite Tube/Tube composite,mg/L,FALSE,FALSE,WB066,Center Buoy/Water chem site B,main,47.06338,-84.390411,Lower Batchawana Lake
CHL0166,ST068,1998-05-25,2,NA,1000,7.3,0.005,0.022,0.01,0.008,1.37,1.42,Composite Tube/Tube composite,mg/L,FALSE,FALSE,WB066,Center Buoy/Water chem site B,main,47.06338,-84.390411,Lower Batchawana Lake
CHL0167,ST070,1998-05-25,1,NA,1000,8.5,0,0.007,0.002,0.001,0.66,0.68,Composite Tube/Tube composite,mg/L,FALSE,FALSE,WB066,Water chem site A,additional,47.064197,-84.392044,Lower Batchawana Lake
CHL0168,ST070,1998-05-25,2,NA,1000,8.9,0.002,0.011,0.004,0.003,0.89,0.92,Composite Tube/Tube composite,mg/L,FALSE,FALSE,WB066,Water chem site A,additional,47.064197,-84.392044,Lower Batchawana Lake
CHL0169,ST096,1998-05-26,1,NA,1000,11.5,0,0.021,0.007,0.006,2.64,2.74,Composite Tube/Tube composite,mg/L,FALSE,FALSE,WB087,Water chem site C,additional,47.047952,-84.394833,Wishart Lake
CHL0170,ST096,1998-05-26,2,NA,1000,9.2,0,0.016,0.005,0.005,1.62,1.68,Composite Tube/Tube composite,mg/L,FALSE,FALSE,WB087,Water chem site C,additional,47.047952,-84.394833,Wishart Lake
CHL0171,ST095,1998-05-26,1,NA,1000,8.5,0.004,0.021,0.008,0.007,1.61,1.66,Composite Tube/Tube composite,mg/L,FALSE,FALSE,WB087,Buoy/Water chem site B,main,47.049274,-84.399988,Wishart Lake
CHL0172,ST095,1998-05-26,2,NA,1000,8.7,0.001,0.022,0.007,0.006,2.02,2.09,Composite tube/Tube composite,mg/L,FALSE,FALSE,WB087,Buoy/Water chem site B,main,47.049274,-84.399988,Wishart Lake
CHL0173,ST097,1998-05-26,1,NA,1000,8.3,0,0.018,0.005,0.005,1.65,1.71,Composite Tube/Tube composite,mg/L,FALSE,FALSE,WB087,Water chem site A,additional,47.050943,-84.401391,Wishart Lake
CHL0174,ST097,1998-05-26,2,NA,1000,9.3,0.002,0.021,0.008,0.007,1.94,2.01,Composite Tube/Tube composite,mg/L,FALSE,FALSE,WB087,Water chem site A,additional,47.050943,-84.401391,Wishart Lake
CHL0175,ST066,1998-05-27,1,NA,1000,8.4,0.002,0.014,0.007,0.006,1.09,1.13,Composite Tube/Tube composite,mg/L,FALSE,FALSE,WB065,Water chem site A,additional,47.25194444,-83.86722222,Little Turkey Lake
CHL0176,ST066,1998-05-27,2,NA,1000,9,0,0.01,0.001,0,1.03,1.05,Composite Tube/Tube composite,mg/L,FALSE,FALSE,WB065,Water chem site A,additional,47.25194444,-83.86722222,Little Turkey Lake
CHL0177,ST065,1998-05-27,1,NA,1000,9,0,0.01,0,0,1.05,1.07,Composite Tube/Tube composite,mg/L,FALSE,FALSE,WB065,Center Buoy/Water chem site B,main,47.043396,-84.408613,Little Turkey Lake
CHL0178,ST065,1998-05-27,2,NA,1000,8.8,0,0.012,0.003,0.001,1.17,1.21,Composite Tube/Tube composite,mg/L,FALSE,FALSE,WB065,Center Buoy/Water chem site B,main,47.043396,-84.408613,Little Turkey Lake
CHL0179,ST067,1998-05-27,1,NA,1000,7.1,0,0.012,0.003,0.001,0.95,0.98,NA,mg/L,FALSE,FALSE,WB065,Water chem site C,additional,47.041501,-84.409174,Little Turkey Lake
CHL0180,ST067,1998-05-27,2,NA,1000,7.8,0,0.014,0.003,0,1.22,1.26,NA,mg/L,FALSE,FALSE,WB065,Water chem site C,additional,47.041501,-84.409174,Little Turkey Lake
CHL0181,ST079,1998-05-28,1,NA,1000,9.3,0.001,0.017,0.006,0.006,1.64,1.7,Composite Tube/Tube composite,mg/L,TRUE,FALSE,WB075,Center Buoy/Water chem site B,main,46.73133333,-84.22058333,Quinn Lake
CHL0182,ST079,1998-05-28,2,NA,1000,8.7,0.003,0.025,0.012,0.01,2.06,2.15,Composite Tube/Tube composite,mg/L,TRUE,FALSE,WB075,Center Buoy/Water chem site B,main,46.73133333,-84.22058333,Quinn Lake
CHL0183,ST080,1998-05-28,1,NA,1000,8.1,0.005,0.024,0.011,0.009,1.69,1.75,Composite Tube/Tube composite,mg/L,TRUE,FALSE,WB075,Water chem site A,additional,46.730039,-84.22286,Quinn Lake
CHL0184,ST080,1998-05-28,2,NA,1000,8.5,0.003,0.023,0.008,0.007,1.89,1.95,Composite Tube/Tube composite,mg/L,TRUE,FALSE,WB075,Water chem site A,additional,46.730039,-84.22286,Quinn Lake
CHL0185,ST081,1998-05-28,1,NA,1000,8.8,0.003,0.02,0.008,0.007,1.65,1.71,Composite Tube/Tube composite,mg/L,TRUE,FALSE,WB075,Water chem site C,additional,46.731395,-84.222902,Quinn Lake
CHL0186,ST081,1998-05-28,2,NA,1000,8.6,0.001,0.019,0.006,0.005,1.71,1.77,Composite Tube/Tube composite,mg/L,TRUE,FALSE,WB075,Water chem site C,additional,46.731395,-84.222902,Quinn Lake
CHL0187,ST069,1998-06-08,1,NA,1000,9.5,0.001,0.011,0.005,0.002,1.02,1.07,Composite Tube/Tube composite,mg/L,FALSE,FALSE,WB066,Water chem site C,additional,47.062728,-84.388918,Lower Batchawana Lake
CHL0188,ST069,1998-06-08,2,NA,1000,8.6,0.001,0.011,0.005,0.004,0.93,0.97,Composite Tube/Tube composite,mg/L,FALSE,FALSE,WB066,Water chem site C,additional,47.062728,-84.388918,Lower Batchawana Lake
CHL0189,ST068,1998-06-08,1,NA,1000,10,0.003,0.013,0.006,0.005,1.1,1.14,Composite Tube/Tube composite,mg/L,FALSE,FALSE,WB066,Center Buoy/Water chem site B,main,47.06338,-84.390411,Lower Batchawana Lake
CHL0190,ST068,1998-06-08,2,NA,1000,9.7,0.008,0.021,0.013,0.011,1.37,1.42,Composite Tube/Tube composite,mg/L,FALSE,FALSE,WB066,Center Buoy/Water chem site B,main,47.06338,-84.390411,Lower Batchawana Lake
CHL0191,ST070,1998-06-08,1,NA,1000,8.7,0,0.014,0.003,0.003,1.36,1.41,Composite Tube/Tube composite,mg/L,FALSE,FALSE,WB066,Water chem site A,additional,47.064197,-84.392044,Lower Batchawana Lake
CHL0192,ST070,1998-06-08,2,NA,1000,10.2,0,0.011,0.002,0.002,1.26,1.3,Composite Tube/Tube composite,mg/L,FALSE,FALSE,WB066,Water chem site A,additional,47.064197,-84.392044,Lower Batchawana Lake
CHL0193,ST092,1998-06-09,1,NA,1000,9.2,0.003,0.014,0.005,0.003,1.14,1.17,Composite Tube/Tube composite,mg/L,FALSE,FALSE,WB085,Water chem site C,additional,47.065874,-84.39364,Upper Batchawana Lake
CHL0194,ST092,1998-06-09,2,NA,1000,9.3,0,0.013,0.004,0.003,1.33,1.38,Composite Tube/Tube composite,mg/L,FALSE,FALSE,WB085,Water chem site C,additional,47.065874,-84.39364,Upper Batchawana Lake
CHL0195,ST091,1998-06-09,1,NA,1000,9.8,0.004,0.018,0.009,0.008,1.5,1.55,Composite Tube/Tube composite,mg/L,FALSE,FALSE,WB085,Center Buoy/Water chem site B,main,47.066412,-84.394125,Upper Batchawana Lake
CHL0196,ST091,1998-06-09,2,NA,1000,10.9,0,0.009,0.004,0.003,1.05,1.1,Composite Tube/Tube composite,mg/L,FALSE,FALSE,WB085,Center Buoy/Water chem site B,main,47.066412,-84.394125,Upper Batchawana Lake
CHL0197,ST093,1998-06-09,1,NA,1000,9.5,0.002,0.012,0.003,0,1.08,1.11,Composite Tube/Tube composite,mg/L,FALSE,FALSE,WB085,Water chem site A,additional,47.067218,-84.395036,Upper Batchawana Lake
CHL0198,ST093,1998-06-09,2,NA,1000,8.7,0,0.014,0.006,0.004,1.31,1.37,Composite Tube/Tube composite,mg/L,FALSE,FALSE,WB085,Water chem site A,additional,47.067218,-84.395036,Upper Batchawana Lake
CHL0199,ST096,1998-06-10,1,NA,1000,12,0.001,0.019,0.006,0.005,2.39,2.47,Composite Tube/Tube composite,mg/L,FALSE,FALSE,WB087,Water chem site C,additional,47.047952,-84.394833,Wishart Lake
CHL0200,ST096,1998-06-10,2,NA,1000,9.9,0.002,0.018,0.006,0.005,1.76,1.82,Composite Tube/Tube composite,mg/L,FALSE,FALSE,WB087,Water chem site C,additional,47.047952,-84.394833,Wishart Lake
CHL0201,ST095,1998-06-10,1,NA,990,10.1,0.003,0.023,0.009,0.008,2.25,2.33,Composite Tube/Tube composite,mg/L,FALSE,FALSE,WB087,Buoy/Water chem site B,main,47.049274,-84.399988,Wishart Lake
CHL0202,ST095,1998-06-10,2,NA,1000,11.3,0.002,0.031,0.011,0.009,3.6,3.73,Composite Tube/Tube composite,mg/L,FALSE,FALSE,WB087,Buoy/Water chem site B,main,47.049274,-84.399988,Wishart Lake
CHL0203,ST097,1998-06-10,1,NA,1000,11.1,0.002,0.022,0.007,0.007,2.47,2.55,Composite Tube/Tube composite,mg/L,FALSE,FALSE,WB087,Water chem site A,additional,47.050943,-84.401391,Wishart Lake
CHL0204,ST097,1998-06-10,2,NA,1000,10,0.001,0.026,0.008,0.007,2.76,2.86,Composite Tube/Tube composite,mg/L,FALSE,FALSE,WB087,Water chem site A,additional,47.050943,-84.401391,Wishart Lake
CHL0205,ST066,1998-06-10,1,NA,1000,9.5,0.001,0.012,0.004,0.004,1.16,1.2,Composite Tube/Tube composite,mg/L,FALSE,FALSE,WB065,Water chem site A,additional,47.25194444,-83.86722222,Little Turkey Lake
CHL0206,ST066,1998-06-10,2,NA,1000,11.5,0.002,0.012,0.004,0.004,1.29,1.33,Composite Tube/Tube composite,mg/L,FALSE,FALSE,WB065,Water chem site A,additional,47.25194444,-83.86722222,Little Turkey Lake
CHL0207,ST065,1998-06-10,1,NA,1000,9.3,0.001,0.014,0.004,0.003,1.35,1.39,Composite Tube/Tube composite,mg/L,FALSE,FALSE,WB065,Center Buoy/Water chem site B,main,47.043396,-84.408613,Little Turkey Lake
CHL0208,ST065,1998-06-10,2,NA,1000,8.1,0.002,0.013,0.005,0.004,0.99,1.02,Composite Tube/Tube composite,mg/L,FALSE,FALSE,WB065,Center Buoy/Water chem site B,main,47.043396,-84.408613,Little Turkey Lake
CHL0209,ST067,1998-06-10,1,NA,1000,9.7,0,0.012,0.003,0.003,1.29,1.34,Composite Tube/Tube composite,mg/L,FALSE,FALSE,WB065,Water chem site C,additional,47.041501,-84.409174,Little Turkey Lake
CHL0210,ST067,1998-06-10,2,NA,1000,10.5,0,0.011,0.003,0.002,1.28,1.32,Composite Tube/Tube composite,mg/L,FALSE,FALSE,WB065,Water chem site C,additional,47.041501,-84.409174,Little Turkey Lake
CHL0211,ST079,1998-06-11,1,NA,1000,11.8,0.002,0.032,0.01,0.008,3.92,4.06,Composite Tube/Tube composite,mg/L,TRUE,FALSE,WB075,Center Buoy/Water chem site B,main,46.73133333,-84.22058333,Quinn Lake
CHL0212,ST079,1998-06-11,2,NA,1000,9.5,0.002,0.034,0.01,0.007,3.38,3.49,Composite Tube/Tube composite,mg/L,TRUE,FALSE,WB075,Center Buoy/Water chem site B,main,46.73133333,-84.22058333,Quinn Lake
CHL0213,ST080,1998-06-11,1,NA,1000,9.4,0.002,0.041,0.013,0.01,4.05,4.19,Composite Tube/Tube composite,mg/L,TRUE,FALSE,WB075,Water chem site A,additional,46.730039,-84.22286,Quinn Lake
CHL0214,ST080,1998-06-11,2,NA,1000,10.3,0.001,0.037,0.011,0.008,4.1,4.24,Composite Tube/Tube composite,mg/L,TRUE,FALSE,WB075,Water chem site A,additional,46.730039,-84.22286,Quinn Lake
CHL0215,ST081,1998-06-11,1,NA,1000,9.8,0.002,0.04,0.012,0.009,4.13,4.27,Composite Tube/Tube composite,mg/L,TRUE,FALSE,WB075,Water chem site C,additional,46.731395,-84.222902,Quinn Lake
CHL0216,ST081,1998-06-11,2,NA,1000,10,0.001,0.034,0.01,0.008,3.65,3.78,Composite Tube/Tube composite,mg/L,TRUE,FALSE,WB075,Water chem site C,additional,46.731395,-84.222902,Quinn Lake
CHL0217,ST079,1998-06-24,1,NA,500,10.5,0,0.019,0.007,0.006,4.34,4.51,Composite Tube/Tube composite,mg/L,TRUE,FALSE,WB075,Center Buoy/Water chem site B,main,46.73133333,-84.22058333,Quinn Lake
CHL0218,ST079,1998-06-24,2,NA,500,9.3,0.001,0.016,0.005,0.005,3.09,3.2,Composite Tube/Tube composite,mg/L,TRUE,FALSE,WB075,Center Buoy/Water chem site B,main,46.73133333,-84.22058333,Quinn Lake
CHL0219,ST080,1998-06-24,1,NA,500,8.8,0,0.022,0.008,0.007,4.22,4.38,Composite Tube/Tube composite,mg/L,TRUE,FALSE,WB075,Water chem site A,additional,46.730039,-84.22286,Quinn Lake
CHL0220,ST080,1998-06-24,2,NA,1000,9.5,0.001,0.022,0.008,0.006,5.92,0.95,Composite Tube/Tube composite,mg/L,TRUE,FALSE,WB075,Water chem site A,additional,46.730039,-84.22286,Quinn Lake
CHL0221,ST069,1998-06-29,1,NA,1000,10.8,0.001,0.041,0.01,0.011,4.83,4.98,Composite Tube/Tube composite,mg/L,FALSE,FALSE,WB066,Water chem site C,additional,47.062728,-84.388918,Lower Batchawana Lake
CHL0222,ST069,1998-06-29,2,NA,1000,11.7,0,0.021,0.006,0.005,2.71,2.81,Composite Tube/Tube composite,mg/L,FALSE,FALSE,WB066,Water chem site C,additional,47.062728,-84.388918,Lower Batchawana Lake
CHL0223,ST068,1998-06-29,1,NA,1000,10.3,0.002,0.025,0.006,0.006,2.67,2.75,Composite Tube/Tube composite,mg/L,FALSE,FALSE,WB066,Center Buoy/Water chem site B,main,47.06338,-84.390411,Lower Batchawana Lake
CHL0224,ST068,1998-06-29,2,NA,1000,11.5,0,0.018,0.006,0.004,2.27,2.35,Composite Tube/Tube composite,mg/L,FALSE,FALSE,WB066,Center Buoy/Water chem site B,main,47.06338,-84.390411,Lower Batchawana Lake
CHL0225,ST070,1998-06-29,1,NA,1000,10.2,0.001,0.019,0.007,0.005,2.01,2.08,Composite Tube/Tube composite,mg/L,FALSE,FALSE,WB066,Water chem site A,additional,47.064197,-84.392044,Lower Batchawana Lake
CHL0226,ST070,1998-06-29,2,NA,1000,11.7,0.002,0.021,0.007,0.006,2.47,2.55,Composite Tube/Tube composite,mg/L,FALSE,FALSE,WB066,Water chem site A,additional,47.064197,-84.392044,Lower Batchawana Lake
CHL0227,ST092,1998-06-29,1,NA,1000,10.5,0.001,0.013,0.003,0.004,1.42,1.46,Composite Tube/Tube composite,mg/L,FALSE,FALSE,WB085,Water chem site C,additional,47.065874,-84.39364,Upper Batchawana Lake
CHL0228,ST092,1998-06-29,2,NA,1000,9.1,0.003,0.016,0.005,0.007,1.34,1.38,Composite Tube/Tube composite,mg/L,FALSE,FALSE,WB085,Water chem site C,additional,47.065874,-84.39364,Upper Batchawana Lake
CHL0229,ST091,1998-06-29,1,NA,1000,10.3,0,0.011,0.004,0.003,1.23,1.28,Composite Tube/Tube composite,mg/L,FALSE,FALSE,WB085,Center Buoy/Water chem site B,main,47.066412,-84.394125,Upper Batchawana Lake
CHL0230,ST091,1998-06-29,2,NA,1000,9.1,0.011,0.028,0.018,0.02,1.67,1.74,Composite Tube/Tube composite,mg/L,FALSE,FALSE,WB085,Center Buoy/Water chem site B,main,47.066412,-84.394125,Upper Batchawana Lake
CHL0231,ST096,1998-06-29,1,NA,1000,9.7,0.002,0.02,0.007,0.006,1.93,2,Composite Tube/Tube composite,mg/L,FALSE,FALSE,WB087,Water chem site C,additional,47.047952,-84.394833,Wishart Lake
CHL0232,ST096,1998-06-29,2,NA,1000,10.6,0.001,0.023,0.008,0.006,2.56,2.65,Composite Tube/Tube composite,mg/L,FALSE,FALSE,WB087,Water chem site C,additional,47.047952,-84.394833,Wishart Lake
CHL0233,ST093,1998-06-29,1,NA,1000,9.2,0.001,0.018,0.003,0.003,1.78,1.83,Composite Tube/Tube composite,mg/L,FALSE,FALSE,WB085,Water chem site A,additional,47.067218,-84.395036,Upper Batchawana Lake
CHL0234,ST093,1998-06-29,2,NA,1000,10.8,0,0.011,0.003,0.002,1.32,1.36,Composite Tube/Tube composite,mg/L,FALSE,FALSE,WB085,Water chem site A,additional,47.067218,-84.395036,Upper Batchawana Lake
CHL0235,ST095,1998-06-29,1,NA,750,8.6,0.002,0.024,0.006,0.003,2.84,2.92,Composite Tube/Tube composite,mg/L,FALSE,FALSE,WB087,Buoy/Water chem site B,main,47.049274,-84.399988,Wishart Lake
CHL0236,ST095,1998-06-29,2,1,500,8.5,0.002,0.018,0.006,0.005,3.02,3.12,Composite Tube/Tube composite,mg/L,FALSE,FALSE,WB087,Buoy/Water chem site B,main,47.049274,-84.399988,Wishart Lake
CHL0237,ST095,1998-06-29,2,2,500,9,0.002,0.017,0.004,0.002,3.07,3.14,Composite Tube/Tube composite,mg/L,FALSE,FALSE,WB087,Buoy/Water chem site B,main,47.049274,-84.399988,Wishart Lake
CHL0238,ST097,1998-06-29,1,NA,1000,9.3,0.005,0.04,0.015,0.013,3.6,3.72,Composite Tube/Tube composite,mg/L,FALSE,FALSE,WB087,Water chem site A,additional,47.050943,-84.401391,Wishart Lake
CHL0239,ST097,1998-06-29,2,NA,1000,9.6,0,0.029,0.009,0.006,3.06,3.17,Composite Tube/Tube composite,mg/L,FALSE,FALSE,WB087,Water chem site A,additional,47.050943,-84.401391,Wishart Lake
CHL0240,ST066,1998-06-29,1,NA,1000,10.5,0,0.012,0.004,0.002,1.38,1.43,Composite Tube/Tube composite,mg/L,FALSE,FALSE,WB065,Water chem site A,additional,47.25194444,-83.86722222,Little Turkey Lake
CHL0241,ST066,1998-06-29,2,NA,1000,9.3,0.003,0.022,0.01,0.009,1.92,2,Composite Tube/Tube composite,mg/L,FALSE,FALSE,WB065,Water chem site A,additional,47.25194444,-83.86722222,Little Turkey Lake
CHL0242,ST065,1998-06-29,1,NA,1000,10.4,0.003,0.017,0.004,0.002,1.67,1.71,Composite Tube/Tube composite,mg/L,FALSE,FALSE,WB065,Center Buoy/Water chem site B,main,47.043396,-84.408613,Little Turkey Lake
CHL0243,ST065,1998-06-29,2,NA,1000,9,0.005,0.023,0.011,0.01,1.77,1.84,Composite Tube/Tube composite,mg/L,FALSE,FALSE,WB065,Center Buoy/Water chem site B,main,47.043396,-84.408613,Little Turkey Lake
CHL0244,ST067,1998-06-29,1,NA,1000,10.2,0.002,0.013,0.005,0.005,1.24,1.28,Composite Tube/Tube composite,mg/L,FALSE,FALSE,WB065,Water chem site C,additional,47.041501,-84.409174,Little Turkey Lake
CHL0245,ST067,1998-06-29,2,NA,1000,10.7,0.001,0.01,0.003,0.003,1.08,1.11,Composite Tube/Tube composite,mg/L,FALSE,FALSE,WB065,Water chem site C,additional,47.041501,-84.409174,Little Turkey Lake
CHL0246,ST079,1998-07-14,1,NA,1000,9.2,0,0.017,0.005,0.002,1.72,1.78,Composite Tube/Tube composite,mg/L,TRUE,FALSE,WB075,Center Buoy/Water chem site B,main,46.73133333,-84.22058333,Quinn Lake
CHL0247,ST079,1998-07-14,2,NA,1000,12.3,0,0.016,0.004,0.004,2.19,2.26,Composite Tube/Tube composite,mg/L,TRUE,FALSE,WB075,Center Buoy/Water chem site B,main,46.73133333,-84.22058333,Quinn Lake
CHL0248,ST080,1998-07-14,1,NA,1000,13.4,0,0.016,0.004,0.001,2.38,2.46,Composite Tube/Tube composite,mg/L,TRUE,FALSE,WB075,Water chem site A,additional,46.730039,-84.22286,Quinn Lake
CHL0249,ST080,1998-07-14,2,NA,1000,10,0,0.023,0.006,0.004,2.55,2.64,Composite Tube/Tube composite,mg/L,TRUE,FALSE,WB075,Water chem site A,additional,46.730039,-84.22286,Quinn Lake
CHL0250,ST081,1998-07-14,1,NA,1000,8.8,0,0.021,0.006,0.004,2.04,2.11,Composite Tube/Tube composite,mg/L,TRUE,FALSE,WB075,Water chem site C,additional,46.731395,-84.222902,Quinn Lake
CHL0251,ST081,1998-07-14,2,NA,1000,10.8,0.001,0.022,0.006,0.002,2.52,2.61,Composite Tube/Tube composite,mg/L,TRUE,FALSE,WB075,Water chem site C,additional,46.731395,-84.222902,Quinn Lake
CHL0252,ST069,1998-07-15,1,NA,1000,10,0.002,0.029,0.007,0.006,3.04,3.13,Composite Tube/Tube composite,mg/L,FALSE,FALSE,WB066,Water chem site C,additional,47.062728,-84.388918,Lower Batchawana Lake
CHL0253,ST069,1998-07-15,2,NA,1000,9.7,0.005,0.028,0.017,0.017,2.36,2.47,Composite Tube/Tube composite,mg/L,FALSE,FALSE,WB066,Water chem site C,additional,47.062728,-84.388918,Lower Batchawana Lake
CHL0254,ST068,1998-07-15,1,NA,1000,9.8,0.001,0.025,0.008,0.007,2.6,2.69,Composite Tube/Tube composite,mg/L,FALSE,FALSE,WB066,Center Buoy/Water chem site B,main,47.06338,-84.390411,Lower Batchawana Lake
CHL0255,ST068,1998-07-15,2,NA,1000,10.5,0.001,0.022,0.007,0.004,2.43,2.52,Composite Tube/Tube composite,mg/L,FALSE,FALSE,WB066,Center Buoy/Water chem site B,main,47.06338,-84.390411,Lower Batchawana Lake
CHL0256,ST070,1998-07-15,1,NA,1000,10,0,0.025,0.006,0.005,2.79,2.87,Composite Tube/Tube composite,mg/L,FALSE,FALSE,WB066,Water chem site A,additional,47.064197,-84.392044,Lower Batchawana Lake
CHL0257,ST070,1998-07-15,2,NA,1000,11.2,0.001,0.01,0.007,0.006,1.03,1.1,Composite Tube/Tube composite,mg/L,FALSE,FALSE,WB066,Water chem site A,additional,47.064197,-84.392044,Lower Batchawana Lake
CHL0258,ST092,1998-07-15,1,NA,1000,9.6,0.001,0.018,0.004,0.005,1.84,1.89,Composite Tube/Tube composite,mg/L,FALSE,FALSE,WB085,Water chem site C,additional,47.065874,-84.39364,Upper Batchawana Lake
CHL0259,ST092,1998-07-15,2,NA,1000,13,0.002,0.011,0.005,0.006,1.28,1.33,Composite Tube/Tube composite,mg/L,FALSE,FALSE,WB085,Water chem site C,additional,47.065874,-84.39364,Upper Batchawana Lake
CHL0260,ST091,1998-07-15,1,NA,1000,10.2,0,0.014,0.002,0.002,1.62,1.66,Composite Tube/Tube composite,mg/L,FALSE,FALSE,WB085,Center Buoy/Water chem site B,main,47.066412,-84.394125,Upper Batchawana Lake
CHL0261,ST091,1998-07-15,2,NA,1000,11,0.002,0.015,0.005,0.004,1.6,1.65,Composite Tube/Tube composite,mg/L,FALSE,FALSE,WB085,Center Buoy/Water chem site B,main,47.066412,-84.394125,Upper Batchawana Lake
CHL0262,ST096,1998-07-15,1,NA,1000,11.2,0.001,0.025,0.006,0.004,3.01,3.1,Composite Tube/Tube composite,mg/L,FALSE,FALSE,WB087,Water chem site C,additional,47.047952,-84.394833,Wishart Lake
CHL0263,ST096,1998-07-15,2,1,400,10,0.005,0.017,0.008,0.007,3.33,3.44,Composite Tube/Tube composite,mg/L,FALSE,FALSE,WB087,Water chem site C,additional,47.047952,-84.394833,Wishart Lake
CHL0264,ST096,1998-07-15,2,2,400,13.4,0.001,0.018,0.006,0.004,6.28,6.5,Composite Tube/Tube composite,mg/L,FALSE,FALSE,WB087,Water chem site C,additional,47.047952,-84.394833,Wishart Lake
CHL0265,ST093,1998-07-15,1,NA,1000,10.4,0,0.013,0.004,0.001,1.48,1.54,Composite Tube/Tube composite,mg/L,FALSE,FALSE,WB085,Water chem site A,additional,47.067218,-84.395036,Upper Batchawana Lake
CHL0266,ST093,1998-07-15,2,NA,1000,9.5,0.001,0.015,0.005,0.004,1.47,1.52,Composite Tube/Tube composite,mg/L,FALSE,FALSE,WB085,Water chem site A,additional,47.067218,-84.395036,Upper Batchawana Lake
CHL0267,ST095,1998-07-15,1,1,700,11.4,0.003,0.024,0.009,0.005,3.77,3.9,Composite Tube/Tube composite,mg/L,FALSE,FALSE,WB087,Buoy/Water chem site B,main,47.049274,-84.399988,Wishart Lake
CHL0268,ST095,1998-07-15,1,2,300,11.2,0.001,0.019,0.003,0.003,7.67,7.85,Composite Tube/Tube composite,mg/L,FALSE,FALSE,WB087,Buoy/Water chem site B,main,47.049274,-84.399988,Wishart Lake
CHL0269,ST095,1998-07-15,2,1,400,9.1,0.002,0.015,0.004,0.003,3.35,3.44,Composite Tube/Tube composite,mg/L,FALSE,FALSE,WB087,Buoy/Water chem site B,main,47.049274,-84.399988,Wishart Lake
CHL0270,ST095,1998-07-15,2,2,400,11,0,0.019,0.005,0.003,5.79,5.99,Composite Tube/Tube composite,mg/L,FALSE,FALSE,WB087,Buoy/Water chem site B,main,47.049274,-84.399988,Wishart Lake
CHL0271,ST097,1998-07-15,1,2,400,12,0.001,0.014,0.003,0.003,4.42,4.53,Composite Tube/Tube composite,mg/L,TRUE,FALSE,WB087,Water chem site A,additional,47.050943,-84.401391,Wishart Lake
CHL0272,ST097,1998-07-15,1,1,600,13,0.002,0.018,0.005,0.003,3.9,4.01,Composite Tube/Tube composite,mg/L,FALSE,FALSE,WB087,Water chem site A,additional,47.050943,-84.401391,Wishart Lake
CHL0273,ST097,1998-07-15,2,1,600,10.1,0,0.02,0.006,0.003,3.71,3.84,Composite Tube/Tube composite,mg/L,FALSE,FALSE,WB087,Water chem site A,additional,47.050943,-84.401391,Wishart Lake
CHL0274,ST097,1998-07-15,2,2,400,13.1,0,0.009,0.003,0.002,3.23,3.35,Composite Tube/Tube composite,mg/L,FALSE,FALSE,WB087,Water chem site A,additional,47.050943,-84.401391,Wishart Lake
CHL0275,ST066,1998-07-15,1,NA,1000,9.7,0.001,0.017,0.004,0.003,1.75,1.8,Composite Tube/Tube composite,mg/L,FALSE,FALSE,WB065,Water chem site A,additional,47.25194444,-83.86722222,Little Turkey Lake
CHL0276,ST066,1998-07-15,2,NA,1000,11.7,0.003,0.014,0.003,0.003,1.5,1.53,Composite Tube/Tube composite,mg/L,FALSE,FALSE,WB065,Water chem site A,additional,47.25194444,-83.86722222,Little Turkey Lake
CHL0277,ST065,1998-07-15,1,NA,1000,9,0,0.013,0.004,0.003,1.29,1.33,Composite Tube/Tube composite,mg/L,FALSE,FALSE,WB065,Center Buoy/Water chem site B,main,47.043396,-84.408613,Little Turkey Lake
CHL0278,ST065,1998-07-15,2,NA,1000,13.3,0.001,0.01,0.003,0.003,1.34,1.38,Composite Tube/Tube composite,mg/L,FALSE,FALSE,WB065,Center Buoy/Water chem site B,main,47.043396,-84.408613,Little Turkey Lake
CHL0279,ST067,1998-07-15,1,NA,1000,10.2,0.001,0.013,0.004,0.002,1.36,1.4,Composite Tube/Tube composite,mg/L,FALSE,FALSE,WB065,Water chem site C,additional,47.041501,-84.409174,Little Turkey Lake
CHL0280,ST069,1998-07-17,1,NA,1000,9.6,0,0.013,0.006,0.004,1.33,1.39,NA,mg/L,FALSE,FALSE,WB066,Water chem site C,additional,47.062728,-84.388918,Lower Batchawana Lake
CHL0281,ST069,1998-07-17,2,NA,1000,10,0,0.012,0.005,0.003,1.29,1.35,NA,mg/L,FALSE,FALSE,WB066,Water chem site C,additional,47.062728,-84.388918,Lower Batchawana Lake
CHL0282,ST068,1998-07-17,1,NA,1000,10,0.001,0.014,0.003,0.003,1.47,1.51,NA,mg/L,FALSE,FALSE,WB066,Center Buoy/Water chem site B,main,47.06338,-84.390411,Lower Batchawana Lake
CHL0283,ST068,1998-07-17,2,NA,1000,9.8,0.002,0.012,0.006,0.005,1.06,1.1,NA,mg/L,FALSE,FALSE,WB066,Center Buoy/Water chem site B,main,47.06338,-84.390411,Lower Batchawana Lake
CHL0284,ST070,1998-07-17,1,NA,1000,8.8,0.002,0.014,0.005,0.003,1.17,1.21,NA,mg/L,FALSE,FALSE,WB066,Water chem site A,additional,47.064197,-84.392044,Lower Batchawana Lake
CHL0285,ST070,1998-07-17,2,NA,1000,9.1,0.002,0.013,0.003,0.003,1.15,1.17,NA,mg/L,FALSE,FALSE,WB066,Water chem site A,additional,47.064197,-84.392044,Lower Batchawana Lake
CHL0286,ST079,1998-07-18,1,NA,1000,9.2,0.001,0.025,0.007,0.005,2.45,2.53,NA,mg/L,TRUE,FALSE,WB075,Center Buoy/Water chem site B,main,46.73133333,-84.22058333,Quinn Lake
CHL0287,ST079,1998-07-18,2,NA,1000,10.3,0.004,0.029,0.012,0.01,2.83,2.93,NA,mg/L,TRUE,FALSE,WB075,Center Buoy/Water chem site B,main,46.73133333,-84.22058333,Quinn Lake
CHL0288,ST080,1998-07-18,1,NA,1000,10.8,0.002,0.022,0.006,0.005,2.42,2.5,NA,mg/L,TRUE,FALSE,WB075,Water chem site A,additional,46.730039,-84.22286,Quinn Lake
CHL0289,ST081,1998-07-18,1,NA,1000,9.3,0.003,0.025,0.008,0.007,2.28,2.36,NA,mg/L,TRUE,FALSE,WB075,Water chem site C,additional,46.731395,-84.222902,Quinn Lake
CHL0290,ST081,1998-07-18,2,NA,1000,11.5,0.001,0.021,0.006,0.004,2.56,2.64,NA,mg/L,TRUE,FALSE,WB075,Water chem site C,additional,46.731395,-84.222902,Quinn Lake
CHL0291,ST069,1998-08-04,1,NA,800,9.4,0.003,0.017,0.005,0.005,1.87,1.92,Composite Tube/Tube composite,mg/L,FALSE,FALSE,WB066,Water chem site C,additional,47.062728,-84.388918,Lower Batchawana Lake
CHL0292,ST069,1998-08-04,2,NA,650,11.1,0.001,0.01,0.005,0.004,1.65,1.72,Composite Tube/Tube composite,mg/L,FALSE,FALSE,WB066,Water chem site C,additional,47.062728,-84.388918,Lower Batchawana Lake
CHL0293,ST068,1998-08-04,1,NA,1000,10.2,0.007,0.019,0.009,0.007,1.38,1.42,Composite Tube/Tube composite,mg/L,FALSE,FALSE,WB066,Center Buoy/Water chem site B,main,47.06338,-84.390411,Lower Batchawana Lake
CHL0294,ST068,1998-08-04,2,NA,1000,10.4,0.001,0.019,0.007,0.006,2.05,2.13,Composite Tube/Tube composite,mg/L,FALSE,FALSE,WB066,Center Buoy/Water chem site B,main,47.06338,-84.390411,Lower Batchawana Lake
CHL0295,ST070,1998-08-04,1,NA,1000,13.2,0.01,0.022,0.013,0.014,1.76,1.82,Composite Tube/Tube composite,mg/L,FALSE,FALSE,WB066,Water chem site A,additional,47.064197,-84.392044,Lower Batchawana Lake
CHL0296,ST070,1998-08-04,2,NA,1000,10,0,0.015,0.004,0.004,1.66,1.72,Composite Tube/Tube composite,mg/L,FALSE,FALSE,WB066,Water chem site A,additional,47.064197,-84.392044,Lower Batchawana Lake
CHL0297,ST092,1998-08-04,1,NA,800,9.3,0,0.01,0.003,0.002,1.28,1.33,Composite Tube/Tube composite,mg/L,FALSE,FALSE,WB085,Water chem site C,additional,47.065874,-84.39364,Upper Batchawana Lake
CHL0298,ST092,1998-08-04,2,NA,1000,11,0,0.01,0.003,0.003,1.21,1.26,Composite Tube/Tube composite,mg/L,FALSE,FALSE,WB085,Water chem site C,additional,47.065874,-84.39364,Upper Batchawana Lake
CHL0299,ST091,1998-08-04,1,NA,800,11.4,0.002,0.009,0.004,0.003,1.1,1.14,Composite Tube/Tube composite,mg/L,FALSE,FALSE,WB085,Center Buoy/Water chem site B,main,47.066412,-84.394125,Upper Batchawana Lake
CHL0300,ST091,1998-08-04,2,NA,800,10.5,0.005,0.014,0.007,0.006,1.32,1.36,Composite Tube/Tube composite,mg/L,FALSE,FALSE,WB085,Center Buoy/Water chem site B,main,47.066412,-84.394125,Upper Batchawana Lake
CHL0301,ST096,1998-08-04,1,NA,1000,9,0.002,0.054,0.017,0.014,5.17,5.35,Composite Tube/Tube composite,mg/L,FALSE,FALSE,WB087,Water chem site C,additional,47.047952,-84.394833,Wishart Lake
CHL0302,ST096,1998-08-04,2,NA,900,8.8,0.002,0.052,0.016,0.013,5.41,5.59,Composite Tube/Tube composite,mg/L,FALSE,FALSE,WB087,Water chem site C,additional,47.047952,-84.394833,Wishart Lake
CHL0303,ST093,1998-08-04,1,NA,1000,9.3,0.002,0.013,0.004,0.003,1.15,1.18,Composite Tube/Tube composite,mg/L,FALSE,FALSE,WB085,Water chem site A,additional,47.067218,-84.395036,Upper Batchawana Lake
CHL0304,ST093,1998-08-04,2,NA,1000,12.3,0.001,0.012,0.003,0.004,1.53,1.57,Composite Tube/Tube composite,mg/L,FALSE,FALSE,WB085,Water chem site A,additional,47.067218,-84.395036,Upper Batchawana Lake
CHL0305,ST095,1998-08-04,1,NA,1000,8.8,0.002,0.05,0.016,0.013,4.66,4.82,Composite Tube/Tube composite,mg/L,FALSE,FALSE,WB087,Buoy/Water chem site B,main,47.049274,-84.399988,Wishart Lake
CHL0306,ST095,1998-08-04,2,NA,900,9.3,0.002,0.042,0.013,0.011,4.57,4.73,Composite Tube/Tube composite,mg/L,FALSE,FALSE,WB087,Buoy/Water chem site B,main,47.049274,-84.399988,Wishart Lake
CHL0307,ST097,1998-08-04,1,NA,1000,8.8,0,0.042,0.012,0.01,4.08,4.22,Composite Tube/Tube composite,mg/L,FALSE,FALSE,WB087,Water chem site A,additional,47.050943,-84.401391,Wishart Lake
CHL0308,ST097,1998-08-04,2,NA,1000,10.6,0.001,0.035,0.01,0.008,4,4.13,Composite Tube/Tube composite,mg/L,FALSE,FALSE,WB087,Water chem site A,additional,47.050943,-84.401391,Wishart Lake
CHL0309,ST066,1998-08-04,1,NA,1000,9.7,0,0.017,0.005,0.004,1.82,1.88,Composite Tube/Tube composite,mg/L,FALSE,FALSE,WB065,Water chem site A,additional,47.25194444,-83.86722222,Little Turkey Lake
CHL0310,ST066,1998-08-04,2,NA,1000,9.8,0.007,0.024,0.015,0.016,1.78,1.86,Composite Tube/Tube composite,mg/L,FALSE,FALSE,WB065,Water chem site A,additional,47.25194444,-83.86722222,Little Turkey Lake
CHL0311,ST065,1998-08-04,1,NA,1000,10.3,0,0.015,0.004,0.002,1.71,1.77,Composite Tube/Tube composite,mg/L,FALSE,FALSE,WB065,Center Buoy/Water chem site B,main,47.043396,-84.408613,Little Turkey Lake
CHL0312,ST065,1998-08-04,2,NA,1000,13,0,0.008,0.004,0.004,1.1,1.16,Composite Tube/Tube composite,mg/L,FALSE,FALSE,WB065,Center Buoy/Water chem site B,main,47.043396,-84.408613,Little Turkey Lake
CHL0313,ST067,1998-08-04,1,NA,1000,11.8,0,0.016,0.005,0.004,2.07,2.15,Composite Tube/Tube composite,mg/L,FALSE,FALSE,WB065,Water chem site C,additional,47.041501,-84.409174,Little Turkey Lake
CHL0314,ST067,1998-08-04,2,NA,1000,9.6,0,0.015,0.002,0.003,1.64,1.68,Composite Tube/Tube composite,mg/L,FALSE,FALSE,WB065,Water chem site C,additional,47.041501,-84.409174,Little Turkey Lake
CHL0315,ST079,1998-08-05,1,NA,1000,8.5,0.003,0.026,0.008,0.008,2.19,2.25,Composite Tube/Tube composite,mg/L,TRUE,FALSE,WB075,Center Buoy/Water chem site B,main,46.73133333,-84.22058333,Quinn Lake
CHL0316,ST079,1998-08-05,2,NA,1000,9.5,0.002,0.031,0.01,0.007,3.05,3.15,Composite Tube/Tube composite,mg/L,TRUE,FALSE,WB075,Center Buoy/Water chem site B,main,46.73133333,-84.22058333,Quinn Lake
CHL0317,ST080,1998-08-05,1,NA,1000,10.7,0,0.019,0.006,0.005,2.23,2.31,Composite Tube/Tube composite,mg/L,TRUE,FALSE,WB075,Water chem site A,additional,46.730039,-84.22286,Quinn Lake
CHL0318,ST080,1998-08-05,2,NA,1000,8.6,0.002,0.024,0.008,0.007,2.1,2.17,Composite Tube/Tube composite,mg/L,TRUE,FALSE,WB075,Water chem site A,additional,46.730039,-84.22286,Quinn Lake
CHL0319,ST081,1998-08-05,1,NA,1000,9.4,0.003,0.027,0.009,0.007,2.51,2.59,Composite Tube/Tube composite,mg/L,TRUE,FALSE,WB075,Water chem site C,additional,46.731395,-84.222902,Quinn Lake
CHL0320,ST081,1998-08-05,2,NA,1000,9.3,0.002,0.026,0.008,0.007,2.48,2.56,Composite Tube/Tube composite,mg/L,TRUE,FALSE,WB075,Water chem site C,additional,46.731395,-84.222902,Quinn Lake
CHL0321,ST092,1998-08-17,1,NA,1000,11,0.001,0.014,0.005,0.004,1.57,1.63,Composite Tube/Tube composite,mg/L,FALSE,FALSE,WB085,Water chem site C,additional,47.065874,-84.39364,Upper Batchawana Lake
CHL0322,ST092,1998-08-17,2,NA,1000,12.3,0.001,0.012,0.004,0.004,1.5,1.55,Composite Tube/Tube composite,mg/L,FALSE,FALSE,WB085,Water chem site C,additional,47.065874,-84.39364,Upper Batchawana Lake
CHL0323,ST091,1998-08-17,1,NA,1000,12.4,0.004,0.013,0.007,0.006,1.22,1.27,Composite Tube/Tube composite,mg/L,FALSE,FALSE,WB085,Center Buoy/Water chem site B,main,47.066412,-84.394125,Upper Batchawana Lake
CHL0324,ST091,1998-08-17,2,NA,1000,9.5,0.001,0.007,0.003,0.003,0.62,0.65,Composite Tube/Tube composite,mg/L,FALSE,FALSE,WB085,Center Buoy/Water chem site B,main,47.066412,-84.394125,Upper Batchawana Lake
CHL0325,ST096,1998-08-17,1,NA,1000,10.5,0.001,0.065,0.018,0.016,7.45,7.7,Composite Tube/Tube composite,mg/L,FALSE,FALSE,WB087,Water chem site C,additional,47.047952,-84.394833,Wishart Lake
CHL0326,ST096,1998-08-17,2,NA,1000,9.2,0.002,0.068,0.019,0.017,6.74,6.97,Composite Tube/Tube composite,mg/L,FALSE,FALSE,WB087,Water chem site C,additional,47.047952,-84.394833,Wishart Lake
CHL0327,ST093,1998-08-17,1,NA,1000,13.5,0.001,0.012,0.004,0.004,1.65,1.7,Composite Tube/Tube composite,mg/L,FALSE,FALSE,WB085,Water chem site A,additional,47.067218,-84.395036,Upper Batchawana Lake
CHL0328,ST093,1998-08-17,2,NA,1000,11.3,0.002,0.012,0.005,0.005,1.25,1.29,Composite Tube/Tube composite,mg/L,FALSE,FALSE,WB085,Water chem site A,additional,47.067218,-84.395036,Upper Batchawana Lake
CHL0329,ST095,1998-08-17,1,NA,1000,9.8,0.001,0.072,0.02,0.018,7.71,7.97,Composite Tube/Tube composite,mg/L,FALSE,FALSE,WB087,Buoy/Water chem site B,main,47.049274,-84.399988,Wishart Lake
CHL0330,ST095,1998-08-17,2,NA,1000,9.6,0,0.073,0.019,0.017,7.78,8.04,Composite Tube/Tube composite,mg/L,FALSE,FALSE,WB087,Buoy/Water chem site B,main,47.049274,-84.399988,Wishart Lake
CHL0331,ST097,1998-08-17,1,NA,1000,13.2,0.001,0.049,0.014,0.012,7.02,7.26,Composite Tube/Tube composite,mg/L,FALSE,FALSE,WB087,Water chem site A,additional,47.050943,-84.401391,Wishart Lake
CHL0332,ST097,1998-08-17,2,NA,1000,10.2,0.003,0.062,0.017,0.014,6.71,6.92,Composite Tube/Tube composite,mg/L,FALSE,FALSE,WB087,Water chem site A,additional,47.050943,-84.401391,Wishart Lake
CHL0333,ST066,1998-08-17,1,NA,1000,9.3,0.003,0.039,0.014,0.011,3.68,3.82,Composite Tube/Tube composite,mg/L,FALSE,FALSE,WB065,Water chem site A,additional,47.25194444,-83.86722222,Little Turkey Lake
CHL0334,ST066,1998-08-17,2,NA,1000,13.4,0.001,0.014,0.005,0.003,1.91,1.98,Composite Tube/Tube composite,mg/L,FALSE,FALSE,WB065,Water chem site A,additional,47.25194444,-83.86722222,Little Turkey Lake
CHL0335,ST065,1998-08-17,1,NA,1000,13.9,0.002,0.011,0.005,0.004,1.37,1.42,Composite Tube/Tube composite,mg/L,FALSE,FALSE,WB065,Center Buoy/Water chem site B,main,47.043396,-84.408613,Little Turkey Lake
CHL0336,ST065,1998-08-17,2,NA,1000,13,0.001,0.012,0.004,0.003,1.58,1.64,Composite Tube/Tube composite,mg/L,FALSE,FALSE,WB065,Center Buoy/Water chem site B,main,47.043396,-84.408613,Little Turkey Lake
CHL0337,ST067,1998-08-17,1,NA,1000,10.3,0.002,0.016,0.006,0.004,1.59,1.65,Composite Tube/Tube composite,mg/L,FALSE,FALSE,WB065,Water chem site C,additional,47.041501,-84.409174,Little Turkey Lake
CHL0338,ST067,1998-08-17,2,NA,800,11,0.001,0.01,0.003,0.002,1.38,1.43,Composite Tube/Tube composite,mg/L,FALSE,FALSE,WB065,Water chem site C,additional,47.041501,-84.409174,Little Turkey Lake
CHL0339,ST079,1998-08-18,1,NA,1000,11.1,0,0.017,0.005,0.003,2.08,2.15,Composite Tube/Tube composite,mg/L,TRUE,FALSE,WB075,Center Buoy/Water chem site B,main,46.73133333,-84.22058333,Quinn Lake
CHL0340,ST069,1998-09-02,1,NA,1000,10.8,0.002,0.011,0.004,0.002,1.08,1.12,Composite Tube/Tube composite,mg/L,FALSE,FALSE,WB066,Water chem site C,additional,47.062728,-84.388918,Lower Batchawana Lake
CHL0341,ST069,1998-09-02,2,NA,1000,10.6,0.003,0.014,0.007,0.005,1.27,1.32,Composite Tube/Tube composite,mg/L,FALSE,FALSE,WB066,Water chem site C,additional,47.062728,-84.388918,Lower Batchawana Lake
CHL0342,ST068,1998-09-02,1,NA,1000,12,0.001,0.01,0.004,0.002,1.18,1.23,Composite Tube/Tube composite,mg/L,FALSE,FALSE,WB066,Center Buoy/Water chem site B,main,47.06338,-84.390411,Lower Batchawana Lake
CHL0343,ST068,1998-09-02,2,NA,1000,10.3,0.001,0.014,0.004,0.002,1.49,1.54,Composite Tube/Tube composite,mg/L,FALSE,FALSE,WB066,Center Buoy/Water chem site B,main,47.06338,-84.390411,Lower Batchawana Lake
CHL0344,ST070,1998-09-02,1,NA,1000,10.8,0.002,0.013,0.004,0.003,1.34,1.38,Composite Tube/Tube composite,mg/L,FALSE,FALSE,WB066,Water chem site A,additional,47.064197,-84.392044,Lower Batchawana Lake
CHL0345,ST070,1998-09-02,2,NA,1000,12.8,0.002,0.011,0.004,0.003,1.29,1.33,Composite Tube/Tube composite,mg/L,FALSE,FALSE,WB066,Water chem site A,additional,47.064197,-84.392044,Lower Batchawana Lake
CHL0346,ST092,1998-09-02,1,NA,1000,13.1,0.004,0.06,0.019,0.015,8.13,8.4,Composite Tube/Tube composite,mg/L,FALSE,FALSE,WB085,Water chem site C,additional,47.065874,-84.39364,Upper Batchawana Lake
CHL0347,ST092,1998-09-02,2,NA,1000,11,0.004,0.016,0.006,0.005,1.49,1.53,Composite Tube/Tube composite,mg/L,FALSE,FALSE,WB085,Water chem site C,additional,47.065874,-84.39364,Upper Batchawana Lake
CHL0348,ST091,1998-09-02,1,NA,1000,10.9,0.001,0.018,0.006,0.007,2.05,2.12,Composite Tube/Tube composite,mg/L,FALSE,FALSE,WB085,Center Buoy/Water chem site B,main,47.066412,-84.394125,Upper Batchawana Lake
CHL0349,ST091,1998-09-02,2,NA,1000,10.4,0.002,0.015,0.006,0.004,1.49,1.54,Composite Tube/Tube composite,mg/L,FALSE,FALSE,WB085,Center Buoy/Water chem site B,main,47.066412,-84.394125,Upper Batchawana Lake
CHL0350,ST096,1998-09-02,1,NA,1000,9,0.002,0.061,0.015,0.015,5.94,6.12,Composite Tube/Tube composite,mg/L,FALSE,FALSE,WB087,Water chem site C,additional,47.047952,-84.394833,Wishart Lake
CHL0351,ST096,1998-09-02,2,1,500,11.8,0.005,0.031,0.01,0.01,6.9,7.1,Composite Tube/Tube composite,mg/L,FALSE,FALSE,WB087,Water chem site C,additional,47.047952,-84.394833,Wishart Lake
CHL0352,ST096,1998-09-02,2,2,500,12.8,0.003,0.028,0.008,0.008,7.19,7.4,Composite Tube/Tube composite,mg/L,FALSE,FALSE,WB087,Water chem site C,additional,47.047952,-84.394833,Wishart Lake
CHL0353,ST093,1998-09-02,1,NA,1000,10.3,0.001,0.015,0.004,0.005,1.62,1.66,Composite Tube/Tube composite,mg/L,FALSE,FALSE,WB085,Water chem site A,additional,47.067218,-84.395036,Upper Batchawana Lake
CHL0354,ST093,1998-09-02,2,NA,1000,9.5,0.002,0.018,0.006,0.004,1.69,1.74,Composite Tube/Tube composite,mg/L,FALSE,FALSE,WB085,Water chem site A,additional,47.067218,-84.395036,Upper Batchawana Lake
CHL0355,ST095,1998-09-02,1,NA,1000,12,0.003,0.052,0.014,0.014,6.57,6.78,Composite Tube/Tube composite,mg/L,FALSE,FALSE,WB087,Buoy/Water chem site B,main,47.049274,-84.399988,Wishart Lake
CHL0356,ST095,1998-09-02,2,NA,1000,10.7,0.002,0.056,0.014,0.013,6.46,6.66,Composite Tube/Tube composite,mg/L,FALSE,FALSE,WB087,Buoy/Water chem site B,main,47.049274,-84.399988,Wishart Lake
CHL0357,ST097,1998-09-02,1,NA,1000,11.1,0.002,0.055,0.016,0.015,6.53,6.74,Composite Tube/Tube composite,mg/L,FALSE,FALSE,WB087,Water chem site A,additional,47.050943,-84.401391,Wishart Lake
CHL0358,ST097,1998-09-02,2,NA,1000,10.5,0.001,0.059,0.016,0.014,6.76,6.99,Composite Tube/Tube composite,mg/L,FALSE,FALSE,WB087,Water chem site A,additional,47.050943,-84.401391,Wishart Lake
CHL0359,ST066,1998-09-02,1,NA,1000,11.6,0.002,0.017,0.007,0.005,1.9,1.98,Composite Tube/Tube composite,mg/L,FALSE,FALSE,WB065,Water chem site A,additional,47.25194444,-83.86722222,Little Turkey Lake
CHL0360,ST066,1998-09-02,2,NA,1000,14.1,0.002,0.017,0.007,0.008,2.32,2.4,Composite Tube/Tube composite,mg/L,FALSE,FALSE,WB065,Water chem site A,additional,47.25194444,-83.86722222,Little Turkey Lake
CHL0361,ST065,1998-09-02,1,NA,1000,11.2,0.01,0.027,0.014,0.013,2.12,2.19,Composite Tube/Tube composite,mg/L,FALSE,FALSE,WB065,Center Buoy/Water chem site B,main,47.043396,-84.408613,Little Turkey Lake
CHL0362,ST065,1998-09-02,2,NA,1000,11.5,0.001,0.017,0.005,0.004,2.05,2.11,Composite Tube/Tube composite,mg/L,FALSE,FALSE,WB065,Center Buoy/Water chem site B,main,47.043396,-84.408613,Little Turkey Lake
CHL0363,ST067,1998-09-02,1,NA,1000,11,0.004,0.02,0.008,0.006,1.96,2.02,Composite Tube/Tube composite,mg/L,FALSE,FALSE,WB065,Water chem site C,additional,47.041501,-84.409174,Little Turkey Lake
CHL0364,ST067,1998-09-02,2,NA,1000,12.8,0.004,0.019,0.008,0.008,2.13,2.2,Composite Tube/Tube composite,mg/L,FALSE,FALSE,WB065,Water chem site C,additional,47.041501,-84.409174,Little Turkey Lake
CHL0365,ST079,1998-09-03,1,NA,1000,11.7,0.001,0.025,0.007,0.006,3.12,3.22,Composite Tube/Tube composite,mg/L,TRUE,FALSE,WB075,Center Buoy/Water chem site B,main,46.73133333,-84.22058333,Quinn Lake
CHL0366,ST079,1998-09-03,2,NA,1000,9.5,0.013,0.045,0.025,0.024,3.3,3.44,Composite Tube/Tube composite,mg/L,TRUE,FALSE,WB075,Center Buoy/Water chem site B,main,46.73133333,-84.22058333,Quinn Lake
CHL0367,ST080,1998-09-03,1,NA,1000,13.2,0.009,0.034,0.017,0.015,3.62,3.75,Composite Tube/Tube composite,mg/L,TRUE,FALSE,WB075,Water chem site A,additional,46.730039,-84.22286,Quinn Lake
CHL0368,ST080,1998-09-03,2,NA,1000,10.2,0.004,0.036,0.01,0.01,3.67,3.78,Composite Tube/Tube composite,mg/L,TRUE,FALSE,WB075,Water chem site A,additional,46.730039,-84.22286,Quinn Lake
CHL0369,ST081,1998-09-03,1,NA,1000,10.5,0.001,0.033,0.009,0.008,3.74,3.86,Composite Tube/Tube composite,mg/L,TRUE,FALSE,WB075,Water chem site C,additional,46.731395,-84.222902,Quinn Lake
CHL0370,ST081,1998-09-03,2,NA,1000,9.8,0.001,0.033,0.009,0.008,3.49,3.6,Composite Tube/Tube composite,mg/L,TRUE,FALSE,WB075,Water chem site C,additional,46.731395,-84.222902,Quinn Lake
CHL0371,ST079,1998-09-14,1,NA,1000,11.8,0,0.028,0.007,0.006,3.67,3.79,Composite Tube/Tube composite,mg/L,TRUE,FALSE,WB075,Center Buoy/Water chem site B,main,46.73133333,-84.22058333,Quinn Lake
CHL0372,ST079,1998-09-14,2,NA,1000,9.3,0.002,0.037,0.012,0.01,3.6,3.72,Composite Tube/Tube composite,mg/L,TRUE,FALSE,WB075,Center Buoy/Water chem site B,main,46.73133333,-84.22058333,Quinn Lake
CHL0373,ST080,1998-09-14,1,NA,1000,10.3,0.002,0.041,0.013,0.014,4.44,4.6,Composite Tube/Tube composite,mg/L,TRUE,FALSE,WB075,Water chem site A,additional,46.730039,-84.22286,Quinn Lake
CHL0374,ST080,1998-09-14,2,NA,1000,9.6,0.001,0.042,0.011,0.01,4.38,4.52,Composite Tube/Tube composite,mg/L,TRUE,FALSE,WB075,Water chem site A,additional,46.730039,-84.22286,Quinn Lake
CHL0375,ST081,1998-09-14,1,NA,1000,11.3,0.001,0.038,0.009,0.009,4.68,4.82,Composite Tube/Tube composite,mg/L,TRUE,FALSE,WB075,Water chem site C,additional,46.731395,-84.222902,Quinn Lake
CHL0376,ST081,1998-09-14,2,NA,1000,12.8,0.001,0.03,0.008,0.005,4.13,4.26,Composite Tube/Tube composite,mg/L,TRUE,FALSE,WB075,Water chem site C,additional,46.731395,-84.222902,Quinn Lake
CHL0377,ST069,1998-09-15,2,NA,980,13.2,0.002,0.012,0.005,0.005,1.48,1.54,Composite Tube/Tube composite,mg/L,FALSE,FALSE,WB066,Water chem site C,additional,47.062728,-84.388918,Lower Batchawana Lake
CHL0378,ST070,1998-09-15,1,NA,1000,12.8,0.001,0.011,0.003,0.002,1.44,1.48,Composite Tube/Tube composite,mg/L,FALSE,FALSE,WB066,Water chem site A,additional,47.064197,-84.392044,Lower Batchawana Lake
CHL0379,ST070,1998-09-15,2,NA,1000,12,0.004,0.013,0.006,0.004,1.21,1.24,Composite Tube/Tube composite,mg/L,FALSE,FALSE,WB066,Water chem site A,additional,47.064197,-84.392044,Lower Batchawana Lake
CHL0380,ST092,1998-09-15,1,NA,1000,9.2,0,0.031,0.011,0.007,3.11,3.23,Composite Tube/Tube composite,mg/L,FALSE,FALSE,WB085,Water chem site C,additional,47.065874,-84.39364,Upper Batchawana Lake
CHL0381,ST091,1998-09-15,1,NA,1000,9.9,0.001,0.012,0.004,0.004,1.21,1.25,Composite Tube/Tube composite,mg/L,FALSE,FALSE,WB085,Center Buoy/Water chem site B,main,47.066412,-84.394125,Upper Batchawana Lake
CHL0382,ST091,1998-09-15,2,NA,1000,10.4,0.001,0.01,0.006,0.004,0.98,1.03,Composite Tube/Tube composite,mg/L,FALSE,FALSE,WB085,Center Buoy/Water chem site B,main,47.066412,-84.394125,Upper Batchawana Lake
CHL0383,ST093,1998-09-15,1,NA,1000,9.5,0.001,0.012,0.007,0.004,1.1,1.15,Composite Tube/Tube composite,mg/L,FALSE,FALSE,WB085,Water chem site A,additional,47.067218,-84.395036,Upper Batchawana Lake
CHL0384,ST093,1998-09-15,2,NA,1000,10.9,0.002,0.013,0.004,0.004,1.35,1.39,Composite Tube/Tube composite,mg/L,FALSE,FALSE,WB085,Water chem site A,additional,47.067218,-84.395036,Upper Batchawana Lake
CHL0385,ST096,1998-09-16,1,1,500,12.2,0.001,0.02,0.006,0.005,5.14,5.31,Composite Tube/Tube composite,mg/L,FALSE,FALSE,WB087,Water chem site C,additional,47.047952,-84.394833,Wishart Lake
CHL0386,ST096,1998-09-16,1,2,500,10.8,0.002,0.022,0.006,0.005,4.85,4.99,Composite Tube/Tube composite,mg/L,FALSE,FALSE,WB087,Water chem site C,additional,47.047952,-84.394833,Wishart Lake
CHL0387,ST096,1998-09-16,2,1,500,12.3,0.001,0.02,0.01,0.01,4.98,5.22,Composite Tube/Tube composite,mg/L,FALSE,FALSE,WB087,Water chem site C,additional,47.047952,-84.394833,Wishart Lake
CHL0388,ST096,1998-09-16,2,2,500,9,0,0.026,0.007,0.006,5.19,5.36,Composite Tube/Tube composite,mg/L,FALSE,FALSE,WB087,Water chem site C,additional,47.047952,-84.394833,Wishart Lake
CHL0389,ST095,1998-09-16,1,1,500,10.3,0,0.024,0.006,0.005,5.5,5.68,Composite Tube/Tube composite,mg/L,FALSE,FALSE,WB087,Buoy/Water chem site B,main,47.049274,-84.399988,Wishart Lake
CHL0390,ST095,1998-09-16,1,2,500,12,0.001,0.022,0.006,0.006,5.62,5.8,Composite Tube/Tube composite,mg/L,FALSE,FALSE,WB087,Buoy/Water chem site B,main,47.049274,-84.399988,Wishart Lake
CHL0391,ST095,1998-09-16,2,1,500,10.6,0.002,0.024,0.006,0.005,5.25,5.4,Composite Tube/Tube composite,mg/L,FALSE,FALSE,WB087,Buoy/Water chem site B,main,47.049274,-84.399988,Wishart Lake
CHL0392,ST095,1998-09-16,2,2,500,10.4,0.002,0.022,0.009,0.008,4.54,4.72,Composite Tube/Tube composite,mg/L,FALSE,FALSE,WB087,Buoy/Water chem site B,main,47.049274,-84.399988,Wishart Lake
CHL0393,ST097,1998-09-16,1,1,500,11,0.001,0.031,0.009,0.007,7.32,7.56,Composite Tube/Tube composite,mg/L,FALSE,FALSE,WB087,Water chem site A,additional,47.050943,-84.401391,Wishart Lake
CHL0394,ST097,1998-09-16,1,2,500,13.5,0.001,0.018,0.005,0.005,5.12,5.28,Composite Tube/Tube composite,mg/L,FALSE,FALSE,WB087,Water chem site A,additional,47.050943,-84.401391,Wishart Lake
CHL0395,ST097,1998-09-16,2,1,500,12.1,0.01,0.036,0.016,0.014,7.02,7.24,Composite Tube/Tube composite,mg/L,FALSE,FALSE,WB087,Water chem site A,additional,47.050943,-84.401391,Wishart Lake
CHL0396,ST097,1998-09-16,2,2,500,10.2,0.001,0.026,0.007,0.006,5.68,5.86,Composite Tube/Tube composite,mg/L,FALSE,FALSE,WB087,Water chem site A,additional,47.050943,-84.401391,Wishart Lake
CHL0397,ST066,1998-09-17,1,NA,1000,11.7,0,0.016,0.004,0.002,2.08,2.15,Composite Tube/Tube composite,mg/L,FALSE,FALSE,WB065,Water chem site A,additional,47.25194444,-83.86722222,Little Turkey Lake
CHL0398,ST066,1998-09-17,2,NA,1000,12,0,0.018,0.004,0.003,2.41,2.49,Composite Tube/Tube composite,mg/L,FALSE,FALSE,WB065,Water chem site A,additional,47.25194444,-83.86722222,Little Turkey Lake
CHL0399,ST065,1998-09-17,1,NA,1000,14.5,0.002,0.017,0.007,0.011,2.39,2.48,Composite Tube/Tube composite,mg/L,FALSE,FALSE,WB065,Center Buoy/Water chem site B,main,47.043396,-84.408613,Little Turkey Lake
CHL0400,ST065,1998-09-17,2,NA,1000,11.7,0,0.016,0.002,0.003,2.13,2.19,Composite Tube/Tube composite,mg/L,FALSE,FALSE,WB065,Center Buoy/Water chem site B,main,47.043396,-84.408613,Little Turkey Lake
CHL0401,ST067,1998-09-17,1,NA,1000,10,0.002,0.022,0.006,0.006,2.25,2.31,Composite Tube/Tube composite,mg/L,FALSE,FALSE,WB065,Water chem site C,additional,47.041501,-84.409174,Little Turkey Lake
CHL0402,ST067,1998-09-17,2,NA,1000,10.9,0.001,0.019,0.003,0.004,2.24,2.29,Composite Tube/Tube composite,mg/L,FALSE,FALSE,WB065,Water chem site C,additional,47.041501,-84.409174,Little Turkey Lake
CHL0403,ST096,1998-10-05,2,NA,1000,9,0.002,0.088,0.025,0.022,8.58,8.87,NA,mg/L,FALSE,FALSE,WB087,Water chem site C,additional,47.047952,-84.394833,Wishart Lake
CHL0404,ST095,1998-10-05,1,NA,1000,9.2,0.001,0.087,0.025,0.022,8.75,9.05,NA,mg/L,FALSE,FALSE,WB087,Buoy/Water chem site B,main,47.049274,-84.399988,Wishart Lake
CHL0405,ST095,1998-10-05,2,NA,1000,10.4,0.003,0.076,0.02,0.019,8.47,8.74,NA,mg/L,FALSE,FALSE,WB087,Buoy/Water chem site B,main,47.049274,-84.399988,Wishart Lake
CHL0406,ST097,1998-10-05,1,NA,1000,9.7,0.003,0.074,0.022,0.019,7.63,7.89,NA,mg/L,FALSE,FALSE,WB087,Water chem site A,additional,47.050943,-84.401391,Wishart Lake
CHL0407,ST097,1998-10-05,2,NA,1000,9.3,0.003,0.083,0.025,0.021,8.23,8.51,NA,mg/L,FALSE,FALSE,WB087,Water chem site A,additional,47.050943,-84.401391,Wishart Lake
CHL0408,ST066,1998-10-05,1,NA,1000,12.3,0.001,0.017,0.005,0.005,2.19,2.26,NA,mg/L,FALSE,FALSE,WB065,Water chem site A,additional,47.25194444,-83.86722222,Little Turkey Lake
CHL0409,ST066,1998-10-05,2,NA,1000,12.6,0.001,0.016,0.007,0.006,2.04,2.13,NA,mg/L,FALSE,FALSE,WB065,Water chem site A,additional,47.25194444,-83.86722222,Little Turkey Lake
CHL0410,ST067,1998-10-05,1,NA,1000,11,0.001,0.07,0.019,0.018,8.43,8.7,NA,mg/L,FALSE,FALSE,WB065,Water chem site C,additional,47.041501,-84.409174,Little Turkey Lake
CHL0411,ST067,1998-10-05,2,NA,1000,9.9,0.001,0.022,0.006,0.006,2.32,2.39,NA,mg/L,FALSE,FALSE,WB065,Water chem site C,additional,47.041501,-84.409174,Little Turkey Lake
CHL0412,ST079,1998-10-06,2,NA,1000,9.4,0.003,0.043,0.013,0.012,4.18,4.32,Composite Tube/Tube composite,mg/L,TRUE,FALSE,WB075,Center Buoy/Water chem site B,main,46.73133333,-84.22058333,Quinn Lake
CHL0413,ST080,1998-10-06,1,NA,1000,9.5,0.006,0.044,0.019,0.018,3.95,4.1,Composite Tube/Tube composite,mg/L,TRUE,FALSE,WB075,Water chem site A,additional,46.730039,-84.22286,Quinn Lake
CHL0414,ST080,1998-10-06,2,NA,1000,9.5,0.006,0.046,0.02,0.02,4.15,4.31,Composite Tube/Tube composite,mg/L,TRUE,FALSE,WB075,Water chem site A,additional,46.730039,-84.22286,Quinn Lake
CHL0415,ST081,1998-10-06,1,NA,1000,8.8,0.003,0.038,0.011,0.01,3.44,3.55,Composite Tube/Tube composite,mg/L,TRUE,FALSE,WB075,Water chem site C,additional,46.731395,-84.222902,Quinn Lake
CHL0416,ST081,1998-10-06,2,NA,1000,9.6,0.002,0.032,0.011,0.01,3.17,3.29,Composite Tube/Tube composite,mg/L,TRUE,FALSE,WB075,Water chem site C,additional,46.731395,-84.222902,Quinn Lake
CHL0417,ST069,1998-10-06,1,NA,1000,9.5,0.01,0.02,0.012,0.012,1.07,1.1,Composite Tube/Tube composite,mg/L,FALSE,FALSE,WB066,Water chem site C,additional,47.062728,-84.388918,Lower Batchawana Lake
CHL0418,ST069,1998-10-06,2,NA,1000,9.8,0.004,0.015,0.008,0.009,1.18,1.22,Composite Tube/Tube composite,mg/L,FALSE,FALSE,WB066,Water chem site C,additional,47.062728,-84.388918,Lower Batchawana Lake
CHL0419,ST068,1998-10-06,1,NA,1000,9.8,0.004,0.015,0.007,0.007,1.19,1.23,Composite Tube/Tube composite,mg/L,FALSE,FALSE,WB066,Center Buoy/Water chem site B,main,47.06338,-84.390411,Lower Batchawana Lake
CHL0420,ST068,1998-10-06,2,NA,1000,11,0.003,0.009,0.004,0.002,0.74,0.76,Composite Tube/Tube composite,mg/L,FALSE,FALSE,WB066,Center Buoy/Water chem site B,main,47.06338,-84.390411,Lower Batchawana Lake
CHL0421,ST070,1998-10-06,1,NA,1000,10.8,0.002,0.008,0.004,0.002,0.71,0.73,Composite Tube/Tube composite,mg/L,FALSE,FALSE,WB066,Water chem site A,additional,47.064197,-84.392044,Lower Batchawana Lake
CHL0422,ST070,1998-10-06,2,NA,1000,14.5,0.006,0.013,0.009,0.009,1.09,1.14,Composite Tube/Tube composite,mg/L,FALSE,FALSE,WB066,Water chem site A,additional,47.064197,-84.392044,Lower Batchawana Lake
CHL0423,ST092,1998-10-06,1,NA,1000,11.1,0.003,0.009,0.005,0.003,0.73,0.76,Composite Tube/Tube composite,mg/L,FALSE,FALSE,WB085,Water chem site C,additional,47.065874,-84.39364,Upper Batchawana Lake
CHL0424,ST092,1998-10-06,2,NA,1000,9,0.002,0.012,0.004,0.002,1.01,1.04,Composite Tube/Tube composite,mg/L,FALSE,FALSE,WB085,Water chem site C,additional,47.065874,-84.39364,Upper Batchawana Lake
CHL0425,ST091,1998-10-06,1,NA,1000,10.1,0.002,0.011,0.004,0.004,1.02,1.05,Composite Tube/Tube composite,mg/L,FALSE,FALSE,WB085,Center Buoy/Water chem site B,main,47.066412,-84.394125,Upper Batchawana Lake
CHL0426,ST091,1998-10-06,2,NA,1000,9.3,0.001,0.011,0.005,0.004,1,1.05,Composite Tube/Tube composite,mg/L,FALSE,FALSE,WB085,Center Buoy/Water chem site B,main,47.066412,-84.394125,Upper Batchawana Lake
CHL0427,ST093,1998-10-06,1,NA,1000,10,0.004,0.017,0.007,0.008,1.45,1.5,Composite Tube/Tube composite,mg/L,FALSE,FALSE,WB085,Water chem site A,additional,47.067218,-84.395036,Upper Batchawana Lake
CHL0428,ST093,1998-10-06,2,NA,1000,10.9,0.002,0.009,0.003,0.003,0.87,0.89,Composite Tube/Tube composite,mg/L,FALSE,FALSE,WB085,Water chem site A,additional,47.067218,-84.395036,Upper Batchawana Lake
CHL0429,ST065,1998-10-06,1,NA,1000,9.5,0.003,0.021,0.007,0.006,1.91,1.97,Composite Tube/Tube composite,mg/L,FALSE,FALSE,WB065,Center Buoy/Water chem site B,main,47.043396,-84.408613,Little Turkey Lake
CHL0430,ST065,1998-10-06,2,NA,1000,9.5,0.003,0.023,0.008,0.007,2.11,2.18,Composite Tube/Tube composite,mg/L,FALSE,FALSE,WB065,Center Buoy/Water chem site B,main,47.043396,-84.408613,Little Turkey Lake
CHL0431,ST067,1998-10-06,2,NA,1000,12.5,0,0.016,0.005,0.005,2.2,2.28,Composite Tube/Tube composite,mg/L,FALSE,FALSE,WB065,Water chem site C,additional,47.041501,-84.409174,Little Turkey Lake
CHL0432,ST069,1998-11-04,1,NA,1000,9.4,0.002,0.008,0.003,0.002,0.64,0.65,Composite Tube/Tube composite,mg/L,FALSE,FALSE,WB066,Water chem site C,additional,47.062728,-84.388918,Lower Batchawana Lake
CHL0433,ST069,1998-11-04,2,NA,1000,10.9,0.003,0.012,0.004,0.003,1.12,1.15,Composite Tube/Tube composite,mg/L,FALSE,FALSE,WB066,Water chem site C,additional,47.062728,-84.388918,Lower Batchawana Lake
CHL0434,ST068,1998-11-04,2,NA,1000,9.6,0.001,0.008,0.004,0.002,0.72,0.75,Composite Tube/Tube composite,mg/L,FALSE,FALSE,WB066,Center Buoy/Water chem site B,main,47.06338,-84.390411,Lower Batchawana Lake
CHL0435,ST068,1998-11-04,1,NA,1000,9.2,0.001,0.007,0.003,0.002,0.6,0.63,Composite Tube/Tube composite,mg/L,FALSE,FALSE,WB066,Center Buoy/Water chem site B,main,47.06338,-84.390411,Lower Batchawana Lake
CHL0436,ST070,1998-11-04,1,NA,1000,9.7,0.001,0.004,0.002,0.002,0.32,0.33,Composite Tube/Tube composite,mg/L,FALSE,FALSE,WB066,Water chem site A,additional,47.064197,-84.392044,Lower Batchawana Lake
CHL0437,ST070,1998-11-04,2,NA,1000,11.5,0.001,0.007,0.001,0,0.8,0.82,Composite Tube/Tube composite,mg/L,FALSE,FALSE,WB066,Water chem site A,additional,47.064197,-84.392044,Lower Batchawana Lake
CHL0438,ST091,1998-11-04,1,NA,1000,9.3,0.004,0.014,0.006,0.008,1.05,1.08,Composite Tube/Tube composite,mg/L,FALSE,FALSE,WB085,Center Buoy/Water chem site B,main,47.066412,-84.394125,Upper Batchawana Lake
CHL0439,ST091,1998-11-04,2,NA,1000,10.1,0.003,0.012,0.003,0.002,1.06,1.08,Composite Tube/Tube composite,mg/L,FALSE,FALSE,WB085,Center Buoy/Water chem site B,main,47.066412,-84.394125,Upper Batchawana Lake
CHL0440,ST096,1998-11-04,1,NA,1000,10,0.01,0.045,0.023,0.023,3.81,3.96,Composite Tube/Tube composite,mg/L,FALSE,FALSE,WB087,Water chem site C,additional,47.047952,-84.394833,Wishart Lake
CHL0441,ST096,1998-11-04,2,NA,1000,9.1,0.003,0.063,0.018,0.016,6.07,6.27,Composite Tube/Tube composite,mg/L,FALSE,FALSE,WB087,Water chem site C,additional,47.047952,-84.394833,Wishart Lake
CHL0442,ST093,1998-11-04,1,NA,1000,11.1,0.018,0.03,0.022,0.02,1.46,1.51,Composite Tube/Tube composite,mg/L,FALSE,FALSE,WB085,Water chem site A,additional,47.067218,-84.395036,Upper Batchawana Lake
CHL0443,ST093,1998-11-04,2,NA,1000,10.6,0,0.008,0.002,0,0.94,0.97,Composite Tube/Tube composite,mg/L,FALSE,FALSE,WB085,Water chem site A,additional,47.067218,-84.395036,Upper Batchawana Lake
CHL0444,ST095,1998-11-04,1,NA,1000,9.4,0.002,0.058,0.015,0.015,5.88,6.06,Composite Tube/Tube composite,mg/L,FALSE,FALSE,WB087,Buoy/Water chem site B,main,47.049274,-84.399988,Wishart Lake
CHL0445,ST095,1998-11-04,2,NA,1000,12.7,0.004,0.047,0.015,0.014,6.07,6.27,Composite Tube/Tube composite,mg/L,FALSE,FALSE,WB087,Buoy/Water chem site B,main,47.049274,-84.399988,Wishart Lake
CHL0446,ST097,1998-11-04,1,NA,1000,10.2,0,0.047,0.013,0.011,5.31,5.49,Composite Tube/Tube composite,mg/L,FALSE,FALSE,WB087,Water chem site A,additional,47.050943,-84.401391,Wishart Lake
CHL0447,ST097,1998-11-04,2,NA,1000,11.4,0.005,0.042,0.016,0.016,4.65,4.82,Composite Tube/Tube composite,mg/L,FALSE,FALSE,WB087,Water chem site A,additional,47.050943,-84.401391,Wishart Lake
CHL0448,ST066,1998-11-04,1,NA,1000,10.5,0,0.015,0.004,0.003,1.75,1.8,Composite Tube/Tube composite,mg/L,FALSE,FALSE,WB065,Water chem site A,additional,47.25194444,-83.86722222,Little Turkey Lake
CHL0449,ST066,1998-11-04,2,NA,1000,9.5,0,0.016,0.005,0.004,1.67,1.73,Composite Tube/Tube composite,mg/L,FALSE,FALSE,WB065,Water chem site A,additional,47.25194444,-83.86722222,Little Turkey Lake
CHL0450,ST065,1998-11-04,2,NA,1000,10.4,0,0.014,0.004,0.004,1.61,1.66,Composite Tube/Tube composite,mg/L,FALSE,FALSE,WB065,Center Buoy/Water chem site B,main,47.043396,-84.408613,Little Turkey Lake
CHL0451,ST065,1998-11-04,1,NA,1000,10,0,0.014,0.004,0.003,1.55,1.6,Composite Tube/Tube composite,mg/L,FALSE,FALSE,WB065,Center Buoy/Water chem site B,main,47.043396,-84.408613,Little Turkey Lake
CHL0452,ST067,1998-11-04,1,NA,1000,10.3,0,0.016,0.006,0.005,1.79,1.86,Composite Tube/Tube composite,mg/L,FALSE,FALSE,WB065,Water chem site C,additional,47.041501,-84.409174,Little Turkey Lake
CHL0453,ST067,1998-11-04,2,NA,1000,9.5,0.002,0.015,0.004,0.004,1.4,1.44,Composite Tube/Tube composite,mg/L,FALSE,FALSE,WB065,Water chem site C,additional,47.041501,-84.409174,Little Turkey Lake
CHL0454,ST079,1998-11-12,1,NA,1000,9.5,0.002,0.106,0.025,0.025,11.05,11.39,Composite Tube/Tube composite,mg/L,TRUE,FALSE,WB075,Center Buoy/Water chem site B,main,46.73133333,-84.22058333,Quinn Lake
CHL0455,ST079,1998-11-12,2,NA,1000,10.8,0.002,0.09,0.024,0.021,10.57,10.91,Composite Tube/Tube composite,mg/L,TRUE,FALSE,WB075,Center Buoy/Water chem site B,main,46.73133333,-84.22058333,Quinn Lake
CHL0456,ST080,1998-11-12,1,NA,1000,9.6,0.002,0.112,0.029,0.026,11.76,12.13,Composite Tube/Tube composite,mg/L,TRUE,FALSE,WB075,Water chem site A,additional,46.730039,-84.22286,Quinn Lake
CHL0457,ST080,1998-11-12,2,NA,1000,9.9,0.002,0.11,0.028,0.026,11.91,12.29,Composite Tube/Tube composite,mg/L,TRUE,FALSE,WB075,Water chem site A,additional,46.730039,-84.22286,Quinn Lake
CHL0458,ST081,1998-11-12,1,NA,1000,9.6,0.002,0.105,0.027,0.024,11.01,11.36,Composite Tube/Tube composite,mg/L,TRUE,FALSE,WB075,Water chem site C,additional,46.731395,-84.222902,Quinn Lake
CHL0459,ST081,1998-11-12,2,NA,1000,12,0.001,0.077,0.02,0.017,10.14,10.47,Composite Tube/Tube composite,mg/L,TRUE,FALSE,WB075,Water chem site C,additional,46.731395,-84.222902,Quinn Lake
CHL0460,ST068,1999-02-23,1,NA,1000,10.7,0,0.004,0.001,0,0.48,0.49,Composite Tube/Tube composite,mg/L,FALSE,FALSE,WB066,Center Buoy/Water chem site B,main,47.06338,-84.390411,Lower Batchawana Lake
CHL0461,ST068,1999-02-23,2,NA,1000,13,0,0.002,0.001,0.001,0.28,0.29,Composite Tube/Tube composite,mg/L,FALSE,FALSE,WB066,Center Buoy/Water chem site B,main,47.06338,-84.390411,Lower Batchawana Lake
CHL0462,ST068,1999-02-23,3,NA,1000,12.3,0,0.002,0.001,0.001,0.26,0.27,Composite Tube/Tube composite,mg/L,FALSE,FALSE,WB066,Center Buoy/Water chem site B,main,47.06338,-84.390411,Lower Batchawana Lake
CHL0463,ST065,1999-02-23,1,NA,1000,11.2,0,0,0,0.001,0,0,Composite Tube/Tube composite,mg/L,FALSE,FALSE,WB065,Center Buoy/Water chem site B,main,47.043396,-84.408613,Little Turkey Lake
CHL0464,ST065,1999-02-23,3,NA,1000,12.3,0.003,0.005,0.004,0.004,0.26,0.27,Composite Tube/Tube composite,mg/L,FALSE,FALSE,WB065,Center Buoy/Water chem site B,main,47.043396,-84.408613,Little Turkey Lake
CHL0465,ST079,1999-03-03,1,NA,1000,12.1,0.001,0.016,0.009,0.01,1.91,2.01,Composite Tube/Tube composite,mg/L,TRUE,FALSE,WB075,Center Buoy/Water chem site B,main,46.73133333,-84.22058333,Quinn Lake
CHL0466,ST079,1999-03-03,2,NA,1000,11.6,0,0.02,0.006,0.006,2.56,2.65,Composite Tube/Tube composite,mg/L,TRUE,FALSE,WB075,Center Buoy/Water chem site B,main,46.73133333,-84.22058333,Quinn Lake
CHL0467,ST079,1999-03-03,3,NA,1000,9.9,0.001,0.026,0.007,0.006,2.76,2.85,Composite Tube/Tube composite,mg/L,TRUE,FALSE,WB075,Center Buoy/Water chem site B,main,46.73133333,-84.22058333,Quinn Lake
CHL0468,ST095,1999-04-28,1,NA,1000,13.7,0,0.007,0.002,0,1.06,1.09,Composite Tube/Tube composite,mg/L,FALSE,FALSE,WB087,Buoy/Water chem site B,main,47.049274,-84.399988,Wishart Lake
CHL0469,ST095,1999-04-28,2,NA,1000,12.5,0.001,0.009,0.003,0.001,1.11,1.15,Composite Tube/Tube composite,mg/L,FALSE,FALSE,WB087,Buoy/Water chem site B,main,47.049274,-84.399988,Wishart Lake
CHL0470,ST095,1999-04-28,3,NA,1000,13.1,0.001,0.01,0.004,0.003,1.29,1.34,Composite Tube/Tube composite,mg/L,FALSE,FALSE,WB087,Buoy/Water chem site B,main,47.049274,-84.399988,Wishart Lake
CHL0471,ST065,1999-04-28,1,NA,1000,12.8,0.002,0.014,0.006,0.003,1.68,1.74,Composite Tube/Tube composite,mg/L,FALSE,FALSE,WB065,Center Buoy/Water chem site B,main,47.043396,-84.408613,Little Turkey Lake
CHL0472,ST065,1999-04-28,2,NA,1000,12.7,0.002,0.01,0.002,0.001,1.18,1.2,Composite Tube/Tube composite,mg/L,FALSE,FALSE,WB065,Center Buoy/Water chem site B,main,47.043396,-84.408613,Little Turkey Lake
CHL0473,ST065,1999-04-28,3,NA,1000,13.6,0.001,0.011,0.003,0.002,1.53,1.57,Composite Tube/Tube composite,mg/L,FALSE,FALSE,WB065,Center Buoy/Water chem site B,main,47.043396,-84.408613,Little Turkey Lake
CHL0474,ST065,1999-04-28,4,NA,1000,12.4,0,0.013,0.003,0.003,1.8,1.86,Composite Tube/Tube composite,mg/L,FALSE,FALSE,WB065,Center Buoy/Water chem site B,main,47.043396,-84.408613,Little Turkey Lake
CHL0475,ST079,1999-05-06,1,NA,1000,9.9,0.003,0.061,0.019,0.018,6.36,6.57,Composite Tube/Tube composite,mg/L,TRUE,FALSE,WB075,Center Buoy/Water chem site B,main,46.73133333,-84.22058333,Quinn Lake
CHL0476,ST079,1999-05-06,2,NA,1000,10.1,0,0.046,0.013,0.012,5.14,5.31,Composite Tube/Tube composite,mg/L,TRUE,FALSE,WB075,Center Buoy/Water chem site B,main,46.73133333,-84.22058333,Quinn Lake
CHL0477,ST079,1999-05-06,3,NA,1000,9.2,0.001,0.057,0.015,0.015,5.73,5.92,Composite Tube/Tube composite,mg/L,TRUE,FALSE,WB075,Center Buoy/Water chem site B,main,46.73133333,-84.22058333,Quinn Lake
CHL0478,ST079,1999-05-06,4,NA,1000,11.5,0.001,0.049,0.014,0.014,6.12,6.32,Composite Tube/Tube composite,mg/L,TRUE,FALSE,WB075,Center Buoy/Water chem site B,main,46.73133333,-84.22058333,Quinn Lake
CHL0479,ST068,1999-05-06,1,NA,1000,11,0,0.023,0.006,0.005,2.81,2.9,Composite Tube/Tube composite,mg/L,FALSE,FALSE,WB066,Center Buoy/Water chem site B,main,47.06338,-84.390411,Lower Batchawana Lake
CHL0480,ST068,1999-05-06,2,NA,1000,13,0,0.021,0.006,0.004,3.01,3.12,Composite Tube/Tube composite,mg/L,FALSE,FALSE,WB066,Center Buoy/Water chem site B,main,47.06338,-84.390411,Lower Batchawana Lake
CHL0481,ST068,1999-05-06,3,NA,1000,13.6,0,0.017,0.004,0.002,2.58,2.66,Composite Tube/Tube composite,mg/L,FALSE,FALSE,WB066,Center Buoy/Water chem site B,main,47.06338,-84.390411,Lower Batchawana Lake
CHL0482,ST068,1999-05-06,4,NA,1000,11.4,0.001,0.015,0.004,0.003,1.79,1.84,Composite Tube/Tube composite,mg/L,FALSE,FALSE,WB066,Center Buoy/Water chem site B,main,47.06338,-84.390411,Lower Batchawana Lake
CHL0483,ST068,1999-05-18,1,NA,1000,9.6,0,0.011,0.003,0.001,1.17,1.21,Composite Tube/Tube composite,mg/L,FALSE,FALSE,WB066,Center Buoy/Water chem site B,main,47.06338,-84.390411,Lower Batchawana Lake
CHL0484,ST068,1999-05-18,2,NA,1000,10.5,0,0.01,0.001,0,1.2,1.23,Composite Tube/Tube composite,mg/L,FALSE,FALSE,WB066,Center Buoy/Water chem site B,main,47.06338,-84.390411,Lower Batchawana Lake
CHL0485,ST068,1999-05-18,3,NA,1000,9.7,0.001,0.01,0.004,0.002,0.95,0.99,Composite Tube/Tube composite,mg/L,FALSE,FALSE,WB066,Center Buoy/Water chem site B,main,47.06338,-84.390411,Lower Batchawana Lake
CHL0486,ST068,1999-05-18,4,NA,1000,10.3,0.002,0.011,0.005,0.004,1.01,1.05,Composite Tube/Tube composite,mg/L,FALSE,FALSE,WB066,Center Buoy/Water chem site B,main,47.06338,-84.390411,Lower Batchawana Lake
CHL0487,ST095,1999-05-18,1,NA,1000,9.9,0.003,0.027,0.01,0.007,2.62,2.71,Composite Tube/Tube composite,mg/L,FALSE,FALSE,WB087,Buoy/Water chem site B,main,47.049274,-84.399988,Wishart Lake
CHL0488,ST095,1999-05-18,2,NA,1000,10.5,0.001,0.031,0.009,0.007,3.49,3.61,Composite Tube/Tube composite,mg/L,FALSE,FALSE,WB087,Buoy/Water chem site B,main,47.049274,-84.399988,Wishart Lake
CHL0489,ST095,1999-05-18,3,NA,1000,10.2,0,0.033,0.009,0.007,3.73,3.85,Composite Tube/Tube composite,mg/L,FALSE,FALSE,WB087,Buoy/Water chem site B,main,47.049274,-84.399988,Wishart Lake
CHL0490,ST065,1999-05-18,1,NA,1000,9,0.004,0.018,0.007,0.006,1.41,1.45,Composite Tube/Tube composite,mg/L,FALSE,FALSE,WB065,Center Buoy/Water chem site B,main,47.043396,-84.408613,Little Turkey Lake
CHL0491,ST065,1999-05-18,2,NA,1000,10.7,0,0.013,0.003,0.001,1.55,1.6,Composite Tube/Tube composite,mg/L,FALSE,FALSE,WB065,Center Buoy/Water chem site B,main,47.043396,-84.408613,Little Turkey Lake
CHL0492,ST065,1999-05-18,3,NA,1000,10.8,0.001,0.013,0.004,0.002,1.44,1.49,Composite Tube/Tube composite,mg/L,FALSE,FALSE,WB065,Center Buoy/Water chem site B,main,47.043396,-84.408613,Little Turkey Lake
CHL0493,ST065,1999-05-18,4,NA,1000,10,0.001,0.014,0.005,0.002,1.43,1.48,Composite Tube/Tube composite,mg/L,FALSE,FALSE,WB065,Center Buoy/Water chem site B,main,47.043396,-84.408613,Little Turkey Lake
CHL0494,ST065,1999-05-25,1,NA,1000,9.3,0,0.022,0.006,0.005,2.27,2.34,Composite Tube/Tube composite,mg/L,FALSE,FALSE,WB065,Center Buoy/Water chem site B,main,47.043396,-84.408613,Little Turkey Lake
CHL0495,ST065,1999-05-25,2,NA,1000,11.9,0.001,0.023,0.006,0.004,2.92,3.01,Composite Tube/Tube composite,mg/L,FALSE,FALSE,WB065,Center Buoy/Water chem site B,main,47.043396,-84.408613,Little Turkey Lake
CHL0496,ST065,1999-05-25,3,NA,1000,10,0.008,0.031,0.015,0.012,2.53,2.62,Composite Tube/Tube composite,mg/L,FALSE,FALSE,WB065,Center Buoy/Water chem site B,main,47.043396,-84.408613,Little Turkey Lake
CHL0497,ST068,1999-06-02,1,NA,1000,10.5,0,0.014,0.005,0.003,1.6,1.66,Composite Tube/Tube composite,mg/L,FALSE,FALSE,WB066,Center Buoy/Water chem site B,main,47.06338,-84.390411,Lower Batchawana Lake
CHL0498,ST068,1999-06-02,2,NA,1000,10.8,0,0.015,0.002,0.003,1.84,1.89,Composite Tube/Tube composite,mg/L,FALSE,FALSE,WB066,Center Buoy/Water chem site B,main,47.06338,-84.390411,Lower Batchawana Lake
CHL0499,ST068,1999-06-02,3,NA,1000,9.2,0.001,0.015,0.003,0.003,1.46,1.5,Composite Tube/Tube composite,mg/L,FALSE,FALSE,WB066,Center Buoy/Water chem site B,main,47.06338,-84.390411,Lower Batchawana Lake
CHL0500,ST068,1999-06-02,4,NA,1000,11.5,0.004,0.018,0.007,0.006,1.8,1.86,Composite Tube/Tube composite,mg/L,FALSE,FALSE,WB066,Center Buoy/Water chem site B,main,47.06338,-84.390411,Lower Batchawana Lake
CHL0501,ST065,1999-06-03,1,NA,1000,12,0.001,0.021,0.006,0.004,2.67,2.75,Composite Tube/Tube composite,mg/L,FALSE,FALSE,WB065,Center Buoy/Water chem site B,main,47.043396,-84.408613,Little Turkey Lake
CHL0502,ST065,1999-06-03,2,NA,1000,11,0,0.021,0.005,0.003,2.57,2.66,Composite Tube/Tube composite,mg/L,FALSE,FALSE,WB065,Center Buoy/Water chem site B,main,47.043396,-84.408613,Little Turkey Lake
CHL0503,ST065,1999-06-03,3,NA,1000,10.1,0.001,0.024,0.006,0.004,2.6,2.68,Composite Tube/Tube composite,mg/L,FALSE,FALSE,WB065,Center Buoy/Water chem site B,main,47.043396,-84.408613,Little Turkey Lake
CHL0504,ST065,1999-06-03,4,NA,1000,10.7,0.001,0.016,0.003,0.003,1.82,1.87,Composite Tube/Tube composite,mg/L,FALSE,FALSE,WB065,Center Buoy/Water chem site B,main,47.043396,-84.408613,Little Turkey Lake
CHL0505,ST079,1999-06-14,1,NA,1000,12.8,0.002,0.022,0.007,0.007,2.85,2.94,Composite Tube/Tube composite,mg/L,TRUE,FALSE,WB075,Center Buoy/Water chem site B,main,46.73133333,-84.22058333,Quinn Lake
CHL0506,ST079,1999-06-14,2,NA,1000,15.4,0.001,0.062,0.017,0.013,10.42,10.77,Composite Tube/Tube composite,mg/L,TRUE,FALSE,WB075,Center Buoy/Water chem site B,main,46.73133333,-84.22058333,Quinn Lake
CHL0507,ST079,1999-06-14,3,NA,1000,10.7,0.001,0.073,0.021,0.016,8.52,8.81,Composite Tube/Tube composite,mg/L,TRUE,FALSE,WB075,Center Buoy/Water chem site B,main,46.73133333,-84.22058333,Quinn Lake
CHL0508,ST079,1999-06-14,4,NA,1000,11.4,0.002,0.066,0.021,0.017,8.04,8.33,Composite Tube/Tube composite,mg/L,TRUE,FALSE,WB075,Center Buoy/Water chem site B,main,46.73133333,-84.22058333,Quinn Lake
CHL0509,ST079,1999-06-14,5,NA,1000,10.6,0.001,0.077,0.021,0.017,8.94,9.23,Composite Tube/Tube composite,mg/L,TRUE,FALSE,WB075,Center Buoy/Water chem site B,main,46.73133333,-84.22058333,Quinn Lake
CHL0510,ST095,1999-06-14,2,NA,975,9.8,0.013,0.04,0.021,0.02,2.99,3.1,Composite Tube/Tube composite,mg/L,FALSE,FALSE,WB087,Buoy/Water chem site B,main,47.049274,-84.399988,Wishart Lake
CHL0511,ST095,1999-06-14,3,NA,1000,12.4,0.001,0.021,0.005,0.005,2.78,2.87,Composite Tube/Tube composite,mg/L,FALSE,FALSE,WB087,Buoy/Water chem site B,main,47.049274,-84.399988,Wishart Lake
CHL0512,ST095,1999-06-14,4,NA,1000,10.6,0.001,0.028,0.008,0.007,3.18,3.28,Composite Tube/Tube composite,mg/L,FALSE,FALSE,WB087,Buoy/Water chem site B,main,47.049274,-84.399988,Wishart Lake
CHL0513,ST079,1999-06-25,1,NA,1000,12.8,0.002,0.051,0.014,0.012,6.98,7.21,NA,mg/L,TRUE,FALSE,WB075,Center Buoy/Water chem site B,main,46.73133333,-84.22058333,Quinn Lake
CHL0514,ST079,1999-06-25,2,NA,1000,12,0.001,0.041,0.012,0.011,5.31,5.49,NA,mg/L,TRUE,FALSE,WB075,Center Buoy/Water chem site B,main,46.73133333,-84.22058333,Quinn Lake
CHL0515,ST079,1999-06-25,3,NA,1000,10.4,0.002,0.051,0.015,0.012,5.65,5.84,NA,mg/L,TRUE,FALSE,WB075,Center Buoy/Water chem site B,main,46.73133333,-84.22058333,Quinn Lake
CHL0516,ST079,1999-06-28,1,NA,1000,11.8,0,0.053,0.015,0.012,6.91,7.15,Composite Tube/Tube composite,mg/L,TRUE,FALSE,WB075,Center Buoy/Water chem site B,main,46.73133333,-84.22058333,Quinn Lake
CHL0517,ST079,1999-06-28,2,NA,1000,10.9,0.003,0.059,0.019,0.016,6.74,6.98,Composite Tube/Tube composite,mg/L,TRUE,FALSE,WB075,Center Buoy/Water chem site B,main,46.73133333,-84.22058333,Quinn Lake
CHL0518,ST079,1999-06-28,3,NA,1000,10.9,0,0.055,0.016,0.012,6.61,6.85,Composite Tube/Tube composite,mg/L,TRUE,FALSE,WB075,Center Buoy/Water chem site B,main,46.73133333,-84.22058333,Quinn Lake
CHL0519,ST079,1999-06-28,4,NA,1000,9.9,0.014,0.076,0.031,0.027,6.79,7.02,Composite Tube/Tube composite,mg/L,TRUE,FALSE,WB075,Center Buoy/Water chem site B,main,46.73133333,-84.22058333,Quinn Lake
CHL0520,ST079,1999-06-28,5,NA,1000,9.1,0.001,0.018,0.007,0.005,1.69,1.75,Composite Tube/Tube composite,mg/L,TRUE,FALSE,WB075,Center Buoy/Water chem site B,main,46.73133333,-84.22058333,Quinn Lake
CHL0521,ST068,1999-06-28,1,NA,1000,11.5,0.002,0.015,0.005,0.005,1.67,1.72,Composite Tube/Tube composite,mg/L,FALSE,FALSE,WB066,Center Buoy/Water chem site B,main,47.06338,-84.390411,Lower Batchawana Lake
CHL0522,ST068,1999-06-28,2,NA,1000,10.5,0,0.02,0.005,0.005,2.34,2.41,Composite Tube/Tube composite,mg/L,FALSE,FALSE,WB066,Center Buoy/Water chem site B,main,47.06338,-84.390411,Lower Batchawana Lake
CHL0523,ST068,1999-06-28,3,NA,1000,10,0.001,0.023,0.009,0.008,2.4,2.49,Composite Tube/Tube composite,mg/L,FALSE,FALSE,WB066,Center Buoy/Water chem site B,main,47.06338,-84.390411,Lower Batchawana Lake
CHL0524,ST068,1999-06-28,4,NA,1000,10.8,0.001,0.024,0.009,0.008,2.71,2.82,Composite Tube/Tube composite,mg/L,TRUE,FALSE,WB066,Center Buoy/Water chem site B,main,47.06338,-84.390411,Lower Batchawana Lake
CHL0525,ST095,1999-06-29,1,NA,1000,10.3,0.001,0.035,0.01,0.007,3.88,4.01,Composite Tube/Tube composite,mg/L,FALSE,FALSE,WB087,Buoy/Water chem site B,main,47.049274,-84.399988,Wishart Lake
CHL0526,ST095,1999-06-29,2,NA,1000,10.4,0.002,0.067,0.021,0.015,7.46,7.72,Composite Tube/Tube composite,mg/L,FALSE,FALSE,WB087,Buoy/Water chem site B,main,47.049274,-84.399988,Wishart Lake
CHL0527,ST095,1999-06-29,3,NA,1000,10.7,0.011,0.06,0.025,0.021,5.79,5.99,Composite Tube/Tube composite,mg/L,FALSE,FALSE,WB087,Buoy/Water chem site B,main,47.049274,-84.399988,Wishart Lake
CHL0528,ST095,1999-06-29,4,NA,1000,12.9,0.003,0.041,0.013,0.01,5.44,5.62,Composite Tube/Tube composite,mg/L,FALSE,FALSE,WB087,Buoy/Water chem site B,main,47.049274,-84.399988,Wishart Lake
CHL0529,ST065,1999-06-29,1,NA,1000,11.3,0.001,0.01,0.003,0.002,1.14,1.17,Composite Tube/Tube composite,mg/L,FALSE,FALSE,WB065,Center Buoy/Water chem site B,main,47.043396,-84.408613,Little Turkey Lake
CHL0530,ST065,1999-06-29,2,NA,1000,10.2,0.001,0.014,0.004,0.003,1.48,1.53,Composite Tube/Tube composite,mg/L,FALSE,FALSE,WB065,Center Buoy/Water chem site B,main,47.043396,-84.408613,Little Turkey Lake
CHL0531,ST065,1999-06-29,3,NA,1000,10.5,0.001,0.011,0.003,0.002,1.18,1.21,Composite Tube/Tube composite,mg/L,FALSE,FALSE,WB065,Center Buoy/Water chem site B,main,47.043396,-84.408613,Little Turkey Lake
CHL0532,ST065,1999-06-29,4,NA,1000,12.3,0.001,0.013,0.004,0.004,1.64,1.7,Composite Tube/Tube composite,mg/L,FALSE,FALSE,WB065,Center Buoy/Water chem site B,main,47.043396,-84.408613,Little Turkey Lake
CHL0533,ST079,1999-07-26,1,NA,1000,10.3,0.001,0.046,0.013,0.01,5.14,5.31,NA,mg/L,TRUE,FALSE,WB075,Center Buoy/Water chem site B,main,46.73133333,-84.22058333,Quinn Lake
CHL0534,ST079,1999-07-26,2,NA,1000,14.2,0,0.024,0.006,0.005,3.79,3.91,NA,mg/L,TRUE,FALSE,WB075,Center Buoy/Water chem site B,main,46.73133333,-84.22058333,Quinn Lake
CHL0535,ST079,1999-07-26,3,NA,1000,10.5,0,0.047,0.013,0.009,5.46,5.65,NA,mg/L,TRUE,FALSE,WB075,Center Buoy/Water chem site B,main,46.73133333,-84.22058333,Quinn Lake
CHL0536,ST068,1999-07-26,1,NA,1000,10.7,0,0.025,0.007,0.004,2.96,3.06,Composite Tube/Tube composite,mg/L,FALSE,FALSE,WB066,Center Buoy/Water chem site B,main,47.06338,-84.390411,Lower Batchawana Lake
CHL0537,ST068,1999-07-26,2,NA,1000,13,0,0.02,0.006,0.004,2.86,2.97,Composite Tube/Tube composite,mg/L,FALSE,FALSE,WB066,Center Buoy/Water chem site B,main,47.06338,-84.390411,Lower Batchawana Lake
CHL0538,ST068,1999-07-26,3,NA,1000,12,0,0.023,0.006,0.004,3.06,3.16,Composite Tube/Tube composite,mg/L,FALSE,FALSE,WB066,Center Buoy/Water chem site B,main,47.06338,-84.390411,Lower Batchawana Lake
CHL0539,ST065,1999-07-26,1,NA,1000,9.9,0.002,0.025,0.008,0.006,2.53,2.61,Composite Tube/Tube composite,mg/L,FALSE,FALSE,WB065,Center Buoy/Water chem site B,main,47.043396,-84.408613,Little Turkey Lake
CHL0540,ST065,1999-07-26,2,NA,1000,11.7,0.003,0.023,0.008,0.006,2.6,2.69,Composite Tube/Tube composite,mg/L,FALSE,FALSE,WB065,Center Buoy/Water chem site B,main,47.043396,-84.408613,Little Turkey Lake
CHL0541,ST079,1999-08-17,1,NA,1000,10.2,0.013,0.063,0.026,0.025,5.66,5.85,Composite Tube/Tube composite,mg/L,TRUE,FALSE,WB075,Center Buoy/Water chem site B,main,46.73133333,-84.22058333,Quinn Lake
CHL0542,ST079,1999-08-17,2,NA,1000,10.3,0.001,0.041,0.011,0.01,4.58,4.73,Composite Tube/Tube composite,mg/L,TRUE,FALSE,WB075,Center Buoy/Water chem site B,main,46.73133333,-84.22058333,Quinn Lake
CHL0543,ST079,1999-08-17,3,NA,1000,11,0.002,0.041,0.012,0.011,4.77,4.92,Composite Tube/Tube composite,mg/L,TRUE,FALSE,WB075,Center Buoy/Water chem site B,main,46.73133333,-84.22058333,Quinn Lake
CHL0544,ST065,1999-08-18,1,NA,1000,10,0.003,0.031,0.01,0.006,3.11,3.21,Composite Tube/Tube composite,mg/L,FALSE,FALSE,WB065,Center Buoy/Water chem site B,main,47.043396,-84.408613,Little Turkey Lake
CHL0545,ST065,1999-08-18,2,NA,1000,9.8,0.001,0.032,0.009,0.008,3.37,3.48,Composite Tube/Tube composite,mg/L,FALSE,FALSE,WB065,Center Buoy/Water chem site B,main,47.043396,-84.408613,Little Turkey Lake
CHL0546,ST065,1999-08-18,3,NA,800,9.7,0,0.025,0.006,0.005,3.38,3.48,Composite Tube/Tube composite,mg/L,FALSE,FALSE,WB065,Center Buoy/Water chem site B,main,47.043396,-84.408613,Little Turkey Lake
CHL0547,ST068,1999-08-20,1,NA,1000,10.7,0.003,0.014,0.006,0.004,1.3,1.35,Composite Tube/Tube composite,mg/L,FALSE,FALSE,WB066,Center Buoy/Water chem site B,main,47.06338,-84.390411,Lower Batchawana Lake
CHL0548,ST068,1999-08-20,2,NA,1000,8.9,0,0.018,0.005,0.004,1.77,1.83,Composite Tube/Tube composite,mg/L,FALSE,FALSE,WB066,Center Buoy/Water chem site B,main,47.06338,-84.390411,Lower Batchawana Lake
CHL0549,ST068,1999-08-20,3,NA,1000,10.5,0.001,0.016,0.005,0.003,1.74,1.8,Composite Tube/Tube composite,mg/L,FALSE,FALSE,WB066,Center Buoy/Water chem site B,main,47.06338,-84.390411,Lower Batchawana Lake
CHL0550,ST079,1999-08-23,1,NA,1000,11,0.001,0.065,0.019,0.017,7.78,8.05,Composite Tube/Tube composite,mg/L,TRUE,FALSE,WB075,Center Buoy/Water chem site B,main,46.73133333,-84.22058333,Quinn Lake
CHL0551,ST079,1999-08-23,2,NA,1000,11.5,0.003,0.052,0.017,0.015,6.23,6.44,Composite Tube/Tube composite,mg/L,TRUE,FALSE,WB075,Center Buoy/Water chem site B,main,46.73133333,-84.22058333,Quinn Lake
CHL0552,ST079,1999-08-23,3,NA,1000,10.4,0.001,0.063,0.018,0.016,7.14,7.38,Composite Tube/Tube composite,mg/L,TRUE,FALSE,WB075,Center Buoy/Water chem site B,main,46.73133333,-84.22058333,Quinn Lake
CHL0553,ST068,1999-08-31,1,NA,1000,10.6,0.001,0.018,0.006,0.004,1.99,2.06,Composite Tube/Tube composite,mg/L,FALSE,FALSE,WB066,Center Buoy/Water chem site B,main,47.06338,-84.390411,Lower Batchawana Lake
CHL0554,ST068,1999-08-31,2,NA,1000,8.5,0.001,0.012,0.004,0.003,1.03,1.07,Composite Tube/Tube composite,mg/L,FALSE,FALSE,WB066,Center Buoy/Water chem site B,main,47.06338,-84.390411,Lower Batchawana Lake
CHL0555,ST068,1999-08-31,3,NA,1000,11.7,0,0.015,0.004,0.003,1.95,2.01,Composite Tube/Tube composite,mg/L,FALSE,FALSE,WB066,Center Buoy/Water chem site B,main,47.06338,-84.390411,Lower Batchawana Lake
CHL0556,ST065,1999-08-31,1,NA,1000,10.3,0.001,0.021,0.006,0.004,2.29,2.36,Composite Tube/Tube composite,mg/L,FALSE,FALSE,WB065,Center Buoy/Water chem site B,main,47.043396,-84.408613,Little Turkey Lake
CHL0557,ST065,1999-08-31,2,NA,1000,11.3,0.002,0.021,0.006,0.005,2.4,2.48,Composite Tube/Tube composite,mg/L,FALSE,FALSE,WB065,Center Buoy/Water chem site B,main,47.043396,-84.408613,Little Turkey Lake
CHL0558,ST065,1999-08-31,3,NA,1000,10,0.001,0.024,0.006,0.004,2.57,2.65,Composite Tube/Tube composite,mg/L,FALSE,FALSE,WB065,Center Buoy/Water chem site B,main,47.043396,-84.408613,Little Turkey Lake
CHL0559,ST079,1999-09-01,1,NA,1000,10.9,0.001,0.05,0.014,0.013,5.92,6.12,Composite Tube/Tube composite,mg/L,TRUE,FALSE,WB075,Center Buoy/Water chem site B,main,46.73133333,-84.22058333,Quinn Lake
CHL0560,ST079,1999-09-01,2,NA,1000,10.8,0,0.02,0.005,0.004,2.4,2.48,Composite Tube/Tube composite,mg/L,TRUE,FALSE,WB075,Center Buoy/Water chem site B,main,46.73133333,-84.22058333,Quinn Lake
CHL0561,ST079,1999-09-01,3,NA,800,13.5,0,0.017,0.005,0.005,3.17,3.28,Composite Tube/Tube composite,mg/L,TRUE,FALSE,WB075,Center Buoy/Water chem site B,main,46.73133333,-84.22058333,Quinn Lake
CHL0562,ST079,1999-09-13,1,NA,1000,15.3,0.002,0.042,0.012,0.009,6.8,7.03,Composite Tube/Tube composite,mg/L,TRUE,FALSE,WB075,Center Buoy/Water chem site B,main,46.73133333,-84.22058333,Quinn Lake
CHL0563,ST079,1999-09-13,2,NA,710,12,0.001,0.036,0.01,0.009,6.57,6.79,Composite Tube/Tube composite,mg/L,TRUE,FALSE,WB075,Center Buoy/Water chem site B,main,46.73133333,-84.22058333,Quinn Lake
CHL0564,ST079,1999-09-13,3,NA,1000,10.8,0.002,0.057,0.015,0.013,6.62,6.83,Composite Tube/Tube composite,mg/L,TRUE,FALSE,WB075,Center Buoy/Water chem site B,main,46.73133333,-84.22058333,Quinn Lake
CHL0565,ST079,1999-09-29,1,NA,1000,10.9,0.001,0.041,0.013,0.012,4.8,4.97,Composite Tube/Tube composite,mg/L,TRUE,FALSE,WB075,Center Buoy/Water chem site B,main,46.73133333,-84.22058333,Quinn Lake
CHL0566,ST079,1999-09-29,2,NA,1000,14.5,0,0.031,0.007,0.006,5.02,5.18,Composite Tube/Tube composite,mg/L,TRUE,FALSE,WB075,Center Buoy/Water chem site B,main,46.73133333,-84.22058333,Quinn Lake
CHL0567,ST079,1999-09-29,3,NA,1000,10.5,0.004,0.044,0.014,0.013,4.67,4.82,Composite Tube/Tube composite,mg/L,TRUE,FALSE,WB075,Center Buoy/Water chem site B,main,46.73133333,-84.22058333,Quinn Lake
CHL0568,ST079,1999-10-14,1,NA,1000,9.8,0.006,0.05,0.021,0.017,4.71,4.89,Composite Tube/Tube composite,mg/L,TRUE,FALSE,WB075,Center Buoy/Water chem site B,main,46.73133333,-84.22058333,Quinn Lake
CHL0569,ST079,1999-10-14,2,NA,1000,12.9,0.001,0.033,0.011,0.008,4.54,4.7,Composite Tube/Tube composite,mg/L,TRUE,FALSE,WB075,Center Buoy/Water chem site B,main,46.73133333,-84.22058333,Quinn Lake
CHL0570,ST079,1999-10-14,3,NA,1000,10.7,0.01,0.043,0.02,0.016,3.89,4.02,Composite Tube/Tube composite,mg/L,TRUE,FALSE,WB075,Center Buoy/Water chem site B,main,46.73133333,-84.22058333,Quinn Lake
CHL0571,ST068,1999-10-14,1,NA,1000,10.8,0.001,0.007,0.003,0,0.71,0.73,Composite Tube/Tube composite,mg/L,FALSE,FALSE,WB066,Center Buoy/Water chem site B,main,47.06338,-84.390411,Lower Batchawana Lake
CHL0572,ST068,1999-10-14,2,NA,1000,11.9,0.002,0.007,0.004,0.001,0.64,0.67,Composite Tube/Tube composite,mg/L,FALSE,FALSE,WB066,Center Buoy/Water chem site B,main,47.06338,-84.390411,Lower Batchawana Lake
CHL0573,ST068,1999-10-14,3,NA,1000,11.9,0,0.005,0.001,0.001,0.67,0.69,Composite Tube/Tube composite,mg/L,FALSE,FALSE,WB066,Center Buoy/Water chem site B,main,47.06338,-84.390411,Lower Batchawana Lake
CHL0574,ST095,1999-10-14,1,NA,1000,10.7,0.001,0.04,0.011,0.008,4.63,4.79,Composite Tube/Tube composite,mg/L,FALSE,FALSE,WB087,Buoy/Water chem site B,main,47.049274,-84.399988,Wishart Lake
CHL0575,ST095,1999-10-14,2,NA,1000,11.2,0.002,0.036,0.01,0.007,4.24,4.38,Composite Tube/Tube composite,mg/L,FALSE,FALSE,WB087,Buoy/Water chem site B,main,47.049274,-84.399988,Wishart Lake
CHL0576,ST095,1999-10-14,3,1,500,10,0.002,0.021,0.008,0.004,4.17,4.32,Composite Tube/Tube composite,mg/L,FALSE,FALSE,WB087,Buoy/Water chem site B,main,47.049274,-84.399988,Wishart Lake
CHL0577,ST095,1999-10-14,3,2,500,11.5,0.002,0.017,0.006,0.002,3.82,3.95,Composite Tube/Tube composite,mg/L,FALSE,FALSE,WB087,Buoy/Water chem site B,main,47.049274,-84.399988,Wishart Lake
CHL0578,ST095,1999-10-14,4,NA,1000,13.1,0.003,0.022,0.009,0.007,2.73,2.83,Composite Tube/Tube composite,mg/L,FALSE,FALSE,WB087,Buoy/Water chem site B,main,47.049274,-84.399988,Wishart Lake
CHL0579,ST065,1999-10-14,1,NA,1000,11.2,0.001,0.023,0.007,0.004,2.73,2.82,Composite Tube/Tube composite,mg/L,FALSE,FALSE,WB065,Center Buoy/Water chem site B,main,47.043396,-84.408613,Little Turkey Lake
CHL0580,ST065,1999-10-14,2,NA,1000,13.5,0.001,0.018,0.006,0.003,2.53,2.62,Composite Tube/Tube composite,mg/L,FALSE,FALSE,WB065,Center Buoy/Water chem site B,main,47.043396,-84.408613,Little Turkey Lake
CHL0581,ST068,1999-10-27,1,NA,1000,10.5,0,0.004,0.002,0.001,0.44,0.47,Composite Tube/Tube composite,mg/L,FALSE,FALSE,WB066,Center Buoy/Water chem site B,main,47.06338,-84.390411,Lower Batchawana Lake
CHL0582,ST068,1999-10-27,2,NA,1000,10.3,0,0.005,0.001,0,0.58,0.59,Composite Tube/Tube composite,mg/L,FALSE,FALSE,WB066,Center Buoy/Water chem site B,main,47.06338,-84.390411,Lower Batchawana Lake
CHL0583,ST068,1999-10-27,3,NA,1000,9.8,0.001,0.007,0.003,0,0.64,0.67,Composite Tube/Tube composite,mg/L,FALSE,FALSE,WB066,Center Buoy/Water chem site B,main,47.06338,-84.390411,Lower Batchawana Lake
CHL0584,ST095,1999-10-27,1,NA,1000,11.5,0.001,0.032,0.008,0.008,3.98,4.11,Composite Tube/Tube composite,mg/L,FALSE,FALSE,WB087,Buoy/Water chem site B,main,47.049274,-84.399988,Wishart Lake
CHL0585,ST095,1999-10-27,2,NA,1000,10.5,0.001,0.034,0.009,0.006,3.86,3.98,Composite Tube/Tube composite,mg/L,FALSE,FALSE,WB087,Buoy/Water chem site B,main,47.049274,-84.399988,Wishart Lake
CHL0586,ST095,1999-10-27,3,1,500,13.5,0,0.014,0.005,0.005,4.12,4.28,Composite Tube/Tube composite,mg/L,FALSE,FALSE,WB087,Buoy/Water chem site B,main,47.049274,-84.399988,Wishart Lake
CHL0587,ST095,1999-10-27,3,2,500,10.8,0,0.017,0.004,0.002,4.09,4.22,Composite Tube/Tube composite,mg/L,FALSE,FALSE,WB087,Buoy/Water chem site B,main,47.049274,-84.399988,Wishart Lake
CHL0588,ST065,1999-10-27,1,1,500,12.6,0.001,0.01,0.002,0.002,2.59,2.65,Composite Tube/Tube composite,mg/L,FALSE,FALSE,WB065,Center Buoy/Water chem site B,main,47.043396,-84.408613,Little Turkey Lake
CHL0589,ST065,1999-10-27,1,2,500,11.2,0,0.009,0.001,0.001,2.3,2.36,Composite Tube/Tube composite,mg/L,FALSE,FALSE,WB065,Center Buoy/Water chem site B,main,47.043396,-84.408613,Little Turkey Lake
CHL0590,ST065,1999-10-27,2,1,500,10.6,0.001,0.011,0.003,0.003,2.38,2.45,Composite Tube/Tube composite,mg/L,FALSE,FALSE,WB065,Center Buoy/Water chem site B,main,47.043396,-84.408613,Little Turkey Lake
CHL0591,ST065,1999-10-27,2,2,500,10.9,0.001,0.011,0.003,0.002,2.45,2.52,Composite Tube/Tube composite,mg/L,FALSE,FALSE,WB065,Center Buoy/Water chem site B,main,47.043396,-84.408613,Little Turkey Lake
CHL0592,ST065,1999-10-27,3,1,500,10,0,0.011,0.003,0.003,2.44,2.52,Composite Tube/Tube composite,mg/L,FALSE,FALSE,WB065,Center Buoy/Water chem site B,main,47.043396,-84.408613,Little Turkey Lake
CHL0593,ST065,1999-10-27,3,2,500,11.8,0.006,0.017,0.008,0.007,2.92,3.01,Composite Tube/Tube composite,mg/L,FALSE,FALSE,WB065,Center Buoy/Water chem site B,main,47.043396,-84.408613,Little Turkey Lake
CHL0594,ST079,1999-10-28,1,NA,1000,11.3,0.027,0.081,0.045,0.041,6.68,6.93,Composite Tube/Tube composite,mg/L,TRUE,FALSE,WB075,Center Buoy/Water chem site B,main,46.73133333,-84.22058333,Quinn Lake
CHL0595,ST079,1999-10-28,2,NA,1000,13.1,0.005,0.044,0.018,0.012,5.59,5.8,Composite Tube/Tube composite,mg/L,TRUE,FALSE,WB075,Center Buoy/Water chem site B,main,46.73133333,-84.22058333,Quinn Lake
CHL0596,ST079,1999-10-28,3,NA,1000,10.5,0.001,0.06,0.02,0.015,6.79,7.05,Composite Tube/Tube composite,mg/L,TRUE,FALSE,WB075,Center Buoy/Water chem site B,main,46.73133333,-84.22058333,Quinn Lake
CHL0597,ST079,1999-11-05,1,NA,1000,11.1,0.001,0.055,0.017,0.013,6.61,6.84,Composite Tube/Tube composite,mg/L,TRUE,FALSE,WB075,Center Buoy/Water chem site B,main,46.73133333,-84.22058333,Quinn Lake
CHL0598,ST079,1999-11-05,2,NA,1000,12.2,0.001,0.056,0.021,0.013,7.3,7.59,Composite Tube/Tube composite,mg/L,TRUE,FALSE,WB075,Center Buoy/Water chem site B,main,46.73133333,-84.22058333,Quinn Lake
CHL0599,ST079,1999-11-05,3,NA,1000,11.5,0.012,0.068,0.029,0.026,7.09,7.34,Composite Tube/Tube composite,mg/L,TRUE,FALSE,WB075,Center Buoy/Water chem site B,main,46.73133333,-84.22058333,Quinn Lake
CHL0600,ST068,2000-04-26,3,NA,1000,12,0.002,0.009,0.005,0.003,0.9,0.94,Composite Tube/Tube composite,mg/L,FALSE,FALSE,WB066,Center Buoy/Water chem site B,main,47.06338,-84.390411,Lower Batchawana Lake
CHL0601,ST091,2000-04-26,1,NA,1000,11.7,0.004,0.014,0.006,0.005,1.31,1.35,Composite Tube/Tube composite,mg/L,FALSE,FALSE,WB085,Center Buoy/Water chem site B,main,47.066412,-84.394125,Upper Batchawana Lake
CHL0602,ST091,2000-04-26,2,NA,1000,11.7,0.004,0.012,0.007,0.005,1.01,1.06,Composite Tube/Tube composite,mg/L,FALSE,FALSE,WB085,Center Buoy/Water chem site B,main,47.066412,-84.394125,Upper Batchawana Lake
CHL0603,ST091,2000-04-26,3,NA,1000,12.5,0.001,0.01,0.004,0.003,1.23,1.28,Composite Tube/Tube composite,mg/L,FALSE,FALSE,WB085,Center Buoy/Water chem site B,main,47.066412,-84.394125,Upper Batchawana Lake
CHL0604,ST095,2000-04-26,1,NA,1000,11.8,0,0.007,0.002,0.002,0.91,0.94,Composite Tube/Tube composite,mg/L,FALSE,FALSE,WB087,Buoy/Water chem site B,main,47.049274,-84.399988,Wishart Lake
CHL0605,ST095,2000-04-26,2,NA,1000,11,0,0.004,0.002,0.002,0.47,0.49,Composite Tube/Tube composite,mg/L,FALSE,FALSE,WB087,Buoy/Water chem site B,main,47.049274,-84.399988,Wishart Lake
CHL0606,ST095,2000-04-26,3,NA,1000,11.4,0.002,0.01,0.005,0.003,0.99,1.03,Composite Tube/Tube composite,mg/L,FALSE,FALSE,WB087,Buoy/Water chem site B,main,47.049274,-84.399988,Wishart Lake
CHL0607,ST095,2000-04-26,4,NA,1000,10.6,0.004,0.014,0.007,0.006,1.17,1.21,Composite Tube/Tube composite,mg/L,FALSE,FALSE,WB087,Buoy/Water chem site B,main,47.049274,-84.399988,Wishart Lake
CHL0608,ST065,2000-04-26,1,NA,1000,13.5,0.002,0.007,0.003,0.003,0.76,0.78,Composite Tube/Tube composite,mg/L,FALSE,FALSE,WB065,Center Buoy/Water chem site B,main,47.043396,-84.408613,Little Turkey Lake
CHL0609,ST065,2000-04-26,2,NA,1000,12.5,0,0.007,0.002,0.002,0.97,1,Composite Tube/Tube composite,mg/L,FALSE,FALSE,WB065,Center Buoy/Water chem site B,main,47.043396,-84.408613,Little Turkey Lake
CHL0610,ST079,2000-04-27,1,NA,1000,11.3,0.002,0.03,0.01,0.009,3.5,3.62,Composite Tube/Tube composite,mg/L,TRUE,FALSE,WB075,Center Buoy/Water chem site B,main,46.73133333,-84.22058333,Quinn Lake
CHL0611,ST079,2000-04-27,2,NA,1000,11.3,0.003,0.03,0.011,0.008,3.36,3.48,Composite Tube/Tube composite,mg/L,TRUE,FALSE,WB075,Center Buoy/Water chem site B,main,46.73133333,-84.22058333,Quinn Lake
CHL0612,ST079,2000-04-27,3,NA,1000,12.6,0.003,0.029,0.008,0.009,3.68,3.79,Composite Tube/Tube composite,mg/L,TRUE,FALSE,WB075,Center Buoy/Water chem site B,main,46.73133333,-84.22058333,Quinn Lake
CHL0613,ST095,2000-04-27,1,NA,1000,10.1,0.002,0.006,0.002,0.001,0.47,0.48,NA,mg/L,FALSE,FALSE,WB087,Buoy/Water chem site B,main,47.049274,-84.399988,Wishart Lake
CHL0614,ST079,2000-05-23,1,NA,1000,13.1,0.001,0.032,0.009,0.007,4.51,4.66,Composite Tube/Tube composite,mg/L,TRUE,FALSE,WB075,Center Buoy/Water chem site B,main,46.73133333,-84.22058333,Quinn Lake
CHL0615,ST079,2000-05-23,2,NA,1000,13.5,0.001,0.033,0.01,0.007,4.77,4.94,Composite Tube/Tube composite,mg/L,TRUE,FALSE,WB075,Center Buoy/Water chem site B,main,46.73133333,-84.22058333,Quinn Lake
CHL0616,ST079,2000-05-23,3,NA,1000,11.2,0.001,0.038,0.009,0.009,4.64,4.78,Composite Tube/Tube composite,mg/L,TRUE,FALSE,WB075,Center Buoy/Water chem site B,main,46.73133333,-84.22058333,Quinn Lake
CHL0617,ST068,2000-05-24,1,NA,1000,12.2,0.001,0.007,0.003,0.002,0.8,0.83,Composite Tube/Tube composite,mg/L,FALSE,FALSE,WB066,Center Buoy/Water chem site B,main,47.06338,-84.390411,Lower Batchawana Lake
CHL0618,ST068,2000-05-24,2,NA,1000,11.1,0.003,0.014,0.007,0.006,1.33,1.38,Composite Tube/Tube composite,mg/L,FALSE,FALSE,WB066,Center Buoy/Water chem site B,main,47.06338,-84.390411,Lower Batchawana Lake
CHL0619,ST091,2000-05-24,1,NA,1000,11.2,0.001,0.012,0.005,0.003,1.34,1.39,Composite Tube/Tube composite,mg/L,FALSE,FALSE,WB085,Center Buoy/Water chem site B,main,47.066412,-84.394125,Upper Batchawana Lake
CHL0620,ST091,2000-05-24,2,NA,1000,10.8,0.001,0.011,0.004,0.002,1.19,1.23,Composite Tube/Tube composite,mg/L,FALSE,FALSE,WB085,Center Buoy/Water chem site B,main,47.066412,-84.394125,Upper Batchawana Lake
CHL0621,ST091,2000-05-24,3,NA,1000,12.2,0.003,0.013,0.005,0.004,1.37,1.41,Composite Tube/Tube composite,mg/L,FALSE,FALSE,WB085,Center Buoy/Water chem site B,main,47.066412,-84.394125,Upper Batchawana Lake
CHL0622,ST095,2000-05-24,1,NA,1000,13.8,0.002,0.015,0.005,0.004,2,2.06,Composite Tube/Tube composite,mg/L,FALSE,FALSE,WB087,Buoy/Water chem site B,main,47.049274,-84.399988,Wishart Lake
CHL0623,ST095,2000-05-24,2,NA,1000,14.3,0,0.013,0.004,0.003,2.04,2.12,Composite Tube/Tube composite,mg/L,FALSE,FALSE,WB087,Buoy/Water chem site B,main,47.049274,-84.399988,Wishart Lake
CHL0624,ST095,2000-05-24,3,NA,1000,13.3,0.001,0.014,0.004,0.004,1.93,1.99,Composite Tube/Tube composite,mg/L,FALSE,FALSE,WB087,Buoy/Water chem site B,main,47.049274,-84.399988,Wishart Lake
CHL0625,ST065,2000-05-24,1,NA,1000,12.7,0.001,0.011,0.004,0.003,1.4,1.45,Composite Tube/Tube composite,mg/L,FALSE,FALSE,WB065,Center Buoy/Water chem site B,main,47.043396,-84.408613,Little Turkey Lake
CHL0626,ST065,2000-05-25,3,NA,1000,11.3,0.002,0.016,0.005,0.005,1.77,1.83,NA,mg/L,FALSE,FALSE,WB065,Center Buoy/Water chem site B,main,47.043396,-84.408613,Little Turkey Lake
CHL0627,ST068,2000-06-17,1,NA,1000,10.6,0.001,0.016,0.005,0.004,1.76,1.82,Composite Tube/Tube composite,mg/L,FALSE,FALSE,WB066,Center Buoy/Water chem site B,main,47.06338,-84.390411,Lower Batchawana Lake
CHL0628,ST068,2000-06-17,2,NA,1000,14.1,0,0.011,0.002,0.002,1.75,1.8,Composite Tube/Tube composite,mg/L,FALSE,FALSE,WB066,Center Buoy/Water chem site B,main,47.06338,-84.390411,Lower Batchawana Lake
CHL0629,ST068,2000-06-17,3,NA,1000,11.6,0.003,0.017,0.005,0.004,1.84,1.89,Composite Tube/Tube composite,mg/L,FALSE,FALSE,WB066,Center Buoy/Water chem site B,main,47.06338,-84.390411,Lower Batchawana Lake
CHL0630,ST068,2000-06-17,4,NA,1000,10.8,0.001,0.018,0.006,0.005,2.02,2.1,Composite Tube/Tube composite,mg/L,FALSE,FALSE,WB066,Center Buoy/Water chem site B,main,47.06338,-84.390411,Lower Batchawana Lake
CHL0631,ST091,2000-06-17,1,NA,1000,13.3,0.002,0.012,0.003,0.003,1.52,1.56,Composite Tube/Tube composite,mg/L,FALSE,FALSE,WB085,Center Buoy/Water chem site B,main,47.066412,-84.394125,Upper Batchawana Lake
CHL0632,ST091,2000-06-17,2,NA,1000,11.6,0.001,0.013,0.004,0.003,1.55,1.6,Composite Tube/Tube composite,mg/L,FALSE,FALSE,WB085,Center Buoy/Water chem site B,main,47.066412,-84.394125,Upper Batchawana Lake
CHL0633,ST091,2000-06-17,3,NA,1000,13,0.007,0.021,0.012,0.008,1.98,2.06,Composite Tube/Tube composite,mg/L,FALSE,FALSE,WB085,Center Buoy/Water chem site B,main,47.066412,-84.394125,Upper Batchawana Lake
CHL0634,ST091,2000-06-17,4,NA,1000,14.5,0.001,0.011,0.003,0.002,1.63,1.67,Composite Tube/Tube composite,mg/L,FALSE,FALSE,WB085,Center Buoy/Water chem site B,main,47.066412,-84.394125,Upper Batchawana Lake
CHL0635,ST065,2000-06-17,1,NA,1000,12.6,0.001,0.01,0.003,0.003,1.27,1.31,Composite Tube/Tube composite,mg/L,FALSE,FALSE,WB065,Center Buoy/Water chem site B,main,47.043396,-84.408613,Little Turkey Lake
CHL0636,ST065,2000-06-17,2,NA,1000,12.8,0.002,0.011,0.005,0.005,1.26,1.31,Composite Tube/Tube composite,mg/L,FALSE,FALSE,WB065,Center Buoy/Water chem site B,main,47.043396,-84.408613,Little Turkey Lake
CHL0637,ST065,2000-06-17,3,NA,1000,11.8,0.001,0.011,0.003,0.003,1.32,1.36,Composite Tube/Tube composite,mg/L,FALSE,FALSE,WB065,Center Buoy/Water chem site B,main,47.043396,-84.408613,Little Turkey Lake
CHL0638,ST065,2000-06-17,4,NA,1000,11.8,0,0.008,0.002,0.002,1.05,1.08,Composite Tube/Tube composite,mg/L,FALSE,FALSE,WB065,Center Buoy/Water chem site B,main,47.043396,-84.408613,Little Turkey Lake
CHL0639,ST079,2000-06-21,1,2,300,12,0,0.015,0.004,0.001,6.64,6.87,Composite Tube/Tube composite,mg/L,TRUE,FALSE,WB075,Center Buoy/Water chem site B,main,46.73133333,-84.22058333,Quinn Lake
CHL0640,ST079,2000-06-21,1,1,700,12.3,0,0.031,0.008,0.006,6.05,6.25,Composite Tube/Tube composite,mg/L,TRUE,FALSE,WB075,Center Buoy/Water chem site B,main,46.73133333,-84.22058333,Quinn Lake
CHL0641,ST079,2000-06-21,2,2,350,10.8,0.002,0.021,0.006,0.003,6.56,6.76,Composite Tube/Tube composite,mg/L,TRUE,FALSE,WB075,Center Buoy/Water chem site B,main,46.73133333,-84.22058333,Quinn Lake
CHL0642,ST079,2000-06-21,2,1,650,14.7,0.002,0.028,0.01,0.006,6.46,6.7,Composite Tube/Tube composite,mg/L,TRUE,FALSE,WB075,Center Buoy/Water chem site B,main,46.73133333,-84.22058333,Quinn Lake
CHL0643,ST079,2000-06-21,3,2,350,11.9,0.001,0.018,0.007,0.004,6.3,6.54,Composite Tube/Tube composite,mg/L,TRUE,FALSE,WB075,Center Buoy/Water chem site B,main,46.73133333,-84.22058333,Quinn Lake
CHL0644,ST079,2000-06-21,3,1,650,11.8,0,0.028,0.008,0.004,5.61,5.81,Composite Tube/Tube composite,mg/L,TRUE,FALSE,WB075,Center Buoy/Water chem site B,main,46.73133333,-84.22058333,Quinn Lake
CHL0645,ST068,2000-06-22,1,NA,1000,12.8,0.004,0.024,0.011,0.011,2.8,2.9,Composite Tube/Tube composite,mg/L,FALSE,FALSE,WB066,Center Buoy/Water chem site B,main,47.06338,-84.390411,Lower Batchawana Lake
CHL0646,ST068,2000-06-22,2,NA,1000,14.4,0.003,0.025,0.008,0.007,3.54,3.65,Composite Tube/Tube composite,mg/L,FALSE,FALSE,WB066,Center Buoy/Water chem site B,main,47.06338,-84.390411,Lower Batchawana Lake
CHL0647,ST068,2000-06-22,3,NA,1000,12.6,0.001,0.021,0.006,0.005,2.8,2.89,Composite Tube/Tube composite,mg/L,FALSE,FALSE,WB066,Center Buoy/Water chem site B,main,47.06338,-84.390411,Lower Batchawana Lake
CHL0648,ST091,2000-06-22,1,NA,1000,11.6,0.002,0.028,0.008,0.006,3.36,3.47,Composite Tube/Tube composite,mg/L,FALSE,FALSE,WB085,Center Buoy/Water chem site B,main,47.066412,-84.394125,Upper Batchawana Lake
CHL0649,ST091,2000-06-22,2,NA,1000,11.2,0.002,0.023,0.006,0.004,2.64,2.72,Composite Tube/Tube composite,mg/L,FALSE,FALSE,WB085,Center Buoy/Water chem site B,main,47.066412,-84.394125,Upper Batchawana Lake
CHL0650,ST091,2000-06-22,3,NA,1000,13.2,0.003,0.029,0.009,0.008,3.83,3.95,Composite Tube/Tube composite,mg/L,FALSE,FALSE,WB085,Center Buoy/Water chem site B,main,47.066412,-84.394125,Upper Batchawana Lake
CHL0651,ST095,2000-06-22,1,NA,1000,12.6,0.001,0.044,0.011,0.01,6.05,6.24,Composite Tube/Tube composite,mg/L,FALSE,FALSE,WB087,Buoy/Water chem site B,main,47.049274,-84.399988,Wishart Lake
CHL0652,ST095,2000-06-22,2,NA,1000,11,0.003,0.043,0.013,0.012,4.89,5.05,Composite Tube/Tube composite,mg/L,FALSE,FALSE,WB087,Buoy/Water chem site B,main,47.049274,-84.399988,Wishart Lake
CHL0653,ST095,2000-06-22,3,NA,1000,11.4,0.005,0.05,0.015,0.014,5.74,5.91,Composite Tube/Tube composite,mg/L,FALSE,FALSE,WB087,Buoy/Water chem site B,main,47.049274,-84.399988,Wishart Lake
CHL0654,ST065,2000-06-22,1,NA,1000,10.7,0.001,0.018,0.006,0.005,2.01,2.08,Composite Tube/Tube composite,mg/L,FALSE,FALSE,WB065,Center Buoy/Water chem site B,main,47.043396,-84.408613,Little Turkey Lake
CHL0655,ST065,2000-06-22,2,NA,1000,11.6,0.001,0.016,0.004,0.003,1.95,2.01,Composite Tube/Tube composite,mg/L,FALSE,FALSE,WB065,Center Buoy/Water chem site B,main,47.043396,-84.408613,Little Turkey Lake
CHL0656,ST065,2000-06-22,3,NA,1000,12.1,0.001,0.019,0.005,0.005,2.44,2.51,Composite Tube/Tube composite,mg/L,FALSE,FALSE,WB065,Center Buoy/Water chem site B,main,47.043396,-84.408613,Little Turkey Lake
CHL0657,ST095,2000-07-18,1,2,390,14.5,0,0.015,0.005,0.003,6.1,6.33,Composite Tube/Tube composite,mg/L,FALSE,FALSE,WB087,Buoy/Water chem site B,main,47.049274,-84.399988,Wishart Lake
CHL0658,ST095,2000-07-18,1,1,500,11.9,0.005,0.034,0.013,0.012,7.64,7.9,Composite Tube/Tube composite,mg/L,FALSE,FALSE,WB087,Buoy/Water chem site B,main,47.049274,-84.399988,Wishart Lake
CHL0659,ST095,2000-07-18,2,2,500,12.5,0.002,0.031,0.01,0.008,8.02,8.3,Composite Tube/Tube composite,mg/L,FALSE,FALSE,WB087,Buoy/Water chem site B,main,47.049274,-84.399988,Wishart Lake
CHL0660,ST095,2000-07-18,2,1,500,12.3,0.002,0.029,0.009,0.006,7.37,7.61,Composite Tube/Tube composite,mg/L,FALSE,FALSE,WB087,Buoy/Water chem site B,main,47.049274,-84.399988,Wishart Lake
CHL0661,ST095,2000-07-18,3,2,500,12.4,0.002,0.047,0.014,0.011,12.37,12.78,Composite Tube/Tube composite,mg/L,FALSE,FALSE,WB087,Buoy/Water chem site B,main,47.049274,-84.399988,Wishart Lake
CHL0662,ST095,2000-07-18,3,1,500,13.4,0.002,0.043,0.013,0.012,12.18,12.59,Composite Tube/Tube composite,mg/L,FALSE,FALSE,WB087,Buoy/Water chem site B,main,47.049274,-84.399988,Wishart Lake
CHL0663,ST079,2000-07-19,1,1,500,13.8,0.002,0.008,0.003,0.002,1.87,1.92,Composite Tube/Tube composite,mg/L,TRUE,FALSE,WB075,Center Buoy/Water chem site B,main,46.73133333,-84.22058333,Quinn Lake
CHL0664,ST079,2000-07-19,1,2,500,15.2,0.002,0.007,0.002,0.002,1.77,1.8,Composite Tube/Tube composite,mg/L,TRUE,FALSE,WB075,Center Buoy/Water chem site B,main,46.73133333,-84.22058333,Quinn Lake
CHL0665,ST079,2000-07-19,2,2,500,17.2,0.002,0.007,0.003,0.001,1.92,1.98,Composite Tube/Tube composite,mg/L,TRUE,FALSE,WB075,Center Buoy/Water chem site B,main,46.73133333,-84.22058333,Quinn Lake
CHL0666,ST079,2000-07-19,2,1,500,13.5,0,0.009,0.003,0.002,2.66,2.76,Composite Tube/Tube composite,mg/L,TRUE,FALSE,WB075,Center Buoy/Water chem site B,main,46.73133333,-84.22058333,Quinn Lake
CHL0667,ST079,2000-07-19,3,1,250,13.2,0,0.006,0.002,0.001,3.46,3.6,Composite Tube/Tube composite,mg/L,TRUE,FALSE,WB075,Center Buoy/Water chem site B,main,46.73133333,-84.22058333,Quinn Lake
CHL0668,ST079,2000-07-19,3,2,500,14.5,0.002,0.007,0.003,0.002,1.63,1.67,Composite Tube/Tube composite,mg/L,TRUE,FALSE,WB075,Center Buoy/Water chem site B,main,46.73133333,-84.22058333,Quinn Lake
CHL0669,ST068,2000-07-19,1,NA,1000,12.3,0.002,0.014,0.005,0.003,1.64,1.69,Composite Tube/Tube composite,mg/L,FALSE,FALSE,WB066,Center Buoy/Water chem site B,main,47.06338,-84.390411,Lower Batchawana Lake
CHL0670,ST068,2000-07-19,2,NA,1000,13.2,0.007,0.02,0.012,0.012,1.86,1.94,Composite Tube/Tube composite,mg/L,FALSE,FALSE,WB066,Center Buoy/Water chem site B,main,47.06338,-84.390411,Lower Batchawana Lake
CHL0671,ST068,2000-07-19,3,NA,1000,12,0.004,0.014,0.005,0.004,1.37,1.4,Composite Tube/Tube composite,mg/L,FALSE,FALSE,WB066,Center Buoy/Water chem site B,main,47.06338,-84.390411,Lower Batchawana Lake
CHL0672,ST091,2000-07-19,1,NA,1000,13.2,0,0.017,0.005,0.004,2.47,2.56,Composite Tube/Tube composite,mg/L,FALSE,FALSE,WB085,Center Buoy/Water chem site B,main,47.066412,-84.394125,Upper Batchawana Lake
CHL0673,ST091,2000-07-19,2,NA,1000,14.3,0.002,0.013,0.006,0.003,1.71,1.78,Composite Tube/Tube composite,mg/L,FALSE,FALSE,WB085,Center Buoy/Water chem site B,main,47.066412,-84.394125,Upper Batchawana Lake
CHL0674,ST091,2000-07-19,3,NA,1000,17.4,0.002,0.009,0.004,0.002,1.34,1.39,Composite Tube/Tube composite,mg/L,FALSE,FALSE,WB085,Center Buoy/Water chem site B,main,47.066412,-84.394125,Upper Batchawana Lake
CHL0675,ST065,2000-07-19,1,1,500,13.1,0.002,0.009,0.003,0.001,2.08,2.13,Composite Tube/Tube composite,mg/L,FALSE,FALSE,WB065,Center Buoy/Water chem site B,main,47.043396,-84.408613,Little Turkey Lake
CHL0676,ST065,2000-07-19,1,2,500,12.8,0.002,0.008,0.003,0.001,1.73,1.78,Composite Tube/Tube composite,mg/L,FALSE,FALSE,WB065,Center Buoy/Water chem site B,main,47.043396,-84.408613,Little Turkey Lake
CHL0677,ST065,2000-07-19,2,1,500,13,0.009,0.024,0.017,0.018,4.11,4.32,Composite Tube/Tube composite,mg/L,FALSE,FALSE,WB065,Center Buoy/Water chem site B,main,47.043396,-84.408613,Little Turkey Lake
CHL0678,ST065,2000-07-19,2,2,500,11.1,0.002,0.011,0.006,0.005,2.14,2.24,Composite Tube/Tube composite,mg/L,FALSE,FALSE,WB065,Center Buoy/Water chem site B,main,47.043396,-84.408613,Little Turkey Lake
CHL0679,ST065,2000-07-19,3,1,120,14.8,0.001,0.003,0.002,0.001,2.6,2.73,Composite Tube/Tube composite,mg/L,FALSE,FALSE,WB065,Center Buoy/Water chem site B,main,47.043396,-84.408613,Little Turkey Lake
CHL0680,ST065,2000-07-19,3,2,500,11.4,0.001,0.01,0.003,0.003,2.29,2.37,Composite Tube/Tube composite,mg/L,FALSE,FALSE,WB065,Center Buoy/Water chem site B,main,47.043396,-84.408613,Little Turkey Lake
CHL0681,ST079,2000-08-15,1,NA,1000,12,0.002,0.013,0.006,0.005,1.44,1.49,Composite Tube/Tube composite,mg/L,TRUE,FALSE,WB075,Center Buoy/Water chem site B,main,46.73133333,-84.22058333,Quinn Lake
CHL0682,ST079,2000-08-15,2,NA,1000,11.8,0.001,0.021,0.008,0.006,2.57,2.67,Composite Tube/Tube composite,mg/L,TRUE,FALSE,WB075,Center Buoy/Water chem site B,main,46.73133333,-84.22058333,Quinn Lake
CHL0683,ST079,2000-08-15,3,NA,1000,11,0.002,0.022,0.007,0.006,2.45,2.53,Composite Tube/Tube composite,mg/L,TRUE,FALSE,WB075,Center Buoy/Water chem site B,main,46.73133333,-84.22058333,Quinn Lake
CHL0684,ST068,2000-08-17,1,2,500,13.6,0.001,0.007,0.002,0.003,1.85,1.9,Composite Tube/Tube composite,mg/L,FALSE,FALSE,WB066,Center Buoy/Water chem site B,main,47.06338,-84.390411,Lower Batchawana Lake
CHL0685,ST068,2000-08-17,1,1,500,11.4,0.003,0.01,0.004,0.004,1.81,1.86,Composite Tube/Tube composite,mg/L,FALSE,FALSE,WB066,Center Buoy/Water chem site B,main,47.06338,-84.390411,Lower Batchawana Lake
CHL0686,ST068,2000-08-17,2,2,500,14.2,0.002,0.008,0.003,0.001,1.92,1.97,Composite Tube/Tube composite,mg/L,FALSE,FALSE,WB066,Center Buoy/Water chem site B,main,47.06338,-84.390411,Lower Batchawana Lake
CHL0687,ST068,2000-08-17,2,1,500,11.5,0.003,0.011,0.005,0.005,2.05,2.11,Composite Tube/Tube composite,mg/L,FALSE,FALSE,WB066,Center Buoy/Water chem site B,main,47.06338,-84.390411,Lower Batchawana Lake
CHL0688,ST068,2000-08-17,3,2,500,12.6,0.003,0.009,0.006,0.007,1.61,1.68,Composite Tube/Tube composite,mg/L,FALSE,FALSE,WB066,Center Buoy/Water chem site B,main,47.06338,-84.390411,Lower Batchawana Lake
CHL0689,ST068,2000-08-17,3,1,500,11.2,0.002,0.011,0.005,0.005,2.21,2.29,Composite Tube/Tube composite,mg/L,FALSE,FALSE,WB066,Center Buoy/Water chem site B,main,47.06338,-84.390411,Lower Batchawana Lake
CHL0690,ST091,2000-08-17,1,2,500,11.5,0,0.007,0.002,0.002,1.78,1.84,Composite Tube/Tube composite,mg/L,FALSE,FALSE,WB085,Center Buoy/Water chem site B,main,47.066412,-84.394125,Upper Batchawana Lake
CHL0691,ST091,2000-08-17,1,1,500,14,0.002,0.006,0.003,0.003,1.25,1.29,Composite Tube/Tube composite,mg/L,FALSE,FALSE,WB085,Center Buoy/Water chem site B,main,47.066412,-84.394125,Upper Batchawana Lake
CHL0692,ST091,2000-08-17,2,1,500,11.5,0.007,0.016,0.012,0.01,2.17,2.28,Composite Tube/Tube composite,mg/L,FALSE,FALSE,WB085,Center Buoy/Water chem site B,main,47.066412,-84.394125,Upper Batchawana Lake
CHL0693,ST091,2000-08-17,2,2,500,11.3,0.003,0.01,0.005,0.005,1.75,1.81,Composite Tube/Tube composite,mg/L,FALSE,FALSE,WB085,Center Buoy/Water chem site B,main,47.066412,-84.394125,Upper Batchawana Lake
CHL0694,ST091,2000-08-17,3,2,500,11.5,0.003,0.01,0.005,0.004,1.78,1.84,Composite Tube/Tube composite,mg/L,FALSE,FALSE,WB085,Center Buoy/Water chem site B,main,47.066412,-84.394125,Upper Batchawana Lake
CHL0695,ST091,2000-08-17,3,1,500,12.6,0.002,0.009,0.004,0.004,1.95,2.02,Composite Tube/Tube composite,mg/L,FALSE,FALSE,WB085,Center Buoy/Water chem site B,main,47.066412,-84.394125,Upper Batchawana Lake
CHL0696,ST095,2000-08-17,1,1,500,13.7,0.002,0.021,0.007,0.005,5.77,5.96,Composite Tube/Tube composite,mg/L,FALSE,FALSE,WB087,Buoy/Water chem site B,main,47.049274,-84.399988,Wishart Lake
CHL0697,ST095,2000-08-17,1,2,450,13,0.002,0.016,0.005,0.005,4.53,4.67,Composite Tube/Tube composite,mg/L,FALSE,FALSE,WB087,Buoy/Water chem site B,main,47.049274,-84.399988,Wishart Lake
CHL0698,ST095,2000-08-17,2,2,460,12.7,0.002,0.02,0.006,0.005,5.55,5.73,Composite Tube/Tube composite,mg/L,FALSE,FALSE,WB087,Buoy/Water chem site B,main,47.049274,-84.399988,Wishart Lake
CHL0699,ST095,2000-08-17,2,1,500,12.4,0.001,0.021,0.007,0.005,5.46,5.66,Composite Tube/Tube composite,mg/L,FALSE,FALSE,WB087,Buoy/Water chem site B,main,47.049274,-84.399988,Wishart Lake
CHL0700,ST095,2000-08-17,3,2,400,14.6,0,0.008,0.003,0.003,3.17,3.3,Composite Tube/Tube composite,mg/L,FALSE,FALSE,WB087,Buoy/Water chem site B,main,47.049274,-84.399988,Wishart Lake
CHL0701,ST095,2000-08-17,3,1,500,11.3,0.001,0.018,0.006,0.006,4.24,4.39,Composite Tube/Tube composite,mg/L,FALSE,FALSE,WB087,Buoy/Water chem site B,main,47.049274,-84.399988,Wishart Lake
CHL0702,ST095,2000-08-17,4,NA,1000,10.8,0.002,0.019,0.006,0.005,2.05,2.11,Composite Tube/Tube composite,mg/L,FALSE,FALSE,WB087,Buoy/Water chem site B,main,47.049274,-84.399988,Wishart Lake
CHL0703,ST065,2000-08-17,2,NA,1000,11.8,0,0.014,0.004,0.002,1.82,1.89,Composite Tube/Tube composite,mg/L,FALSE,FALSE,WB065,Center Buoy/Water chem site B,main,47.043396,-84.408613,Little Turkey Lake
CHL0704,ST065,2000-08-17,3,NA,1000,13.1,0.002,0.015,0.005,0.003,1.9,1.96,Composite Tube/Tube composite,mg/L,FALSE,FALSE,WB065,Center Buoy/Water chem site B,main,47.043396,-84.408613,Little Turkey Lake
CHL0705,ST095,2000-09-12,1,1,500,10.5,0.004,0.019,0.006,0.006,3.58,3.67,Composite Tube/Tube composite,mg/L,FALSE,FALSE,WB087,Buoy/Water chem site B,main,47.049274,-84.399988,Wishart Lake
CHL0706,ST095,2000-09-12,1,2,500,16.3,0.001,0.013,0.004,0.004,4.35,4.49,Composite Tube/Tube composite,mg/L,FALSE,FALSE,WB087,Buoy/Water chem site B,main,47.049274,-84.399988,Wishart Lake
CHL0707,ST095,2000-09-12,2,1,500,11.5,0.001,0.015,0.005,0.004,3.56,3.68,Composite Tube/Tube composite,mg/L,FALSE,FALSE,WB087,Buoy/Water chem site B,main,47.049274,-84.399988,Wishart Lake
CHL0708,ST095,2000-09-12,2,2,500,13.4,0.004,0.02,0.008,0.008,4.77,4.92,Composite Tube/Tube composite,mg/L,FALSE,FALSE,WB087,Buoy/Water chem site B,main,47.049274,-84.399988,Wishart Lake
CHL0709,ST095,2000-09-12,3,1,500,15.3,0.002,0.015,0.006,0.006,4.38,4.54,Composite Tube/Tube composite,mg/L,FALSE,FALSE,WB087,Buoy/Water chem site B,main,47.049274,-84.399988,Wishart Lake
CHL0710,ST095,2000-09-12,3,2,500,12.5,0.001,0.017,0.006,0.006,4.4,4.56,Composite Tube/Tube composite,mg/L,FALSE,FALSE,WB087,Buoy/Water chem site B,main,47.049274,-84.399988,Wishart Lake
CHL0711,ST079,2000-09-13,1,NA,1000,10.7,0.003,0.03,0.01,0.01,3.21,3.31,Composite Tube/Tube composite,mg/L,TRUE,FALSE,WB075,Center Buoy/Water chem site B,main,46.73133333,-84.22058333,Quinn Lake
CHL0712,ST079,2000-09-13,2,NA,1000,12.4,0.003,0.023,0.008,0.007,2.76,2.85,Composite Tube/Tube composite,mg/L,TRUE,FALSE,WB075,Center Buoy/Water chem site B,main,46.73133333,-84.22058333,Quinn Lake
CHL0713,ST079,2000-09-13,3,NA,1000,15.2,0.001,0.02,0.006,0.005,3.2,3.31,Composite Tube/Tube composite,mg/L,TRUE,FALSE,WB075,Center Buoy/Water chem site B,main,46.73133333,-84.22058333,Quinn Lake
CHL0714,ST068,2000-09-13,1,NA,970,12.4,0.002,0.009,0.004,0.004,0.99,1.02,Composite Tube/Tube composite,mg/L,FALSE,FALSE,WB066,Center Buoy/Water chem site B,main,47.06338,-84.390411,Lower Batchawana Lake
CHL0715,ST068,2000-09-13,2,NA,1000,11.2,0.001,0.009,0.004,0.004,0.97,1.01,Composite Tube/Tube composite,mg/L,FALSE,FALSE,WB066,Center Buoy/Water chem site B,main,47.06338,-84.390411,Lower Batchawana Lake
CHL0716,ST068,2000-09-13,3,NA,1000,12.3,0.003,0.01,0.005,0.004,0.95,0.98,Composite Tube/Tube composite,mg/L,FALSE,FALSE,WB066,Center Buoy/Water chem site B,main,47.06338,-84.390411,Lower Batchawana Lake
CHL0717,ST091,2000-09-13,1,NA,1000,13.2,0.003,0.012,0.005,0.005,1.33,1.37,Composite Tube/Tube composite,mg/L,FALSE,FALSE,WB085,Center Buoy/Water chem site B,main,47.066412,-84.394125,Upper Batchawana Lake
CHL0718,ST091,2000-09-13,2,NA,1000,16.1,0.004,0.009,0.006,0.005,0.87,0.91,Composite Tube/Tube composite,mg/L,FALSE,FALSE,WB085,Center Buoy/Water chem site B,main,47.066412,-84.394125,Upper Batchawana Lake
CHL0719,ST091,2000-09-13,3,NA,1000,13.4,0.001,0.011,0.004,0.004,1.48,1.53,Composite Tube/Tube composite,mg/L,FALSE,FALSE,WB085,Center Buoy/Water chem site B,main,47.066412,-84.394125,Upper Batchawana Lake
CHL0720,ST065,2000-09-13,1,NA,1000,15.8,0.003,0.011,0.005,0.005,1.41,1.45,Composite Tube/Tube composite,mg/L,FALSE,FALSE,WB065,Center Buoy/Water chem site B,main,47.043396,-84.408613,Little Turkey Lake
CHL0721,ST065,2000-09-13,2,NA,1000,11.7,0.004,0.014,0.007,0.006,1.29,1.33,Composite Tube/Tube composite,mg/L,FALSE,FALSE,WB065,Center Buoy/Water chem site B,main,47.043396,-84.408613,Little Turkey Lake
CHL0722,ST065,2000-09-13,3,NA,1000,12.6,0.003,0.013,0.007,0.006,1.36,1.42,Composite Tube/Tube composite,mg/L,FALSE,FALSE,WB065,Center Buoy/Water chem site B,main,47.043396,-84.408613,Little Turkey Lake
CHL0723,ST095,2000-09-15,1,1,500,13.5,0.001,0.015,0.005,0.005,4.18,4.32,Composite Tube/Tube composite,mg/L,FALSE,FALSE,WB087,Buoy/Water chem site B,main,47.049274,-84.399988,Wishart Lake
CHL0724,ST095,2000-09-15,1,2,500,13.3,0.003,0.017,0.005,0.005,4.23,4.34,Composite Tube/Tube composite,mg/L,FALSE,FALSE,WB087,Buoy/Water chem site B,main,47.049274,-84.399988,Wishart Lake
CHL0725,ST095,2000-09-15,2,1,500,14.1,0.006,0.02,0.012,0.011,4.24,4.43,Composite Tube/Tube composite,mg/L,FALSE,FALSE,WB087,Buoy/Water chem site B,main,47.049274,-84.399988,Wishart Lake
CHL0726,ST095,2000-09-15,2,2,500,15,0.032,0.049,0.04,0.039,5.44,5.69,Composite Tube/Tube composite,mg/L,FALSE,FALSE,WB087,Buoy/Water chem site B,main,47.049274,-84.399988,Wishart Lake
CHL0727,ST095,2000-09-15,3,1,500,16.8,0.001,0.01,0.003,0.003,3.38,3.49,Composite Tube/Tube composite,mg/L,FALSE,FALSE,WB087,Buoy/Water chem site B,main,47.049274,-84.399988,Wishart Lake
CHL0728,ST095,2000-09-15,3,2,500,13.8,0.003,0.017,0.009,0.008,4.15,4.33,Composite Tube/Tube composite,mg/L,FALSE,FALSE,WB087,Buoy/Water chem site B,main,47.049274,-84.399988,Wishart Lake
CHL0729,ST095,2000-09-20,1,1,500,13.8,0,0.015,0.004,0.003,4.59,4.74,Hand Draw/Prélèvement manuel,mg/L,FALSE,FALSE,WB087,Buoy/Water chem site B,main,47.049274,-84.399988,Wishart Lake
CHL0730,ST095,2000-09-20,2,2,400,14.7,0,0.009,0.003,0.002,3.62,3.76,Hand Draw/Prélèvement manuel,mg/L,FALSE,FALSE,WB087,Buoy/Water chem site B,main,47.049274,-84.399988,Wishart Lake
CHL0731,ST095,2000-09-20,2,1,500,11.9,0,0.013,0.004,0.003,3.4,3.53,Hand Draw/Prélèvement manuel,mg/L,FALSE,FALSE,WB087,Buoy/Water chem site B,main,47.049274,-84.399988,Wishart Lake
CHL0732,ST095,2000-09-20,3,2,500,13.5,0,0.012,0.003,0.003,3.6,3.72,Hand Draw/Prélèvement manuel,mg/L,FALSE,FALSE,WB087,Buoy/Water chem site B,main,47.049274,-84.399988,Wishart Lake
CHL0733,ST095,2000-09-20,3,1,500,13.8,0,0.012,0.004,0.004,3.63,3.76,Hand Draw/Prélèvement manuel,mg/L,FALSE,FALSE,WB087,Buoy/Water chem site B,main,47.049274,-84.399988,Wishart Lake
CHL0734,ST079,2000-10-03,1,NA,1000,16,0.005,0.034,0.013,0.012,5.14,5.31,NA,mg/L,TRUE,FALSE,WB075,Center Buoy/Water chem site B,main,46.73133333,-84.22058333,Quinn Lake
CHL0735,ST095,2000-10-03,1,NA,1000,13.1,0.004,0.018,0.007,0.008,2.06,2.12,NA,mg/L,FALSE,FALSE,WB087,Buoy/Water chem site B,main,47.049274,-84.399988,Wishart Lake
CHL0736,ST068,2000-10-11,1,NA,1000,12.7,0.002,0.006,0.002,0.002,0.59,0.6,Composite Tube/Tube composite,mg/L,FALSE,FALSE,WB066,Center Buoy/Water chem site B,main,47.06338,-84.390411,Lower Batchawana Lake
CHL0737,ST068,2000-10-11,2,NA,1000,11.1,0.001,0.007,0.002,0.002,0.75,0.77,Composite Tube/Tube composite,mg/L,FALSE,FALSE,WB066,Center Buoy/Water chem site B,main,47.06338,-84.390411,Lower Batchawana Lake
CHL0738,ST068,2000-10-11,3,NA,1000,11.2,0.002,0.006,0.003,0.002,0.5,0.51,Composite Tube/Tube composite,mg/L,FALSE,FALSE,WB066,Center Buoy/Water chem site B,main,47.06338,-84.390411,Lower Batchawana Lake
CHL0739,ST091,2000-10-11,1,NA,1000,13.3,0,0.007,0.003,0.001,1,1.04,Composite Tube/Tube composite,mg/L,FALSE,FALSE,WB085,Center Buoy/Water chem site B,main,47.066412,-84.394125,Upper Batchawana Lake
CHL0740,ST091,2000-10-11,2,NA,1000,13,0,0.009,0.003,0.001,1.28,1.33,Composite Tube/Tube composite,mg/L,FALSE,FALSE,WB085,Center Buoy/Water chem site B,main,47.066412,-84.394125,Upper Batchawana Lake
CHL0741,ST091,2000-10-11,3,NA,1000,11.9,0.002,0.01,0.003,0.004,1.08,1.11,Composite Tube/Tube composite,mg/L,FALSE,FALSE,WB085,Center Buoy/Water chem site B,main,47.066412,-84.394125,Upper Batchawana Lake
CHL0742,ST095,2000-10-11,1,NA,1000,11.8,0.004,0.014,0.006,0.006,1.32,1.36,Composite Tube/Tube composite,mg/L,FALSE,FALSE,WB087,Buoy/Water chem site B,main,47.049274,-84.399988,Wishart Lake
CHL0743,ST095,2000-10-11,2,NA,1000,12.5,0.001,0.01,0.004,0.003,1.23,1.28,Composite Tube/Tube composite,mg/L,FALSE,FALSE,WB087,Buoy/Water chem site B,main,47.049274,-84.399988,Wishart Lake
CHL0744,ST095,2000-10-11,3,NA,1000,12.2,0.004,0.014,0.007,0.006,1.34,1.39,Composite Tube/Tube composite,mg/L,FALSE,FALSE,WB087,Buoy/Water chem site B,main,47.049274,-84.399988,Wishart Lake
CHL0745,ST065,2000-10-11,1,NA,1000,12.6,0.001,0.01,0.004,0.003,1.24,1.29,Composite Tube/Tube composite,mg/L,FALSE,FALSE,WB065,Center Buoy/Water chem site B,main,47.043396,-84.408613,Little Turkey Lake
CHL0746,ST065,2000-10-11,2,NA,1000,15.2,0,0.01,0.004,0.003,1.64,1.71,Composite Tube/Tube composite,mg/L,FALSE,FALSE,WB065,Center Buoy/Water chem site B,main,47.043396,-84.408613,Little Turkey Lake
CHL0747,ST065,2000-10-11,3,NA,1000,14.3,0,0.011,0.003,0.002,1.74,1.8,Composite Tube/Tube composite,mg/L,FALSE,FALSE,WB065,Center Buoy/Water chem site B,main,47.043396,-84.408613,Little Turkey Lake
CHL0748,ST079,2000-10-12,1,NA,1000,14.3,0.001,0.052,0.015,0.013,8.07,8.35,NA,mg/L,TRUE,FALSE,WB075,Center Buoy/Water chem site B,main,46.73133333,-84.22058333,Quinn Lake
CHL0749,ST079,2000-10-12,2,NA,1000,13.8,0.003,0.042,0.015,0.014,5.92,6.13,NA,mg/L,TRUE,FALSE,WB075,Center Buoy/Water chem site B,main,46.73133333,-84.22058333,Quinn Lake
CHL0750,ST079,2000-10-12,3,NA,1000,13.5,0,0.052,0.014,0.012,7.78,8.04,NA,mg/L,TRUE,FALSE,WB075,Center Buoy/Water chem site B,main,46.73133333,-84.22058333,Quinn Lake
CHL0751,ST065,2001-02-14,1,NA,1000,12.5,0.002,0.003,0.003,0.002,0.12,0.13,NA,mg/L,FALSE,FALSE,WB065,Center Buoy/Water chem site B,main,47.043396,-84.408613,Little Turkey Lake
CHL0752,ST065,2001-02-14,2,NA,1000,13,0.001,0.002,0.001,0.001,0.15,0.15,NA,mg/L,FALSE,FALSE,WB065,Center Buoy/Water chem site B,main,47.043396,-84.408613,Little Turkey Lake
CHL0753,ST065,2001-02-14,3,NA,1000,11.2,0.002,0.004,0.003,0.003,0.24,0.25,NA,mg/L,FALSE,FALSE,WB065,Center Buoy/Water chem site B,main,47.043396,-84.408613,Little Turkey Lake
CHL0754,ST079,2001-02-21,1,NA,1000,14.7,0,0.004,0.002,0.002,0.62,0.65,Composite Tube/Tube composite,mg/L,TRUE,FALSE,WB075,Center Buoy/Water chem site B,main,46.73133333,-84.22058333,Quinn Lake
CHL0755,ST079,2001-02-21,2,NA,1000,13.1,0,0.005,0.002,0.002,0.71,0.74,Composite Tube/Tube composite,mg/L,TRUE,FALSE,WB075,Center Buoy/Water chem site B,main,46.73133333,-84.22058333,Quinn Lake
CHL0756,ST079,2001-02-21,3,NA,1000,16.5,0.002,0.005,0.003,0.002,0.54,0.56,Composite Tube/Tube composite,mg/L,TRUE,FALSE,WB075,Center Buoy/Water chem site B,main,46.73133333,-84.22058333,Quinn Lake
CHL0757,ST079,2001-05-08,1,NA,1000,12.5,0.001,0.035,0.011,0.008,4.69,4.85,Composite Tube/Tube composite,mg/L,TRUE,FALSE,WB075,Center Buoy/Water chem site B,main,46.73133333,-84.22058333,Quinn Lake
CHL0758,ST079,2001-05-08,2,NA,1000,12.4,0.001,0.032,0.011,0.008,4.22,4.37,Composite Tube/Tube composite,mg/L,TRUE,FALSE,WB075,Center Buoy/Water chem site B,main,46.73133333,-84.22058333,Quinn Lake
CHL0759,ST079,2001-05-08,3,NA,1000,12.5,0,0.031,0.01,0.007,4.25,4.41,Composite Tube/Tube composite,mg/L,TRUE,FALSE,WB075,Center Buoy/Water chem site B,main,46.73133333,-84.22058333,Quinn Lake
CHL0760,ST068,2001-05-09,1,NA,1000,14,0.001,0.021,0.008,0.005,3.05,3.17,Composite Tube/Tube composite,mg/L,FALSE,FALSE,WB066,Center Buoy/Water chem site B,main,47.06338,-84.390411,Lower Batchawana Lake
CHL0761,ST068,2001-05-09,2,NA,1000,12.2,0.001,0.024,0.008,0.006,3.09,3.2,Composite Tube/Tube composite,mg/L,FALSE,FALSE,WB066,Center Buoy/Water chem site B,main,47.06338,-84.390411,Lower Batchawana Lake
CHL0762,ST068,2001-05-09,3,NA,1000,12,0,0.019,0.007,0.004,2.48,2.58,Composite Tube/Tube composite,mg/L,FALSE,FALSE,WB066,Center Buoy/Water chem site B,main,47.06338,-84.390411,Lower Batchawana Lake
CHL0763,ST091,2001-05-09,1,NA,1000,11.8,0.002,0.018,0.006,0.006,2.1,2.17,Composite Tube/Tube composite,mg/L,FALSE,FALSE,WB085,Center Buoy/Water chem site B,main,47.066412,-84.394125,Upper Batchawana Lake
CHL0764,ST091,2001-05-09,2,NA,1000,11.9,0.001,0.017,0.005,0.004,2.12,2.19,Composite Tube/Tube composite,mg/L,FALSE,FALSE,WB085,Center Buoy/Water chem site B,main,47.066412,-84.394125,Upper Batchawana Lake
CHL0765,ST091,2001-05-09,3,NA,1000,11.7,0.001,0.018,0.005,0.005,2.22,2.29,Composite Tube/Tube composite,mg/L,FALSE,FALSE,WB085,Center Buoy/Water chem site B,main,47.066412,-84.394125,Upper Batchawana Lake
CHL0766,ST095,2001-05-09,1,NA,1000,11.6,0.001,0.012,0.003,0.003,1.44,1.48,Composite Tube/Tube composite,mg/L,FALSE,FALSE,WB087,Buoy/Water chem site B,main,47.049274,-84.399988,Wishart Lake
CHL0767,ST095,2001-05-09,2,NA,1000,13.9,0.003,0.012,0.004,0.005,1.43,1.46,Composite Tube/Tube composite,mg/L,FALSE,FALSE,WB087,Buoy/Water chem site B,main,47.049274,-84.399988,Wishart Lake
CHL0768,ST095,2001-05-09,3,NA,1000,13.5,0.001,0.012,0.003,0.003,1.67,1.72,Composite Tube/Tube composite,mg/L,FALSE,FALSE,WB087,Buoy/Water chem site B,main,47.049274,-84.399988,Wishart Lake
CHL0769,ST065,2001-05-09,1,NA,1000,10.3,0.001,0.02,0.006,0.005,2.17,2.24,Composite Tube/Tube composite,mg/L,FALSE,FALSE,WB065,Center Buoy/Water chem site B,main,47.043396,-84.408613,Little Turkey Lake
CHL0770,ST065,2001-05-09,2,NA,1000,12,0,0.017,0.006,0.004,2.22,2.31,Composite Tube/Tube composite,mg/L,FALSE,FALSE,WB065,Center Buoy/Water chem site B,main,47.043396,-84.408613,Little Turkey Lake
CHL0771,ST065,2001-05-09,3,NA,1000,12.3,0,0.015,0.006,0.004,1.99,2.08,Composite Tube/Tube composite,mg/L,FALSE,FALSE,WB065,Center Buoy/Water chem site B,main,47.043396,-84.408613,Little Turkey Lake
CHL0772,ST079,2001-05-22,1,NA,1000,14.2,0,0.031,0.01,0.0085,4.83,5.01,Composite Tube/Tube composite,mg/L,TRUE,FALSE,WB075,Center Buoy/Water chem site B,main,46.73133333,-84.22058333,Quinn Lake
CHL0773,ST079,2001-05-22,2,NA,1000,16,0.001,0.025,0.008,0.006,4.24,4.38,Composite Tube/Tube composite,mg/L,TRUE,FALSE,WB075,Center Buoy/Water chem site B,main,46.73133333,-84.22058333,Quinn Lake
CHL0774,ST079,2001-05-22,3,NA,1000,13.4,0.002,0.031,0.0115,0.01,4.26,4.42,Composite Tube/Tube composite,mg/L,TRUE,FALSE,WB075,Center Buoy/Water chem site B,main,46.73133333,-84.22058333,Quinn Lake
CHL0775,ST068,2001-05-22,1,NA,1000,13.4,0.003,0.015,0.006,0.005,1.79,1.85,Composite Tube/Tube composite,mg/L,FALSE,FALSE,WB066,Center Buoy/Water chem site B,main,47.06338,-84.390411,Lower Batchawana Lake
CHL0776,ST068,2001-05-22,2,NA,1000,12.5,0,0.006,0.002,0.002,0.82,0.85,Composite Tube/Tube composite,mg/L,FALSE,FALSE,WB066,Center Buoy/Water chem site B,main,47.06338,-84.390411,Lower Batchawana Lake
CHL0777,ST068,2001-05-22,3,NA,1000,14.7,0.006,0.014,0.008,0.008,1.31,1.35,Composite Tube/Tube composite,mg/L,FALSE,FALSE,WB066,Center Buoy/Water chem site B,main,47.06338,-84.390411,Lower Batchawana Lake
CHL0778,ST091,2001-05-22,1,NA,1000,10.1,0.001,0.012,0.005,0.002,1.21,1.26,Composite Tube/Tube composite,mg/L,FALSE,FALSE,WB085,Center Buoy/Water chem site B,main,47.066412,-84.394125,Upper Batchawana Lake
CHL0779,ST091,2001-05-22,2,NA,1000,12,0.002,0.011,0.004,0.003,1.21,1.24,Composite Tube/Tube composite,mg/L,FALSE,FALSE,WB085,Center Buoy/Water chem site B,main,47.066412,-84.394125,Upper Batchawana Lake
CHL0780,ST091,2001-05-22,3,NA,1000,11.8,0.001,0.009,0.002,0.002,1.07,1.1,Composite Tube/Tube composite,mg/L,FALSE,FALSE,WB085,Center Buoy/Water chem site B,main,47.066412,-84.394125,Upper Batchawana Lake
CHL0781,ST095,2001-05-22,1,NA,1000,13.1,0.001,0.015,0.004,0.004,2.05,2.12,Composite Tube/Tube composite,mg/L,FALSE,FALSE,WB087,Buoy/Water chem site B,main,47.049274,-84.399988,Wishart Lake
CHL0782,ST095,2001-05-22,2,NA,1000,12.4,0.001,0.014,0.004,0.004,1.8,1.86,Composite Tube/Tube composite,mg/L,FALSE,FALSE,WB087,Buoy/Water chem site B,main,47.049274,-84.399988,Wishart Lake
CHL0783,ST095,2001-05-22,3,NA,1000,10,0,0.02,0.006,0.004,2.2,2.28,Composite Tube/Tube composite,mg/L,FALSE,FALSE,WB087,Buoy/Water chem site B,main,47.049274,-84.399988,Wishart Lake
CHL0784,ST065,2001-05-22,1,NA,1000,11.8,0,0.008,0.002,0.001,1.05,1.08,Composite Tube/Tube composite,mg/L,FALSE,FALSE,WB065,Center Buoy/Water chem site B,main,47.043396,-84.408613,Little Turkey Lake
CHL0785,ST065,2001-05-22,2,NA,1000,12,0.003,0.012,0.005,0.004,1.21,1.24,Composite Tube/Tube composite,mg/L,FALSE,FALSE,WB065,Center Buoy/Water chem site B,main,47.043396,-84.408613,Little Turkey Lake
CHL0786,ST065,2001-05-22,3,NA,1000,12.4,0,0.007,0.002,0.002,0.96,0.99,Composite Tube/Tube composite,mg/L,FALSE,FALSE,WB065,Center Buoy/Water chem site B,main,47.043396,-84.408613,Little Turkey Lake
CHL0787,ST068,2001-06-20,1,NA,1000,13.7,0.001,0.024,0.007,0.005,3.5,3.61,Composite Tube/Tube composite,mg/L,FALSE,FALSE,WB066,Center Buoy/Water chem site B,main,47.06338,-84.390411,Lower Batchawana Lake
CHL0788,ST068,2001-06-20,2,NA,1000,12.5,0.002,0.026,0.008,0.007,3.34,3.44,Composite Tube/Tube composite,mg/L,FALSE,FALSE,WB066,Center Buoy/Water chem site B,main,47.06338,-84.390411,Lower Batchawana Lake
CHL0789,ST068,2001-06-20,3,NA,1000,11.4,0,0.026,0.007,0.006,3.28,3.39,Composite Tube/Tube composite,mg/L,FALSE,FALSE,WB066,Center Buoy/Water chem site B,main,47.06338,-84.390411,Lower Batchawana Lake
CHL0790,ST091,2001-06-20,1,NA,1000,15.2,0,0.014,0.005,0.003,2.32,2.41,Composite Tube/Tube composite,mg/L,FALSE,FALSE,WB085,Center Buoy/Water chem site B,main,47.066412,-84.394125,Upper Batchawana Lake
CHL0791,ST091,2001-06-20,2,NA,1000,12.3,0.001,0.022,0.007,0.005,2.85,2.95,Composite Tube/Tube composite,mg/L,FALSE,FALSE,WB085,Center Buoy/Water chem site B,main,47.066412,-84.394125,Upper Batchawana Lake
CHL0792,ST091,2001-06-20,3,NA,1000,13.6,0.001,0.015,0.004,0.002,2.13,2.19,Composite Tube/Tube composite,mg/L,FALSE,FALSE,WB085,Center Buoy/Water chem site B,main,47.066412,-84.394125,Upper Batchawana Lake
CHL0793,ST095,2001-06-20,1,1,500,11.5,0,0.024,0.006,0.004,6.14,6.34,Composite Tube/Tube composite,mg/L,FALSE,FALSE,WB087,Buoy/Water chem site B,main,47.049274,-84.399988,Wishart Lake
CHL0794,ST095,2001-06-20,1,2,500,11.6,0.012,0.033,0.017,0.014,5.43,5.6,Composite Tube/Tube composite,mg/L,FALSE,FALSE,WB087,Buoy/Water chem site B,main,47.049274,-84.399988,Wishart Lake
CHL0795,ST095,2001-06-20,2,1,500,12.7,0.003,0.024,0.008,0.007,5.94,6.13,Composite Tube/Tube composite,mg/L,FALSE,FALSE,WB087,Buoy/Water chem site B,main,47.049274,-84.399988,Wishart Lake
CHL0796,ST095,2001-06-20,2,2,500,14,0.001,0.019,0.005,0.004,5.63,5.81,Composite Tube/Tube composite,mg/L,FALSE,FALSE,WB087,Buoy/Water chem site B,main,47.049274,-84.399988,Wishart Lake
CHL0797,ST095,2001-06-20,3,1,500,12.3,0.001,0.02,0.005,0.005,5.24,5.4,Composite Tube/Tube composite,mg/L,FALSE,FALSE,WB087,Buoy/Water chem site B,main,47.049274,-84.399988,Wishart Lake
CHL0798,ST095,2001-06-20,3,2,500,12,0,0.02,0.005,0.004,5.34,5.51,Composite Tube/Tube composite,mg/L,FALSE,FALSE,WB087,Buoy/Water chem site B,main,47.049274,-84.399988,Wishart Lake
CHL0799,ST065,2001-06-20,1,NA,1000,11.8,0,0.013,0.003,0.002,1.71,1.77,Composite Tube/Tube composite,mg/L,FALSE,FALSE,WB065,Center Buoy/Water chem site B,main,47.043396,-84.408613,Little Turkey Lake
CHL0800,ST065,2001-06-20,2,NA,1000,11.9,0.001,0.015,0.004,0.004,1.87,1.92,Composite Tube/Tube composite,mg/L,FALSE,FALSE,WB065,Center Buoy/Water chem site B,main,47.043396,-84.408613,Little Turkey Lake
CHL0801,ST065,2001-06-20,3,NA,1000,12.7,0.006,0.019,0.009,0.009,1.84,1.9,Composite Tube/Tube composite,mg/L,FALSE,FALSE,WB065,Center Buoy/Water chem site B,main,47.043396,-84.408613,Little Turkey Lake
CHL0802,ST079,2001-06-25,1,NA,1000,13.9,0.001,0.023,0.005,0.006,3.45,3.54,Composite Tube/Tube composite,mg/L,TRUE,FALSE,WB075,Center Buoy/Water chem site B,main,46.73133333,-84.22058333,Quinn Lake
CHL0803,ST079,2001-06-25,2,NA,1000,10.5,0.001,0.032,0.009,0.007,3.61,3.73,Composite Tube/Tube composite,mg/L,TRUE,FALSE,WB075,Center Buoy/Water chem site B,main,46.73133333,-84.22058333,Quinn Lake
CHL0804,ST079,2001-06-25,3,NA,1000,10.5,0.001,0.03,0.009,0.006,3.37,3.48,Composite Tube/Tube composite,mg/L,TRUE,FALSE,WB075,Center Buoy/Water chem site B,main,46.73133333,-84.22058333,Quinn Lake
CHL0805,ST079,2001-07-18,1,NA,1000,13.8,0.006,0.03,0.011,0.009,3.71,3.82,Composite Tube/Tube composite,mg/L,TRUE,FALSE,WB075,Center Buoy/Water chem site B,main,46.73133333,-84.22058333,Quinn Lake
CHL0806,ST079,2001-07-18,2,NA,1000,13.1,0.002,0.027,0.009,0.007,3.62,3.74,Composite Tube/Tube composite,mg/L,TRUE,FALSE,WB075,Center Buoy/Water chem site B,main,46.73133333,-84.22058333,Quinn Lake
CHL0807,ST079,2001-07-18,3,NA,1000,13,0.002,0.028,0.009,0.007,3.74,3.87,Composite Tube/Tube composite,mg/L,TRUE,FALSE,WB075,Center Buoy/Water chem site B,main,46.73133333,-84.22058333,Quinn Lake
CHL0808,ST068,2001-07-18,1,NA,1000,12,0.001,0.034,0.01,0.007,4.38,4.53,Composite Tube/Tube composite,mg/L,FALSE,FALSE,WB066,Center Buoy/Water chem site B,main,47.06338,-84.390411,Lower Batchawana Lake
CHL0809,ST068,2001-07-18,2,NA,1000,11.4,0.001,0.038,0.01,0.008,4.7,4.85,Composite Tube/Tube composite,mg/L,FALSE,FALSE,WB066,Center Buoy/Water chem site B,main,47.06338,-84.390411,Lower Batchawana Lake
CHL0810,ST068,2001-07-18,3,NA,1000,11.1,0.002,0.041,0.011,0.01,4.83,4.98,Composite Tube/Tube composite,mg/L,FALSE,FALSE,WB066,Center Buoy/Water chem site B,main,47.06338,-84.390411,Lower Batchawana Lake
CHL0811,ST091,2001-07-18,1,NA,1000,15.7,0.001,0.012,0.003,0.002,1.94,2,Composite Tube/Tube composite,mg/L,FALSE,FALSE,WB085,Center Buoy/Water chem site B,main,47.066412,-84.394125,Upper Batchawana Lake
CHL0812,ST091,2001-07-18,2,NA,1000,14.2,0.002,0.015,0.004,0.004,2.09,2.15,Composite Tube/Tube composite,mg/L,FALSE,FALSE,WB085,Center Buoy/Water chem site B,main,47.066412,-84.394125,Upper Batchawana Lake
CHL0813,ST091,2001-07-18,3,NA,1000,13,0.002,0.016,0.006,0.004,2.01,2.08,Composite Tube/Tube composite,mg/L,FALSE,FALSE,WB085,Center Buoy/Water chem site B,main,47.066412,-84.394125,Upper Batchawana Lake
CHL0814,ST095,2001-07-18,2,1,500,10.7,0.001,0.021,0.006,0.005,4.76,4.91,Composite Tube/Tube composite,mg/L,FALSE,FALSE,WB087,Buoy/Water chem site B,main,47.049274,-84.399988,Wishart Lake
CHL0815,ST095,2001-07-18,2,2,500,15.9,0.001,0.016,0.004,0.003,5.35,5.51,Composite Tube/Tube composite,mg/L,FALSE,FALSE,WB087,Buoy/Water chem site B,main,47.049274,-84.399988,Wishart Lake
CHL0816,ST095,2001-07-18,3,1,500,11.6,0.002,0.017,0.007,0.006,3.81,3.95,Composite Tube/Tube composite,mg/L,FALSE,FALSE,WB087,Buoy/Water chem site B,main,47.049274,-84.399988,Wishart Lake
CHL0817,ST095,2001-07-18,3,2,500,10.6,0.001,0.021,0.006,0.005,4.71,4.87,Composite Tube/Tube composite,mg/L,FALSE,FALSE,WB087,Buoy/Water chem site B,main,47.049274,-84.399988,Wishart Lake
CHL0818,ST065,2001-07-18,1,NA,1000,11.4,0.001,0.015,0.004,0.003,1.79,1.84,Composite Tube/Tube composite,mg/L,FALSE,FALSE,WB065,Center Buoy/Water chem site B,main,47.043396,-84.408613,Little Turkey Lake
CHL0819,ST065,2001-07-18,2,NA,1000,12.6,0.001,0.016,0.009,0.004,1.99,2.09,Composite Tube/Tube composite,mg/L,FALSE,FALSE,WB065,Center Buoy/Water chem site B,main,47.043396,-84.408613,Little Turkey Lake
CHL0820,ST065,2001-07-18,3,NA,1000,11.4,0.001,0.011,0.003,0.002,1.28,1.32,Composite Tube/Tube composite,mg/L,FALSE,FALSE,WB065,Center Buoy/Water chem site B,main,47.043396,-84.408613,Little Turkey Lake
CHL0821,ST079,2001-08-15,1,1,500,10.9,0.002,0.009,0.005,0.004,1.64,1.71,Composite Tube/Tube composite,mg/L,TRUE,FALSE,WB075,Center Buoy/Water chem site B,main,46.73133333,-84.22058333,Quinn Lake
CHL0822,ST079,2001-08-15,1,2,500,13.6,0.001,0.006,0.002,0.002,1.53,1.57,Composite Tube/Tube composite,mg/L,TRUE,FALSE,WB075,Center Buoy/Water chem site B,main,46.73133333,-84.22058333,Quinn Lake
CHL0823,ST079,2001-08-15,2,1,500,11.7,0.002,0.007,0.003,0.002,1.31,1.35,Composite Tube/Tube composite,mg/L,TRUE,FALSE,WB075,Center Buoy/Water chem site B,main,46.73133333,-84.22058333,Quinn Lake
CHL0824,ST079,2001-08-15,2,2,500,13.2,0.001,0.007,0.002,0,1.78,1.83,Composite Tube/Tube composite,mg/L,TRUE,FALSE,WB075,Center Buoy/Water chem site B,main,46.73133333,-84.22058333,Quinn Lake
CHL0825,ST079,2001-08-15,3,1,500,11.2,0,0.007,0.002,0,1.73,1.79,Composite Tube/Tube composite,mg/L,TRUE,FALSE,WB075,Center Buoy/Water chem site B,main,46.73133333,-84.22058333,Quinn Lake
CHL0826,ST079,2001-08-15,3,2,500,14,0.003,0.009,0.005,0.003,1.83,1.9,Composite Tube/Tube composite,mg/L,TRUE,FALSE,WB075,Center Buoy/Water chem site B,main,46.73133333,-84.22058333,Quinn Lake
CHL0827,ST068,2001-08-15,1,1,500,10,0.006,0.015,0.01,0.009,1.93,2.01,Composite Tube/Tube composite,mg/L,FALSE,FALSE,WB066,Center Buoy/Water chem site B,main,47.06338,-84.390411,Lower Batchawana Lake
CHL0828,ST068,2001-08-15,1,2,500,12.1,0.006,0.013,0.01,0.01,1.77,1.87,Composite Tube/Tube composite,mg/L,FALSE,FALSE,WB066,Center Buoy/Water chem site B,main,47.06338,-84.390411,Lower Batchawana Lake
CHL0829,ST068,2001-08-15,2,1,500,12.3,0.001,0.004,0.001,0.001,0.86,0.87,Composite Tube/Tube composite,mg/L,FALSE,FALSE,WB066,Center Buoy/Water chem site B,main,47.06338,-84.390411,Lower Batchawana Lake
CHL0830,ST068,2001-08-15,2,2,500,11.2,0,0.005,0.004,0.002,1.11,1.19,Composite Tube/Tube composite,mg/L,FALSE,FALSE,WB066,Center Buoy/Water chem site B,main,47.06338,-84.390411,Lower Batchawana Lake
CHL0831,ST068,2001-08-15,3,2,500,11.5,0,0.007,0.002,0.001,1.78,1.84,Composite Tube/Tube composite,mg/L,FALSE,FALSE,WB066,Center Buoy/Water chem site B,main,47.06338,-84.390411,Lower Batchawana Lake
CHL0832,ST068,2001-08-15,3,1,500,12.5,0.001,0.007,0.002,0.001,1.69,1.74,Composite Tube/Tube composite,mg/L,FALSE,FALSE,WB066,Center Buoy/Water chem site B,main,47.06338,-84.390411,Lower Batchawana Lake
CHL0833,ST091,2001-08-15,1,1,500,12.4,0.001,0.007,0.004,0.003,1.58,1.65,Composite Tube/Tube composite,mg/L,FALSE,FALSE,WB085,Center Buoy/Water chem site B,main,47.066412,-84.394125,Upper Batchawana Lake
CHL0834,ST091,2001-08-15,1,2,500,12.7,0,0.003,0.001,0.001,0.83,0.87,Composite Tube/Tube composite,mg/L,FALSE,FALSE,WB085,Center Buoy/Water chem site B,main,47.066412,-84.394125,Upper Batchawana Lake
CHL0835,ST091,2001-08-15,2,1,500,11.4,0,0.004,0.001,0,1.01,1.05,Composite Tube/Tube composite,mg/L,FALSE,FALSE,WB085,Center Buoy/Water chem site B,main,47.066412,-84.394125,Upper Batchawana Lake
CHL0836,ST091,2001-08-15,2,2,500,11.2,0.005,0.009,0.006,0.006,1,1.03,Composite Tube/Tube composite,mg/L,FALSE,FALSE,WB085,Center Buoy/Water chem site B,main,47.066412,-84.394125,Upper Batchawana Lake
CHL0837,ST091,2001-08-15,3,1,500,11.9,0,0.004,0.001,0.001,1.06,1.09,Composite Tube/Tube composite,mg/L,FALSE,FALSE,WB085,Center Buoy/Water chem site B,main,47.066412,-84.394125,Upper Batchawana Lake
CHL0838,ST091,2001-08-15,3,2,500,11.3,0,0.004,0.001,0.001,1.01,1.04,Composite Tube/Tube composite,mg/L,FALSE,FALSE,WB085,Center Buoy/Water chem site B,main,47.066412,-84.394125,Upper Batchawana Lake
CHL0839,ST095,2001-08-15,1,1,500,13.3,0.003,0.014,0.005,0.004,3.29,3.39,Composite Tube/Tube composite,mg/L,FALSE,FALSE,WB087,Buoy/Water chem site B,main,47.049274,-84.399988,Wishart Lake
CHL0840,ST095,2001-08-15,1,2,500,13.3,0.004,0.017,0.007,0.005,3.86,3.98,Composite Tube/Tube composite,mg/L,FALSE,FALSE,WB087,Buoy/Water chem site B,main,47.049274,-84.399988,Wishart Lake
CHL0841,ST095,2001-08-15,2,2,500,14.8,0.002,0.01,0.003,0.001,2.69,2.76,Composite Tube/Tube composite,mg/L,FALSE,FALSE,WB087,Buoy/Water chem site B,main,47.049274,-84.399988,Wishart Lake
CHL0842,ST095,2001-08-15,2,1,500,13.7,0.002,0.013,0.005,0.005,3.34,3.45,Composite Tube/Tube composite,mg/L,FALSE,FALSE,WB087,Buoy/Water chem site B,main,47.049274,-84.399988,Wishart Lake
CHL0843,ST095,2001-08-15,3,1,500,13.3,0.001,0.012,0.004,0.002,3.24,3.35,Composite Tube/Tube composite,mg/L,FALSE,FALSE,WB087,Buoy/Water chem site B,main,47.049274,-84.399988,Wishart Lake
CHL0844,ST095,2001-08-15,3,2,500,10.9,0.009,0.022,0.013,0.012,3.12,3.23,Composite Tube/Tube composite,mg/L,FALSE,FALSE,WB087,Buoy/Water chem site B,main,47.049274,-84.399988,Wishart Lake
CHL0845,ST065,2001-08-15,1,1,500,13.2,0.001,0.005,0.002,0.001,1.17,1.21,Composite Tube/Tube composite,mg/L,FALSE,FALSE,WB065,Center Buoy/Water chem site B,main,47.043396,-84.408613,Little Turkey Lake
CHL0846,ST065,2001-08-15,1,2,500,14.6,0.001,0.006,0.002,0,1.63,1.68,Composite Tube/Tube composite,mg/L,FALSE,FALSE,WB065,Center Buoy/Water chem site B,main,47.043396,-84.408613,Little Turkey Lake
CHL0847,ST065,2001-08-15,2,1,500,13.6,0.002,0.006,0.002,0,1.26,1.28,Composite Tube/Tube composite,mg/L,FALSE,FALSE,WB065,Center Buoy/Water chem site B,main,47.043396,-84.408613,Little Turkey Lake
CHL0848,ST065,2001-08-15,2,2,500,13,0.001,0.006,0.002,0,1.45,1.5,Composite Tube/Tube composite,mg/L,FALSE,FALSE,WB065,Center Buoy/Water chem site B,main,47.043396,-84.408613,Little Turkey Lake
CHL0849,ST065,2001-08-15,3,1,500,13,0,0.004,0.001,0.001,1.16,1.19,Composite Tube/Tube composite,mg/L,FALSE,FALSE,WB065,Center Buoy/Water chem site B,main,47.043396,-84.408613,Little Turkey Lake
CHL0850,ST065,2001-08-15,3,2,500,13.1,0.005,0.009,0.007,0.006,1.11,1.16,Composite Tube/Tube composite,mg/L,FALSE,FALSE,WB065,Center Buoy/Water chem site B,main,47.043396,-84.408613,Little Turkey Lake
CHL0851,ST068,2001-09-11,1,NA,1000,12,0.001,0.012,0.004,0.004,1.46,1.51,Composite Tube/Tube composite,mg/L,FALSE,FALSE,WB066,Center Buoy/Water chem site B,main,47.06338,-84.390411,Lower Batchawana Lake
CHL0852,ST068,2001-09-11,2,NA,1000,11,0.001,0.012,0.003,0.003,1.36,1.4,Composite Tube/Tube composite,mg/L,FALSE,FALSE,WB066,Center Buoy/Water chem site B,main,47.06338,-84.390411,Lower Batchawana Lake
CHL0853,ST068,2001-09-11,3,NA,1000,11.8,0,0.012,0.003,0.003,1.58,1.63,Composite Tube/Tube composite,mg/L,FALSE,FALSE,WB066,Center Buoy/Water chem site B,main,47.06338,-84.390411,Lower Batchawana Lake
CHL0854,ST091,2001-09-11,1,NA,1000,14.3,0.001,0.015,0.004,0.004,2.24,2.31,Composite Tube/Tube composite,mg/L,FALSE,FALSE,WB085,Center Buoy/Water chem site B,main,47.066412,-84.394125,Upper Batchawana Lake
CHL0855,ST091,2001-09-11,2,NA,1000,12.3,0.002,0.014,0.005,0.004,1.64,1.69,Composite Tube/Tube composite,mg/L,FALSE,FALSE,WB085,Center Buoy/Water chem site B,main,47.066412,-84.394125,Upper Batchawana Lake
CHL0856,ST091,2001-09-11,3,NA,1000,11.8,0,0.015,0.004,0.004,1.96,2.03,Composite Tube/Tube composite,mg/L,FALSE,FALSE,WB085,Center Buoy/Water chem site B,main,47.066412,-84.394125,Upper Batchawana Lake
CHL0857,ST095,2001-09-11,1,1,510,11.8,0.001,0.018,0.004,0.004,4.44,4.56,Composite Tube/Tube composite,mg/L,FALSE,FALSE,WB087,Buoy/Water chem site B,main,47.049274,-84.399988,Wishart Lake
CHL0858,ST095,2001-09-11,1,2,500,12.8,0.001,0.016,0.004,0.003,4.31,4.44,Composite Tube/Tube composite,mg/L,FALSE,FALSE,WB087,Buoy/Water chem site B,main,47.049274,-84.399988,Wishart Lake
CHL0859,ST095,2001-09-11,2,1,500,12.5,0,0.011,0.002,0.002,3.1,3.19,Composite Tube/Tube composite,mg/L,FALSE,FALSE,WB087,Buoy/Water chem site B,main,47.049274,-84.399988,Wishart Lake
CHL0860,ST095,2001-09-11,2,2,500,12.6,0.002,0.02,0.005,0.005,5.12,5.26,Composite Tube/Tube composite,mg/L,FALSE,FALSE,WB087,Buoy/Water chem site B,main,47.049274,-84.399988,Wishart Lake
CHL0861,ST095,2001-09-11,3,1,500,14.3,0.002,0.016,0.006,0.005,4.42,4.58,Composite Tube/Tube composite,mg/L,FALSE,FALSE,WB087,Buoy/Water chem site B,main,47.049274,-84.399988,Wishart Lake
CHL0862,ST095,2001-09-11,3,2,500,12.8,0.001,0.018,0.005,0.005,4.85,5.01,Composite Tube/Tube composite,mg/L,FALSE,FALSE,WB087,Buoy/Water chem site B,main,47.049274,-84.399988,Wishart Lake
CHL0863,ST065,2001-09-11,1,NA,1000,14.7,0.002,0.015,0.005,0.005,2.13,2.2,Composite Tube/Tube composite,mg/L,FALSE,FALSE,WB065,Center Buoy/Water chem site B,main,47.043396,-84.408613,Little Turkey Lake
CHL0864,ST065,2001-09-11,2,NA,1000,13.1,0,0.016,0.004,0.004,2.33,2.41,Composite Tube/Tube composite,mg/L,FALSE,FALSE,WB065,Center Buoy/Water chem site B,main,47.043396,-84.408613,Little Turkey Lake
CHL0865,ST065,2001-09-11,3,NA,1000,14.2,0.001,0.016,0.005,0.004,2.36,2.44,Composite Tube/Tube composite,mg/L,FALSE,FALSE,WB065,Center Buoy/Water chem site B,main,47.043396,-84.408613,Little Turkey Lake
CHL0866,ST079,2001-09-17,1,NA,1000,12.1,0.001,0.033,0.008,0.008,4.33,4.46,Composite Tube/Tube composite,mg/L,TRUE,FALSE,WB075,Center Buoy/Water chem site B,main,46.73133333,-84.22058333,Quinn Lake
CHL0867,ST079,2001-09-17,2,NA,1000,12.4,0.001,0.03,0.008,0.008,4.01,4.13,Composite Tube/Tube composite,mg/L,TRUE,FALSE,WB075,Center Buoy/Water chem site B,main,46.73133333,-84.22058333,Quinn Lake
CHL0868,ST079,2001-09-17,3,NA,1000,12.8,0.001,0.031,0.008,0.007,4.28,4.42,Composite Tube/Tube composite,mg/L,TRUE,FALSE,WB075,Center Buoy/Water chem site B,main,46.73133333,-84.22058333,Quinn Lake
CHL0869,ST068,2001-10-10,1,NA,915,11.6,0.001,0.01,0.003,0.003,1.28,1.32,Composite Tube/Tube composite,mg/L,FALSE,FALSE,WB066,Center Buoy/Water chem site B,main,47.06338,-84.390411,Lower Batchawana Lake
CHL0870,ST068,2001-10-10,2,NA,930,12.2,0.005,0.015,0.007,0.007,1.47,1.52,Composite Tube/Tube composite,mg/L,FALSE,FALSE,WB066,Center Buoy/Water chem site B,main,47.06338,-84.390411,Lower Batchawana Lake
CHL0871,ST068,2001-10-10,3,NA,920,10.1,0.001,0.014,0.005,0.004,1.57,1.63,Composite Tube/Tube composite,mg/L,FALSE,FALSE,WB066,Center Buoy/Water chem site B,main,47.06338,-84.390411,Lower Batchawana Lake
CHL0872,ST091,2001-10-10,1,NA,1000,14.1,0.002,0.011,0.003,0.003,1.45,1.48,Composite Tube/Tube composite,mg/L,FALSE,FALSE,WB085,Center Buoy/Water chem site B,main,47.066412,-84.394125,Upper Batchawana Lake
CHL0873,ST091,2001-10-10,2,NA,1000,13,0.003,0.016,0.006,0.006,1.89,1.95,Composite Tube/Tube composite,mg/L,FALSE,FALSE,WB085,Center Buoy/Water chem site B,main,47.066412,-84.394125,Upper Batchawana Lake
CHL0874,ST091,2001-10-10,3,NA,1000,14.9,0.001,0.01,0.003,0.003,1.5,1.55,Composite Tube/Tube composite,mg/L,FALSE,FALSE,WB085,Center Buoy/Water chem site B,main,47.066412,-84.394125,Upper Batchawana Lake
CHL0875,ST095,2001-10-10,1,NA,1000,11.8,0.003,0.052,0.015,0.014,6.44,6.64,Composite Tube/Tube composite,mg/L,FALSE,FALSE,WB087,Buoy/Water chem site B,main,47.049274,-84.399988,Wishart Lake
CHL0876,ST095,2001-10-10,2,NA,1000,13.3,0.016,0.061,0.028,0.027,6.64,6.86,Composite Tube/Tube composite,mg/L,FALSE,FALSE,WB087,Buoy/Water chem site B,main,47.049274,-84.399988,Wishart Lake
CHL0877,ST095,2001-10-10,3,NA,990,12.3,0.001,0.047,0.012,0.01,6.37,6.57,Composite Tube/Tube composite,mg/L,FALSE,FALSE,WB087,Buoy/Water chem site B,main,47.049274,-84.399988,Wishart Lake
CHL0878,ST065,2001-10-10,1,NA,880,11.8,0.002,0.014,0.004,0.003,1.82,1.87,NA,mg/L,FALSE,FALSE,WB065,Center Buoy/Water chem site B,main,47.043396,-84.408613,Little Turkey Lake
CHL0879,ST065,2001-10-10,2,NA,899,13.4,0.001,0.014,0.004,0.003,2.16,2.23,NA,mg/L,FALSE,FALSE,WB065,Center Buoy/Water chem site B,main,47.043396,-84.408613,Little Turkey Lake
CHL0880,ST065,2001-10-10,3,NA,870,11.8,0.001,0.013,0.003,0.003,1.84,1.89,NA,mg/L,FALSE,FALSE,WB065,Center Buoy/Water chem site B,main,47.043396,-84.408613,Little Turkey Lake
CHL0881,ST079,2001-10-11,1,NA,1000,11.1,0.002,0.032,0.01,0.009,3.69,3.82,Composite Tube/Tube composite,mg/L,TRUE,FALSE,WB075,Center Buoy/Water chem site B,main,46.73133333,-84.22058333,Quinn Lake
CHL0882,ST079,2001-10-11,2,NA,1000,11,0.001,0.028,0.008,0.008,3.3,3.41,Composite Tube/Tube composite,mg/L,TRUE,FALSE,WB075,Center Buoy/Water chem site B,main,46.73133333,-84.22058333,Quinn Lake
CHL0883,ST079,2001-10-11,3,NA,1000,11.4,0.001,0.029,0.007,0.007,3.57,3.68,Composite Tube/Tube composite,mg/L,TRUE,FALSE,WB075,Center Buoy/Water chem site B,main,46.73133333,-84.22058333,Quinn Lake
CHL0884,ST095,2001-11-13,1,NA,1000,10.7,0.001,0.012,0.003,0.002,1.32,1.36,Composite Tube/Tube composite,mg/L,FALSE,FALSE,WB087,Buoy/Water chem site B,main,47.049274,-84.399988,Wishart Lake
CHL0885,ST095,2001-11-13,2,NA,1000,12.4,0.001,0.011,0.002,0.002,1.42,1.45,Composite Tube/Tube composite,mg/L,FALSE,FALSE,WB087,Buoy/Water chem site B,main,47.049274,-84.399988,Wishart Lake
CHL0886,ST095,2001-11-13,3,NA,1000,11.9,0.001,0.011,0.003,0.002,1.33,1.37,Composite Tube/Tube composite,mg/L,FALSE,FALSE,WB087,Buoy/Water chem site B,main,47.049274,-84.399988,Wishart Lake
CHL0887,ST065,2001-11-13,1,NA,1000,12.5,0.002,0.02,0.007,0.005,2.49,2.57,Composite Tube/Tube composite,mg/L,FALSE,FALSE,WB065,Center Buoy/Water chem site B,main,47.043396,-84.408613,Little Turkey Lake
CHL0888,ST065,2001-11-13,2,NA,1000,12.3,0.001,0.02,0.005,0.004,2.62,2.7,Composite Tube/Tube composite,mg/L,FALSE,FALSE,WB065,Center Buoy/Water chem site B,main,47.043396,-84.408613,Little Turkey Lake
CHL0889,ST065,2001-11-13,3,NA,1000,11.6,0.002,0.023,0.006,0.006,2.74,2.82,Composite Tube/Tube composite,mg/L,FALSE,FALSE,WB065,Center Buoy/Water chem site B,main,47.043396,-84.408613,Little Turkey Lake
CHL0890,ST079,2001-11-14,1,NA,1000,11.5,0.002,0.076,0.021,0.019,9.45,9.76,Composite Tube/Tube composite,mg/L,TRUE,FALSE,WB075,Center Buoy/Water chem site B,main,46.73133333,-84.22058333,Quinn Lake
CHL0891,ST079,2001-11-14,2,NA,1000,12.3,0.002,0.071,0.019,0.017,9.45,9.75,Composite Tube/Tube composite,mg/L,TRUE,FALSE,WB075,Center Buoy/Water chem site B,main,46.73133333,-84.22058333,Quinn Lake
CHL0892,ST079,2001-11-14,3,NA,1000,14.5,0.003,0.063,0.018,0.016,9.68,9.99,Composite Tube/Tube composite,mg/L,TRUE,FALSE,WB075,Center Buoy/Water chem site B,main,46.73133333,-84.22058333,Quinn Lake
CHL0893,ST068,2002-05-15,1,NA,1000,10.1,0.005,0.025,0.013,0.011,2.18,2.27,Composite Tube/Tube composite,mg/L,FALSE,FALSE,WB066,Center Buoy/Water chem site B,main,47.06338,-84.390411,Lower Batchawana Lake
CHL0894,ST068,2002-05-15,2,NA,1000,9.5,0.002,0.02,0.006,0.005,1.91,1.97,Composite Tube/Tube composite,mg/L,FALSE,FALSE,WB066,Center Buoy/Water chem site B,main,47.06338,-84.390411,Lower Batchawana Lake
CHL0895,ST091,2002-05-15,1,NA,1000,12.4,0.002,0.012,0.004,0.003,1.39,1.43,Composite Tube/Tube composite,mg/L,FALSE,FALSE,WB085,Center Buoy/Water chem site B,main,47.066412,-84.394125,Upper Batchawana Lake
CHL0896,ST091,2002-05-15,2,NA,1000,10.5,0.006,0.018,0.009,0.008,1.4,1.45,Composite Tube/Tube composite,mg/L,FALSE,FALSE,WB085,Center Buoy/Water chem site B,main,47.066412,-84.394125,Upper Batchawana Lake
CHL0897,ST091,2002-05-15,3,NA,1000,10.3,0.001,0.014,0.004,0.003,1.49,1.54,Composite Tube/Tube composite,mg/L,FALSE,FALSE,WB085,Center Buoy/Water chem site B,main,47.066412,-84.394125,Upper Batchawana Lake
CHL0898,ST095,2002-05-15,1,NA,1000,11.7,0.003,0.008,0.003,0.003,0.68,0.69,Composite Tube/Tube composite,mg/L,FALSE,FALSE,WB087,Buoy/Water chem site B,main,47.049274,-84.399988,Wishart Lake
CHL0899,ST095,2002-05-15,2,NA,1000,12.1,0.001,0.008,0.002,0.002,0.96,0.99,Composite Tube/Tube composite,mg/L,FALSE,FALSE,WB087,Buoy/Water chem site B,main,47.049274,-84.399988,Wishart Lake
CHL0900,ST095,2002-05-15,3,NA,1000,10.5,0.005,0.012,0.006,0.006,0.83,0.86,Composite Tube/Tube composite,mg/L,FALSE,FALSE,WB087,Buoy/Water chem site B,main,47.049274,-84.399988,Wishart Lake
CHL0901,ST065,2002-05-15,1,NA,840,10.2,0.001,0.009,0.002,0.002,1.11,1.13,Composite Tube/Tube composite,mg/L,FALSE,FALSE,WB065,Center Buoy/Water chem site B,main,47.043396,-84.408613,Little Turkey Lake
CHL0902,ST065,2002-05-15,2,NA,940,10.5,0,0.009,0.002,0.002,1.12,1.16,Composite Tube/Tube composite,mg/L,FALSE,FALSE,WB065,Center Buoy/Water chem site B,main,47.043396,-84.408613,Little Turkey Lake
CHL0903,ST065,2002-05-15,3,NA,925,10.6,0.001,0.009,0.003,0.002,1.02,1.05,Composite Tube/Tube composite,mg/L,FALSE,FALSE,WB065,Center Buoy/Water chem site B,main,47.043396,-84.408613,Little Turkey Lake
CHL0904,ST079,2002-05-30,1,NA,1000,11,0.001,0.023,0.008,0.007,2.66,2.75,Composite Tube/Tube composite,mg/L,TRUE,FALSE,WB075,Center Buoy/Water chem site B,main,46.73133333,-84.22058333,Quinn Lake
CHL0905,ST079,2002-05-30,2,NA,1000,10.5,0.001,0.026,0.009,0.008,2.88,2.99,Composite Tube/Tube composite,mg/L,TRUE,FALSE,WB075,Center Buoy/Water chem site B,main,46.73133333,-84.22058333,Quinn Lake
CHL0906,ST079,2002-05-30,3,NA,1000,11.1,0.001,0.028,0.009,0.008,3.3,3.42,Composite Tube/Tube composite,mg/L,TRUE,FALSE,WB075,Center Buoy/Water chem site B,main,46.73133333,-84.22058333,Quinn Lake
CHL0907,ST068,2002-05-30,1,NA,1000,10.5,0.004,0.013,0.007,0.007,1.04,1.07,Composite Tube/Tube composite,mg/L,FALSE,FALSE,WB066,Center Buoy/Water chem site B,main,47.06338,-84.390411,Lower Batchawana Lake
CHL0908,ST068,2002-05-30,2,NA,1000,10.3,0.001,0.012,0.005,0.003,1.23,1.28,Composite Tube/Tube composite,mg/L,FALSE,FALSE,WB066,Center Buoy/Water chem site B,main,47.06338,-84.390411,Lower Batchawana Lake
CHL0909,ST068,2002-05-30,3,2,500,11.3,0.001,0.006,0.003,0,1.22,1.27,Composite Tube/Tube composite,mg/L,FALSE,FALSE,WB066,Center Buoy/Water chem site B,main,47.06338,-84.390411,Lower Batchawana Lake
CHL0910,ST068,2002-05-30,3,1,500,12,0.002,0.006,0.002,0.001,1.12,1.14,Composite Tube/Tube composite,mg/L,FALSE,FALSE,WB066,Center Buoy/Water chem site B,main,47.06338,-84.390411,Lower Batchawana Lake
CHL0911,ST091,2002-05-30,1,NA,1000,11.6,0.002,0.012,0.004,0.003,1.3,1.34,Composite Tube/Tube composite,mg/L,FALSE,FALSE,WB085,Center Buoy/Water chem site B,main,47.066412,-84.394125,Upper Batchawana Lake
CHL0912,ST091,2002-05-30,2,NA,1000,11.6,0,0.011,0.004,0.003,1.39,1.44,Composite Tube/Tube composite,mg/L,FALSE,FALSE,WB085,Center Buoy/Water chem site B,main,47.066412,-84.394125,Upper Batchawana Lake
CHL0913,ST091,2002-05-30,3,NA,1000,10.7,0.002,0.012,0.005,0.004,1.18,1.22,Composite Tube/Tube composite,mg/L,FALSE,FALSE,WB085,Center Buoy/Water chem site B,main,47.066412,-84.394125,Upper Batchawana Lake
CHL0914,ST095,2002-05-30,1,NA,1000,11.3,0.001,0.007,0.002,0.001,0.76,0.79,Composite Tube/Tube composite,mg/L,FALSE,FALSE,WB087,Buoy/Water chem site B,main,47.049274,-84.399988,Wishart Lake
CHL0915,ST095,2002-05-30,2,NA,1000,11.8,0.001,0.006,0.002,0.001,0.66,0.68,Composite Tube/Tube composite,mg/L,FALSE,FALSE,WB087,Buoy/Water chem site B,main,47.049274,-84.399988,Wishart Lake
CHL0916,ST095,2002-05-30,3,NA,1000,12.2,0.001,0.005,0.002,0.001,0.54,0.56,Composite Tube/Tube composite,mg/L,FALSE,FALSE,WB087,Buoy/Water chem site B,main,47.049274,-84.399988,Wishart Lake
CHL0917,ST065,2002-05-30,1,NA,1000,10.4,0.002,0.01,0.003,0.002,0.95,0.97,Composite Tube/Tube composite,mg/L,FALSE,FALSE,WB065,Center Buoy/Water chem site B,main,47.043396,-84.408613,Little Turkey Lake
CHL0918,ST065,2002-05-30,2,NA,1000,11,0.001,0.007,0.003,0.001,0.72,0.75,Composite Tube/Tube composite,mg/L,FALSE,FALSE,WB065,Center Buoy/Water chem site B,main,47.043396,-84.408613,Little Turkey Lake
CHL0919,ST065,2002-05-30,3,NA,1000,10.9,0.001,0.01,0.003,0.001,1.09,1.13,Composite Tube/Tube composite,mg/L,FALSE,FALSE,WB065,Center Buoy/Water chem site B,main,47.043396,-84.408613,Little Turkey Lake
CHL0920,ST079,2002-06-25,1,NA,935,9.9,0.004,0.039,0.014,0.01,4.09,4.23,NA,mg/L,TRUE,FALSE,WB075,Center Buoy/Water chem site B,main,46.73133333,-84.22058333,Quinn Lake
CHL0921,ST068,2002-06-25,1,NA,1000,10.2,0.001,0.02,0.007,0.004,2.13,2.2,Composite Tube/Tube composite,mg/L,FALSE,FALSE,WB066,Center Buoy/Water chem site B,main,47.06338,-84.390411,Lower Batchawana Lake
CHL0922,ST068,2002-06-25,2,NA,1000,15.5,0.001,0.012,0.004,0.003,1.89,1.95,Composite Tube/Tube composite,mg/L,FALSE,FALSE,WB066,Center Buoy/Water chem site B,main,47.06338,-84.390411,Lower Batchawana Lake
CHL0923,ST068,2002-06-25,3,NA,810,12.2,0,0.015,0.006,0.003,2.44,2.54,Composite Tube/Tube composite,mg/L,FALSE,FALSE,WB066,Center Buoy/Water chem site B,main,47.06338,-84.390411,Lower Batchawana Lake
CHL0924,ST091,2002-06-25,1,NA,1000,10.5,0.001,0.026,0.009,0.006,2.88,2.99,Composite Tube/Tube composite,mg/L,FALSE,FALSE,WB085,Center Buoy/Water chem site B,main,47.066412,-84.394125,Upper Batchawana Lake
CHL0925,ST091,2002-06-25,2,NA,1000,12.6,0.002,0.023,0.008,0.006,2.92,3.02,Composite Tube/Tube composite,mg/L,FALSE,FALSE,WB085,Center Buoy/Water chem site B,main,47.066412,-84.394125,Upper Batchawana Lake
CHL0926,ST091,2002-06-25,3,NA,1000,12,0.001,0.024,0.007,0.005,3.06,3.16,Composite Tube/Tube composite,mg/L,FALSE,FALSE,WB085,Center Buoy/Water chem site B,main,47.066412,-84.394125,Upper Batchawana Lake
CHL0927,ST095,2002-06-25,1,2,500,10,0.003,0.022,0.01,0.008,4.13,4.3,Composite Tube/Tube composite,mg/L,FALSE,FALSE,WB087,Buoy/Water chem site B,main,47.049274,-84.399988,Wishart Lake
CHL0928,ST095,2002-06-25,1,1,500,11.8,0.002,0.022,0.007,0.006,5.25,5.42,Composite Tube/Tube composite,mg/L,FALSE,FALSE,WB087,Buoy/Water chem site B,main,47.049274,-84.399988,Wishart Lake
CHL0929,ST095,2002-06-25,2,2,500,10,0.003,0.032,0.014,0.013,6.3,6.55,Composite Tube/Tube composite,mg/L,FALSE,FALSE,WB087,Buoy/Water chem site B,main,47.049274,-84.399988,Wishart Lake
CHL0930,ST095,2002-06-25,2,1,500,10,0.001,0.027,0.009,0.006,5.72,5.92,Composite Tube/Tube composite,mg/L,FALSE,FALSE,WB087,Buoy/Water chem site B,main,47.049274,-84.399988,Wishart Lake
CHL0931,ST095,2002-06-25,3,2,500,13.7,0.003,0.024,0.01,0.007,6.29,6.53,Composite Tube/Tube composite,mg/L,FALSE,FALSE,WB087,Buoy/Water chem site B,main,47.049274,-84.399988,Wishart Lake
CHL0932,ST095,2002-06-25,3,1,500,11.1,0.002,0.027,0.011,0.008,6.04,6.28,Composite Tube/Tube composite,mg/L,FALSE,FALSE,WB087,Buoy/Water chem site B,main,47.049274,-84.399988,Wishart Lake
CHL0933,ST065,2002-06-25,1,NA,1000,12.6,0.001,0.02,0.007,0.005,2.63,2.72,Composite Tube/Tube composite,mg/L,FALSE,FALSE,WB065,Center Buoy/Water chem site B,main,47.043396,-84.408613,Little Turkey Lake
CHL0934,ST065,2002-06-25,2,NA,1000,10.6,0.002,0.022,0.007,0.005,2.36,2.43,Composite Tube/Tube composite,mg/L,FALSE,FALSE,WB065,Center Buoy/Water chem site B,main,47.043396,-84.408613,Little Turkey Lake
CHL0935,ST065,2002-06-25,3,NA,1000,10.6,0.004,0.022,0.009,0.007,2.11,2.18,Composite Tube/Tube composite,mg/L,FALSE,FALSE,WB065,Center Buoy/Water chem site B,main,47.043396,-84.408613,Little Turkey Lake
CHL0936,ST079,2002-06-26,2,NA,935,10,0.002,0.032,0.011,0.008,3.53,3.66,Composite Tube/Tube composite,mg/L,TRUE,FALSE,WB075,Center Buoy/Water chem site B,main,46.73133333,-84.22058333,Quinn Lake
CHL0937,ST079,2002-06-26,3,NA,895,11.8,0.002,0.026,0.009,0.006,3.49,3.61,Composite Tube/Tube composite,mg/L,TRUE,FALSE,WB075,Center Buoy/Water chem site B,main,46.73133333,-84.22058333,Quinn Lake
CHL0938,ST079,2002-07-22,1,2,500,13.1,0.002,0.012,0.003,0.003,3,3.07,Composite Tube/Tube composite,mg/L,TRUE,FALSE,WB075,Center Buoy/Water chem site B,main,46.73133333,-84.22058333,Quinn Lake
CHL0939,ST079,2002-07-22,1,1,500,11.1,0.002,0.012,0.004,0.003,2.49,2.56,Composite Tube/Tube composite,mg/L,TRUE,FALSE,WB075,Center Buoy/Water chem site B,main,46.73133333,-84.22058333,Quinn Lake
CHL0940,ST079,2002-07-22,2,2,500,9.8,0.002,0.012,0.003,0.002,2.24,2.29,Composite Tube/Tube composite,mg/L,TRUE,FALSE,WB075,Center Buoy/Water chem site B,main,46.73133333,-84.22058333,Quinn Lake
CHL0941,ST079,2002-07-22,2,1,500,11.2,0.001,0.009,0.003,0.001,1.99,2.05,Composite Tube/Tube composite,mg/L,TRUE,FALSE,WB075,Center Buoy/Water chem site B,main,46.73133333,-84.22058333,Quinn Lake
CHL0942,ST079,2002-07-22,3,2,500,10.6,0.001,0.012,0.003,0.001,2.62,2.7,Composite Tube/Tube composite,mg/L,TRUE,FALSE,WB075,Center Buoy/Water chem site B,main,46.73133333,-84.22058333,Quinn Lake
CHL0943,ST079,2002-07-22,3,1,500,9,0.003,0.015,0.005,0.003,2.44,2.5,Composite Tube/Tube composite,mg/L,TRUE,FALSE,WB075,Center Buoy/Water chem site B,main,46.73133333,-84.22058333,Quinn Lake
CHL0944,ST068,2002-07-22,1,2,500,10.6,0.003,0.011,0.004,0.004,1.93,1.98,Composite Tube/Tube composite,mg/L,FALSE,FALSE,WB066,Center Buoy/Water chem site B,main,47.06338,-84.390411,Lower Batchawana Lake
CHL0945,ST068,2002-07-22,1,1,500,12,0.001,0.007,0.003,0.002,1.57,1.63,Composite Tube/Tube composite,mg/L,FALSE,FALSE,WB066,Center Buoy/Water chem site B,main,47.06338,-84.390411,Lower Batchawana Lake
CHL0946,ST068,2002-07-22,2,1,500,11.8,0.001,0.007,0.003,0.002,1.55,1.61,Composite Tube/Tube composite,mg/L,FALSE,FALSE,WB066,Center Buoy/Water chem site B,main,47.06338,-84.390411,Lower Batchawana Lake
CHL0947,ST068,2002-07-22,2,2,500,10.3,0.002,0.009,0.003,0.003,1.64,1.68,Composite Tube/Tube composite,mg/L,FALSE,FALSE,WB066,Center Buoy/Water chem site B,main,47.06338,-84.390411,Lower Batchawana Lake
CHL0948,ST068,2002-07-22,3,2,500,13.5,0.001,0.007,0.003,0.002,1.77,1.84,Composite Tube/Tube composite,mg/L,FALSE,FALSE,WB066,Center Buoy/Water chem site B,main,47.06338,-84.390411,Lower Batchawana Lake
CHL0949,ST068,2002-07-22,3,1,500,10.8,0.002,0.009,0.003,0.002,1.71,1.76,Composite Tube/Tube composite,mg/L,FALSE,FALSE,WB066,Center Buoy/Water chem site B,main,47.06338,-84.390411,Lower Batchawana Lake
CHL0950,ST091,2002-07-22,1,NA,1000,13.4,0.001,0.013,0.004,0.004,1.79,1.85,Composite Tube/Tube composite,mg/L,FALSE,FALSE,WB085,Center Buoy/Water chem site B,main,47.066412,-84.394125,Upper Batchawana Lake
CHL0951,ST091,2002-07-22,2,NA,1000,12,0.002,0.012,0.006,0.005,1.3,1.35,Composite Tube/Tube composite,mg/L,FALSE,FALSE,WB085,Center Buoy/Water chem site B,main,47.066412,-84.394125,Upper Batchawana Lake
CHL0952,ST091,2002-07-22,3,NA,1000,11.5,0.005,0.016,0.01,0.009,1.35,1.41,Composite Tube/Tube composite,mg/L,FALSE,FALSE,WB085,Center Buoy/Water chem site B,main,47.066412,-84.394125,Upper Batchawana Lake
CHL0953,ST095,2002-07-22,1,1,500,12.4,0.001,0.029,0.009,0.007,7.67,7.94,Composite Tube/Tube composite,mg/L,FALSE,FALSE,WB087,Buoy/Water chem site B,main,47.049274,-84.399988,Wishart Lake
CHL0954,ST095,2002-07-22,1,2,500,11,0.002,0.025,0.008,0.007,5.62,5.8,Composite Tube/Tube composite,mg/L,FALSE,FALSE,WB087,Buoy/Water chem site B,main,47.049274,-84.399988,Wishart Lake
CHL0955,ST095,2002-07-22,2,1,500,11.7,0.002,0.065,0.02,0.016,16.28,16.85,Composite Tube/Tube composite,mg/L,FALSE,FALSE,WB087,Buoy/Water chem site B,main,47.049274,-84.399988,Wishart Lake
CHL0956,ST095,2002-07-22,2,2,500,11.1,0.002,0.035,0.011,0.009,8.11,8.39,Composite Tube/Tube composite,mg/L,FALSE,FALSE,WB087,Buoy/Water chem site B,main,47.049274,-84.399988,Wishart Lake
CHL0957,ST095,2002-07-22,3,2,500,11.1,0.002,0.014,0.004,0.004,3.01,3.09,Composite Tube/Tube composite,mg/L,FALSE,FALSE,WB087,Buoy/Water chem site B,main,47.049274,-84.399988,Wishart Lake
CHL0958,ST095,2002-07-22,3,1,500,13.2,0.001,0.009,0.003,0.001,2.34,2.42,Composite Tube/Tube composite,mg/L,FALSE,FALSE,WB087,Buoy/Water chem site B,main,47.049274,-84.399988,Wishart Lake
CHL0959,ST065,2002-07-22,1,2,500,13,0.003,0.01,0.005,0.004,2.01,2.08,Composite Tube/Tube composite,mg/L,FALSE,FALSE,WB065,Center Buoy/Water chem site B,main,47.043396,-84.408613,Little Turkey Lake
CHL0960,ST065,2002-07-22,1,1,500,11.8,0.004,0.01,0.006,0.004,1.55,1.61,Composite Tube/Tube composite,mg/L,FALSE,FALSE,WB065,Center Buoy/Water chem site B,main,47.043396,-84.408613,Little Turkey Lake
CHL0961,ST065,2002-07-22,2,1,500,11.1,0.002,0.008,0.003,0.002,1.5,1.54,Composite Tube/Tube composite,mg/L,FALSE,FALSE,WB065,Center Buoy/Water chem site B,main,47.043396,-84.408613,Little Turkey Lake
CHL0962,ST065,2002-07-22,2,2,500,12.6,0.002,0.007,0.003,0.001,1.41,1.45,Composite Tube/Tube composite,mg/L,FALSE,FALSE,WB065,Center Buoy/Water chem site B,main,47.043396,-84.408613,Little Turkey Lake
CHL0963,ST065,2002-07-22,3,1,500,12.5,0.001,0.008,0.004,0.003,1.88,1.96,Composite Tube/Tube composite,mg/L,FALSE,FALSE,WB065,Center Buoy/Water chem site B,main,47.043396,-84.408613,Little Turkey Lake
CHL0964,ST065,2002-07-22,3,2,500,12.7,0.001,0.006,0.002,0.002,1.43,1.47,Composite Tube/Tube composite,mg/L,FALSE,FALSE,WB065,Center Buoy/Water chem site B,main,47.043396,-84.408613,Little Turkey Lake
CHL0965,ST079,2002-08-21,1,NA,1000,10.3,0.002,0.043,0.012,0.011,4.7,4.85,Composite Tube/Tube composite,mg/L,TRUE,FALSE,WB075,Center Buoy/Water chem site B,main,46.73133333,-84.22058333,Quinn Lake
CHL0966,ST079,2002-08-21,2,NA,1000,13.9,0.002,0.035,0.01,0.009,5.11,5.27,Composite Tube/Tube composite,mg/L,TRUE,FALSE,WB075,Center Buoy/Water chem site B,main,46.73133333,-84.22058333,Quinn Lake
CHL0967,ST079,2002-08-21,3,NA,1000,10.8,0.002,0.041,0.012,0.011,4.68,4.83,Composite Tube/Tube composite,mg/L,TRUE,FALSE,WB075,Center Buoy/Water chem site B,main,46.73133333,-84.22058333,Quinn Lake
CHL0968,ST068,2002-08-21,1,NA,1000,11.4,0.007,0.02,0.009,0.008,1.68,1.72,Composite Tube/Tube composite,mg/L,FALSE,FALSE,WB066,Center Buoy/Water chem site B,main,47.06338,-84.390411,Lower Batchawana Lake
CHL0969,ST068,2002-08-21,2,NA,1000,10.8,0.003,0.016,0.006,0.005,1.57,1.62,Composite Tube/Tube composite,mg/L,FALSE,FALSE,WB066,Center Buoy/Water chem site B,main,47.06338,-84.390411,Lower Batchawana Lake
CHL0970,ST068,2002-08-21,3,NA,1000,11.3,0.003,0.015,0.006,0.006,1.51,1.56,Composite Tube/Tube composite,mg/L,FALSE,FALSE,WB066,Center Buoy/Water chem site B,main,47.06338,-84.390411,Lower Batchawana Lake
CHL0971,ST091,2002-08-21,1,NA,1000,10.4,0.003,0.012,0.005,0.004,1.05,1.08,Composite Tube/Tube composite,mg/L,FALSE,FALSE,WB085,Center Buoy/Water chem site B,main,47.066412,-84.394125,Upper Batchawana Lake
CHL0972,ST091,2002-08-21,2,NA,1000,11.1,0.003,0.013,0.004,0.004,1.27,1.3,Composite Tube/Tube composite,mg/L,FALSE,FALSE,WB085,Center Buoy/Water chem site B,main,47.066412,-84.394125,Upper Batchawana Lake
CHL0973,ST091,2002-08-21,3,NA,1000,11,0.002,0.014,0.004,0.004,1.49,1.53,Composite Tube/Tube composite,mg/L,FALSE,FALSE,WB085,Center Buoy/Water chem site B,main,47.066412,-84.394125,Upper Batchawana Lake
CHL0974,ST095,2002-08-21,1,2,500,10.5,0.007,0.03,0.014,0.012,5.32,5.51,Composite Tube/Tube composite,mg/L,FALSE,FALSE,WB087,Buoy/Water chem site B,main,47.049274,-84.399988,Wishart Lake
CHL0975,ST095,2002-08-21,1,1,500,10.5,0.011,0.031,0.017,0.017,4.63,4.79,Composite Tube/Tube composite,mg/L,FALSE,FALSE,WB087,Buoy/Water chem site B,main,47.049274,-84.399988,Wishart Lake
CHL0976,ST095,2002-08-21,2,2,500,11.9,0.011,0.032,0.017,0.015,5.52,5.71,Composite Tube/Tube composite,mg/L,FALSE,FALSE,WB087,Buoy/Water chem site B,main,47.049274,-84.399988,Wishart Lake
CHL0977,ST095,2002-08-21,2,1,500,10.3,0.033,0.063,0.038,0.035,6.98,7.17,Composite Tube/Tube composite,mg/L,FALSE,FALSE,WB087,Buoy/Water chem site B,main,47.049274,-84.399988,Wishart Lake
CHL0978,ST095,2002-08-21,3,1,500,11.2,0.005,0.025,0.01,0.009,4.98,5.14,Composite Tube/Tube composite,mg/L,FALSE,FALSE,WB087,Buoy/Water chem site B,main,47.049274,-84.399988,Wishart Lake
CHL0979,ST065,2002-08-21,1,NA,1000,9.4,0.004,0.028,0.01,0.009,2.51,2.59,Composite Tube/Tube composite,mg/L,FALSE,FALSE,WB065,Center Buoy/Water chem site B,main,47.043396,-84.408613,Little Turkey Lake
CHL0980,ST065,2002-08-21,2,NA,1000,11.7,0.001,0.02,0.006,0.005,2.47,2.55,Composite Tube/Tube composite,mg/L,FALSE,FALSE,WB065,Center Buoy/Water chem site B,main,47.043396,-84.408613,Little Turkey Lake
CHL0981,ST065,2002-08-21,3,NA,1000,11.2,0.002,0.021,0.007,0.006,2.36,2.44,Composite Tube/Tube composite,mg/L,FALSE,FALSE,WB065,Center Buoy/Water chem site B,main,47.043396,-84.408613,Little Turkey Lake
CHL0982,ST079,2002-09-17,1,NA,1000,11,0.003,0.04,0.012,0.011,4.53,4.68,Composite Tube/Tube composite,mg/L,TRUE,FALSE,WB075,Center Buoy/Water chem site B,main,46.73133333,-84.22058333,Quinn Lake
CHL0983,ST079,2002-09-17,2,NA,1000,11,0.004,0.039,0.013,0.012,4.28,4.42,Composite Tube/Tube composite,mg/L,TRUE,FALSE,WB075,Center Buoy/Water chem site B,main,46.73133333,-84.22058333,Quinn Lake
CHL0984,ST079,2002-09-17,3,NA,1000,11.5,0.006,0.04,0.015,0.014,4.34,4.48,Composite Tube/Tube composite,mg/L,TRUE,FALSE,WB075,Center Buoy/Water chem site B,main,46.73133333,-84.22058333,Quinn Lake
CHL0985,ST068,2002-09-17,1,NA,1000,11.8,0.003,0.015,0.006,0.005,1.57,1.63,Composite Tube/Tube composite,mg/L,FALSE,FALSE,WB066,Center Buoy/Water chem site B,main,47.06338,-84.390411,Lower Batchawana Lake
CHL0986,ST068,2002-09-17,2,NA,1000,12,0.003,0.013,0.006,0.005,1.32,1.37,Composite Tube/Tube composite,mg/L,FALSE,FALSE,WB066,Center Buoy/Water chem site B,main,47.06338,-84.390411,Lower Batchawana Lake
CHL0987,ST068,2002-09-17,3,NA,1000,11.6,0.004,0.015,0.007,0.007,1.41,1.46,Composite Tube/Tube composite,mg/L,FALSE,FALSE,WB066,Center Buoy/Water chem site B,main,47.06338,-84.390411,Lower Batchawana Lake
CHL0988,ST091,2002-09-17,1,NA,1000,10.3,0.001,0.01,0.004,0.003,1.01,1.05,Composite Tube/Tube composite,mg/L,FALSE,FALSE,WB085,Center Buoy/Water chem site B,main,47.066412,-84.394125,Upper Batchawana Lake
CHL0989,ST091,2002-09-17,2,NA,1000,11.8,0.003,0.012,0.005,0.005,1.19,1.22,Composite Tube/Tube composite,mg/L,FALSE,FALSE,WB085,Center Buoy/Water chem site B,main,47.066412,-84.394125,Upper Batchawana Lake
CHL0990,ST091,2002-09-17,3,NA,1000,13.1,0.002,0.008,0.003,0.004,0.89,0.91,Composite Tube/Tube composite,mg/L,FALSE,FALSE,WB085,Center Buoy/Water chem site B,main,47.066412,-84.394125,Upper Batchawana Lake
CHL0991,ST095,2002-09-17,1,NA,1000,12.3,0.002,0.037,0.011,0.01,4.78,4.94,Composite Tube/Tube composite,mg/L,FALSE,FALSE,WB087,Buoy/Water chem site B,main,47.049274,-84.399988,Wishart Lake
CHL0992,ST095,2002-09-17,3,1,500,12,0.003,0.022,0.008,0.008,5.06,5.23,Composite Tube/Tube composite,mg/L,FALSE,FALSE,WB087,Buoy/Water chem site B,main,47.049274,-84.399988,Wishart Lake
CHL0993,ST095,2002-09-17,3,2,500,13.2,0.001,0.018,0.005,0.005,5.01,5.16,Composite Tube/Tube composite,mg/L,FALSE,FALSE,WB087,Buoy/Water chem site B,main,47.049274,-84.399988,Wishart Lake
CHL0994,ST065,2002-09-17,1,NA,1000,10.6,0.002,0.016,0.006,0.006,1.64,1.7,Composite Tube/Tube composite,mg/L,FALSE,FALSE,WB065,Center Buoy/Water chem site B,main,47.043396,-84.408613,Little Turkey Lake
CHL0995,ST065,2002-09-17,2,NA,1000,8.8,0.002,0.017,0.006,0.006,1.46,1.51,Composite Tube/Tube composite,mg/L,FALSE,FALSE,WB065,Center Buoy/Water chem site B,main,47.043396,-84.408613,Little Turkey Lake
CHL0996,ST065,2002-09-17,3,NA,1000,11.1,0.002,0.015,0.005,0.004,1.61,1.66,Composite Tube/Tube composite,mg/L,FALSE,FALSE,WB065,Center Buoy/Water chem site B,main,47.043396,-84.408613,Little Turkey Lake
CHL0997,ST068,2002-10-15,1,NA,1000,12,0.002,0.007,0.004,0.002,0.65,0.67,Composite Tube/Tube composite,mg/L,FALSE,FALSE,WB066,Center Buoy/Water chem site B,main,47.06338,-84.390411,Lower Batchawana Lake
CHL0998,ST068,2002-10-15,2,NA,1000,12.3,0.004,0.011,0.007,0.006,0.92,0.97,Composite Tube/Tube composite,mg/L,FALSE,FALSE,WB066,Center Buoy/Water chem site B,main,47.06338,-84.390411,Lower Batchawana Lake
CHL0999,ST068,2002-10-15,3,NA,725,14.9,0.001,0.004,0.002,0.002,0.68,0.7,Composite Tube/Tube composite,mg/L,FALSE,FALSE,WB066,Center Buoy/Water chem site B,main,47.06338,-84.390411,Lower Batchawana Lake
CHL1000,ST091,2002-10-15,1,NA,1000,11.7,0.001,0.008,0.004,0.003,0.88,0.92,Composite Tube/Tube composite,mg/L,FALSE,FALSE,WB085,Center Buoy/Water chem site B,main,47.066412,-84.394125,Upper Batchawana Lake
CHL1001,ST091,2002-10-15,2,NA,1000,12.7,0.002,0.009,0.005,0.004,0.96,1,Composite Tube/Tube composite,mg/L,FALSE,FALSE,WB085,Center Buoy/Water chem site B,main,47.066412,-84.394125,Upper Batchawana Lake
CHL1002,ST091,2002-10-15,3,NA,1000,13.3,0.004,0.01,0.004,0.003,0.93,0.94,Composite Tube/Tube composite,mg/L,FALSE,FALSE,WB085,Center Buoy/Water chem site B,main,47.066412,-84.394125,Upper Batchawana Lake
CHL1003,ST095,2002-10-15,1,NA,960,12.4,0.003,0.022,0.008,0.006,2.72,2.81,Composite Tube/Tube composite,mg/L,FALSE,FALSE,WB087,Buoy/Water chem site B,main,47.049274,-84.399988,Wishart Lake
CHL1004,ST095,2002-10-15,2,NA,935,11.4,0.002,0.023,0.008,0.007,2.83,2.93,Composite Tube/Tube composite,mg/L,FALSE,FALSE,WB087,Buoy/Water chem site B,main,47.049274,-84.399988,Wishart Lake
CHL1005,ST095,2002-10-15,3,NA,960,13,0.005,0.026,0.012,0.011,3.11,3.23,Composite Tube/Tube composite,mg/L,FALSE,FALSE,WB087,Buoy/Water chem site B,main,47.049274,-84.399988,Wishart Lake
CHL1006,ST065,2002-10-15,1,NA,1000,12,0.003,0.026,0.01,0.008,3.04,3.15,Composite Tube/Tube composite,mg/L,FALSE,FALSE,WB065,Center Buoy/Water chem site B,main,47.043396,-84.408613,Little Turkey Lake
CHL1007,ST065,2002-10-15,2,NA,1000,12.7,0.002,0.022,0.008,0.007,2.8,2.9,Composite Tube/Tube composite,mg/L,FALSE,FALSE,WB065,Center Buoy/Water chem site B,main,47.043396,-84.408613,Little Turkey Lake
CHL1008,ST065,2002-10-15,3,NA,1000,10.3,0.001,0.027,0.01,0.009,2.93,3.04,Composite Tube/Tube composite,mg/L,TRUE,FALSE,WB065,Center Buoy/Water chem site B,main,47.043396,-84.408613,Little Turkey Lake
CHL1009,ST079,2002-10-16,1,NA,1000,11.8,0.001,0.037,0.01,0.009,4.72,4.88,Composite Tube/Tube composite,mg/L,TRUE,FALSE,WB075,Center Buoy/Water chem site B,main,46.73133333,-84.22058333,Quinn Lake
CHL1010,ST079,2002-10-16,2,NA,1000,12.6,0.002,0.034,0.011,0.009,4.46,4.61,Composite Tube/Tube composite,mg/L,TRUE,FALSE,WB075,Center Buoy/Water chem site B,main,46.73133333,-84.22058333,Quinn Lake
CHL1011,ST079,2002-10-16,3,NA,1000,10.4,0.002,0.042,0.013,0.01,4.6,4.76,Composite Tube/Tube composite,mg/L,TRUE,FALSE,WB075,Center Buoy/Water chem site B,main,46.73133333,-84.22058333,Quinn Lake
CHL1012,ST068,2003-05-08,1,NA,1000,12.3,0.001,0.013,0.006,0.004,1.59,1.66,Hand Draw/Prélèvement manuel,mg/L,FALSE,FALSE,WB066,Center Buoy/Water chem site B,main,47.06338,-84.390411,Lower Batchawana Lake
CHL1013,ST068,2003-05-08,2,2,500,11.9,0.002,0.009,0.004,0.003,1.84,1.9,Hand Draw/Prélèvement manuel,mg/L,FALSE,FALSE,WB066,Center Buoy/Water chem site B,main,47.06338,-84.390411,Lower Batchawana Lake
CHL1014,ST068,2003-05-08,2,1,500,11,0.002,0.008,0.004,0.003,1.44,1.5,Hand Draw/Prélèvement manuel,mg/L,FALSE,FALSE,WB066,Center Buoy/Water chem site B,main,47.06338,-84.390411,Lower Batchawana Lake
CHL1015,ST068,2003-05-08,3,1,500,9.4,0.001,0.01,0.003,0.002,1.89,1.95,Hand Draw/Prélèvement manuel,mg/L,FALSE,FALSE,WB066,Center Buoy/Water chem site B,main,47.06338,-84.390411,Lower Batchawana Lake
CHL1016,ST068,2003-05-08,3,2,500,11,0.001,0.007,0.002,0.001,1.49,1.53,Hand Draw/Prélèvement manuel,mg/L,FALSE,FALSE,WB066,Center Buoy/Water chem site B,main,47.06338,-84.390411,Lower Batchawana Lake
CHL1017,ST091,2003-05-08,1,NA,1000,11.7,0,0.011,0.003,0.003,1.43,1.47,Hand Draw/Prélèvement manuel,mg/L,FALSE,FALSE,WB085,Center Buoy/Water chem site B,main,47.066412,-84.394125,Upper Batchawana Lake
CHL1018,ST091,2003-05-08,2,NA,1000,11.6,0,0.011,0.003,0.002,1.41,1.46,Hand Draw/Prélèvement manuel,mg/L,FALSE,FALSE,WB085,Center Buoy/Water chem site B,main,47.066412,-84.394125,Upper Batchawana Lake
CHL1019,ST091,2003-05-08,3,NA,1000,12.3,0.001,0.011,0.004,0.003,1.35,1.4,Hand Draw/Prélèvement manuel,mg/L,FALSE,FALSE,WB085,Center Buoy/Water chem site B,main,47.066412,-84.394125,Upper Batchawana Lake
CHL1020,ST079,2003-05-09,1,NA,1000,11.1,0.002,0.028,0.008,0.008,3.22,3.32,Hand Draw/Prélèvement manuel,mg/L,TRUE,FALSE,WB075,Center Buoy/Water chem site B,main,46.73133333,-84.22058333,Quinn Lake
CHL1021,ST079,2003-05-09,2,NA,1000,9.7,0.002,0.03,0.008,0.008,3.04,3.13,Hand Draw/Prélèvement manuel,mg/L,TRUE,FALSE,WB075,Center Buoy/Water chem site B,main,46.73133333,-84.22058333,Quinn Lake
CHL1022,ST079,2003-05-09,3,NA,1000,11,0.001,0.03,0.008,0.007,3.55,3.67,Hand Draw/Prélèvement manuel,mg/L,TRUE,FALSE,WB075,Center Buoy/Water chem site B,main,46.73133333,-84.22058333,Quinn Lake
CHL1023,ST095,2003-05-09,1,NA,1000,10.2,0.001,0.009,0.002,0.002,0.93,0.95,Hand Draw/Prélèvement manuel,mg/L,FALSE,FALSE,WB087,Buoy/Water chem site B,main,47.049274,-84.399988,Wishart Lake
CHL1024,ST095,2003-05-09,2,NA,995,10.5,0.003,0.011,0.004,0.004,0.96,0.98,Hand Draw/Prélèvement manuel,mg/L,FALSE,FALSE,WB087,Buoy/Water chem site B,main,47.049274,-84.399988,Wishart Lake
CHL1025,ST095,2003-05-09,3,NA,1000,11.7,0.001,0.008,0.002,0.002,0.93,0.95,Hand Draw/Prélèvement manuel,mg/L,FALSE,FALSE,WB087,Buoy/Water chem site B,main,47.049274,-84.399988,Wishart Lake
CHL1026,ST065,2003-05-09,1,NA,1000,9.7,0.003,0.018,0.006,0.006,1.63,1.68,Hand Draw/Prélèvement manuel,mg/L,FALSE,FALSE,WB065,Center Buoy/Water chem site B,main,47.043396,-84.408613,Little Turkey Lake
CHL1027,ST065,2003-05-09,2,NA,1000,10.7,0.001,0.017,0.004,0.003,1.93,1.98,Hand Draw/Prélèvement manuel,mg/L,FALSE,FALSE,WB065,Center Buoy/Water chem site B,main,47.043396,-84.408613,Little Turkey Lake
CHL1028,ST065,2003-05-09,3,NA,1000,12.2,0.005,0.016,0.007,0.006,1.51,1.55,Hand Draw/Prélèvement manuel,mg/L,FALSE,FALSE,WB065,Center Buoy/Water chem site B,main,47.043396,-84.408613,Little Turkey Lake
CHL1029,ST068,2003-06-09,1,NA,1000,12.6,0.003,0.013,0.005,0.005,1.41,1.46,Hand Draw/Prélèvement manuel,mg/L,FALSE,FALSE,WB066,Center Buoy/Water chem site B,main,47.06338,-84.390411,Lower Batchawana Lake
CHL1030,ST068,2003-06-09,2,NA,1000,12.5,0.003,0.014,0.006,0.006,1.52,1.57,Hand Draw/Prélèvement manuel,mg/L,FALSE,FALSE,WB066,Center Buoy/Water chem site B,main,47.06338,-84.390411,Lower Batchawana Lake
CHL1031,ST068,2003-06-09,3,NA,1000,11.8,0.005,0.014,0.006,0.005,1.21,1.24,Hand Draw/Prélèvement manuel,mg/L,FALSE,FALSE,WB066,Center Buoy/Water chem site B,main,47.06338,-84.390411,Lower Batchawana Lake
CHL1032,ST091,2003-06-09,1,NA,1000,11.7,0.001,0.009,0.004,0.004,1.02,1.06,Hand Draw/Prélèvement manuel,mg/L,FALSE,FALSE,WB085,Center Buoy/Water chem site B,main,47.066412,-84.394125,Upper Batchawana Lake
CHL1033,ST091,2003-06-09,2,NA,1000,11.9,0.002,0.01,0.004,0.004,1.06,1.09,Hand Draw/Prélèvement manuel,mg/L,FALSE,FALSE,WB085,Center Buoy/Water chem site B,main,47.066412,-84.394125,Upper Batchawana Lake
CHL1034,ST091,2003-06-09,3,NA,1000,12.6,0.002,0.01,0.004,0.004,1.12,1.16,Hand Draw/Prélèvement manuel,mg/L,FALSE,FALSE,WB085,Center Buoy/Water chem site B,main,47.066412,-84.394125,Upper Batchawana Lake
CHL1035,ST095,2003-06-09,1,NA,1000,12.5,0.004,0.12,0.035,0.027,16.07,16.61,Hand Draw/Prélèvement manuel,mg/L,FALSE,FALSE,WB087,Buoy/Water chem site B,main,47.049274,-84.399988,Wishart Lake
CHL1036,ST095,2003-06-09,2,NA,500,13.6,0.007,0.025,0.011,0.011,5.47,5.64,Hand Draw/Prélèvement manuel,mg/L,FALSE,FALSE,WB087,Buoy/Water chem site B,main,47.049274,-84.399988,Wishart Lake
CHL1037,ST095,2003-06-09,3,NA,1000,11.8,0.001,0.077,0.022,0.017,9.92,10.26,Hand Draw/Prélèvement manuel,mg/L,FALSE,FALSE,WB087,Buoy/Water chem site B,main,47.049274,-84.399988,Wishart Lake
CHL1038,ST065,2003-06-09,1,NA,1000,13.2,0.001,0.011,0.003,0.003,1.48,1.53,Hand Draw/Prélèvement manuel,mg/L,FALSE,FALSE,WB065,Center Buoy/Water chem site B,main,47.043396,-84.408613,Little Turkey Lake
CHL1039,ST065,2003-06-09,2,NA,1000,12.1,0.002,0.014,0.005,0.005,1.62,1.67,Hand Draw/Prélèvement manuel,mg/L,FALSE,FALSE,WB065,Center Buoy/Water chem site B,main,47.043396,-84.408613,Little Turkey Lake
CHL1040,ST065,2003-06-09,3,NA,1000,11.3,0.004,0.013,0.006,0.006,1.14,1.17,Hand Draw/Prélèvement manuel,mg/L,FALSE,FALSE,WB065,Center Buoy/Water chem site B,main,47.043396,-84.408613,Little Turkey Lake
CHL1041,ST079,2003-06-10,1,NA,975,10.8,0.001,0.024,0.007,0.006,2.83,2.92,Hand Draw/Prélèvement manuel,mg/L,TRUE,FALSE,WB075,Center Buoy/Water chem site B,main,46.73133333,-84.22058333,Quinn Lake
CHL1042,ST079,2003-06-10,2,NA,960,11,0.008,0.027,0.013,0.013,2.42,2.5,Hand Draw/Prélèvement manuel,mg/L,TRUE,FALSE,WB075,Center Buoy/Water chem site B,main,46.73133333,-84.22058333,Quinn Lake
CHL1043,ST079,2003-06-10,3,NA,960,12.4,0.001,0.017,0.005,0.005,2.3,2.37,Hand Draw/Prélèvement manuel,mg/L,TRUE,FALSE,WB075,Center Buoy/Water chem site B,main,46.73133333,-84.22058333,Quinn Lake
CHL1044,ST068,2003-07-07,1,NA,1000,13.5,0.002,0.012,0.004,0.003,1.51,1.56,Hand Draw/Prélèvement manuel,mg/L,FALSE,FALSE,WB066,Center Buoy/Water chem site B,main,47.06338,-84.390411,Lower Batchawana Lake
CHL1045,ST068,2003-07-07,2,NA,1000,11.4,0.002,0.013,0.004,0.004,1.41,1.45,Hand Draw/Prélèvement manuel,mg/L,FALSE,FALSE,WB066,Center Buoy/Water chem site B,main,47.06338,-84.390411,Lower Batchawana Lake
CHL1046,ST068,2003-07-07,3,NA,1000,13.5,0.003,0.012,0.006,0.006,1.33,1.38,Hand Draw/Prélèvement manuel,mg/L,FALSE,FALSE,WB066,Center Buoy/Water chem site B,main,47.06338,-84.390411,Lower Batchawana Lake
CHL1047,ST091,2003-07-07,1,NA,1000,11.3,0.001,0.011,0.003,0.002,1.27,1.31,Hand Draw/Prélèvement manuel,mg/L,FALSE,FALSE,WB085,Center Buoy/Water chem site B,main,47.066412,-84.394125,Upper Batchawana Lake
CHL1048,ST091,2003-07-07,2,NA,1000,11.8,0.002,0.011,0.004,0.003,1.19,1.22,Hand Draw/Prélèvement manuel,mg/L,FALSE,FALSE,WB085,Center Buoy/Water chem site B,main,47.066412,-84.394125,Upper Batchawana Lake
CHL1049,ST091,2003-07-07,3,NA,1000,11.8,0.001,0.014,0.004,0.004,1.71,1.77,Hand Draw/Prélèvement manuel,mg/L,FALSE,FALSE,WB085,Center Buoy/Water chem site B,main,47.066412,-84.394125,Upper Batchawana Lake
CHL1050,ST095,2003-07-07,1,NA,1000,13.5,0.004,0.275,0.085,0.062,40.3,41.73,Hand Draw/Prélèvement manuel,mg/L,FALSE,FALSE,WB087,Buoy/Water chem site B,main,47.049274,-84.399988,Wishart Lake
CHL1051,ST095,2003-07-07,2,NA,1000,13.7,0,0.025,0.007,0.006,3.79,3.92,Hand Draw/Prélèvement manuel,mg/L,FALSE,FALSE,WB087,Buoy/Water chem site B,main,47.049274,-84.399988,Wishart Lake
CHL1052,ST095,2003-07-07,3,NA,1000,13.5,0.001,0.035,0.011,0.01,5.06,5.24,Hand Draw/Prélèvement manuel,mg/L,FALSE,FALSE,WB087,Buoy/Water chem site B,main,47.049274,-84.399988,Wishart Lake
CHL1053,ST065,2003-07-07,1,NA,1000,10.9,0,0.026,0.01,0.007,3.07,3.2,Hand Draw/Prélèvement manuel,mg/L,FALSE,FALSE,WB065,Center Buoy/Water chem site B,main,47.043396,-84.408613,Little Turkey Lake
CHL1054,ST065,2003-07-07,2,NA,1000,11.8,0,0.013,0.004,0.003,1.69,1.75,Hand Draw/Prélèvement manuel,mg/L,FALSE,FALSE,WB065,Center Buoy/Water chem site B,main,47.043396,-84.408613,Little Turkey Lake
CHL1055,ST065,2003-07-07,3,1,500,12.7,0.002,0.008,0.003,0.004,1.72,1.77,Hand Draw/Prélèvement manuel,mg/L,FALSE,FALSE,WB065,Center Buoy/Water chem site B,main,47.043396,-84.408613,Little Turkey Lake
CHL1056,ST065,2003-07-07,3,2,500,12.5,0.003,0.009,0.004,0.005,1.7,1.74,Hand Draw/Prélèvement manuel,mg/L,FALSE,FALSE,WB065,Center Buoy/Water chem site B,main,47.043396,-84.408613,Little Turkey Lake
CHL1057,ST079,2003-07-14,1,NA,1000,10.3,0.001,0.022,0.007,0.006,2.39,2.47,Hand Draw/Prélèvement manuel,mg/L,TRUE,FALSE,WB075,Center Buoy/Water chem site B,main,46.73133333,-84.22058333,Quinn Lake
CHL1058,ST079,2003-07-14,2,NA,1000,11.6,0.001,0.019,0.007,0.006,2.29,2.37,Hand Draw/Prélèvement manuel,mg/L,TRUE,FALSE,WB075,Center Buoy/Water chem site B,main,46.73133333,-84.22058333,Quinn Lake
CHL1059,ST079,2003-07-14,3,NA,1000,13.2,0.001,0.02,0.007,0.005,2.75,2.85,Hand Draw/Prélèvement manuel,mg/L,TRUE,FALSE,WB075,Center Buoy/Water chem site B,main,46.73133333,-84.22058333,Quinn Lake
CHL1060,ST068,2003-08-05,1,NA,1000,12.7,0.001,0.017,0.006,0.005,2.23,2.31,NA,mg/L,FALSE,FALSE,WB066,Center Buoy/Water chem site B,main,47.06338,-84.390411,Lower Batchawana Lake
CHL1061,ST068,2003-08-05,2,NA,1000,11.5,0.001,0.019,0.006,0.004,2.29,2.37,NA,mg/L,FALSE,FALSE,WB066,Center Buoy/Water chem site B,main,47.06338,-84.390411,Lower Batchawana Lake
CHL1062,ST068,2003-08-05,3,NA,1000,10.9,0.002,0.022,0.008,0.005,2.4,2.49,NA,mg/L,FALSE,FALSE,WB066,Center Buoy/Water chem site B,main,47.06338,-84.390411,Lower Batchawana Lake
CHL1063,ST091,2003-08-05,1,NA,1000,12.2,0.003,0.014,0.006,0.005,1.49,1.54,Hand Draw/Prélèvement manuel,mg/L,FALSE,FALSE,WB085,Center Buoy/Water chem site B,main,47.066412,-84.394125,Upper Batchawana Lake
CHL1064,ST091,2003-08-05,2,NA,1000,12.5,0.001,0.012,0.003,0.002,1.55,1.59,Hand Draw/Prélèvement manuel,mg/L,FALSE,FALSE,WB085,Center Buoy/Water chem site B,main,47.066412,-84.394125,Upper Batchawana Lake
CHL1065,ST091,2003-08-05,3,NA,1000,11.8,0.001,0.013,0.004,0.003,1.57,1.63,Hand Draw/Prélèvement manuel,mg/L,FALSE,FALSE,WB085,Center Buoy/Water chem site B,main,47.066412,-84.394125,Upper Batchawana Lake
CHL1066,ST095,2003-08-05,1,1,500,11.2,0.001,0.017,0.006,0.005,3.94,4.08,Hand Draw/Prélèvement manuel,mg/L,FALSE,FALSE,WB087,Buoy/Water chem site B,main,47.049274,-84.399988,Wishart Lake
CHL1067,ST095,2003-08-05,1,2,500,11.5,0.001,0.018,0.006,0.005,4.31,4.46,Hand Draw/Prélèvement manuel,mg/L,FALSE,FALSE,WB087,Buoy/Water chem site B,main,47.049274,-84.399988,Wishart Lake
CHL1068,ST095,2003-08-05,2,2,500,12.1,0.002,0.015,0.005,0.003,3.51,3.62,Hand Draw/Prélèvement manuel,mg/L,FALSE,FALSE,WB087,Buoy/Water chem site B,main,47.049274,-84.399988,Wishart Lake
CHL1069,ST095,2003-08-05,2,1,500,12.2,0.003,0.017,0.007,0.006,3.77,3.9,Hand Draw/Prélèvement manuel,mg/L,FALSE,FALSE,WB087,Buoy/Water chem site B,main,47.049274,-84.399988,Wishart Lake
CHL1070,ST095,2003-08-05,3,2,500,10.9,0.001,0.016,0.005,0.004,3.62,3.75,Hand Draw/Prélèvement manuel,mg/L,FALSE,FALSE,WB087,Buoy/Water chem site B,main,47.049274,-84.399988,Wishart Lake
CHL1071,ST095,2003-08-05,3,1,500,13,0.002,0.016,0.004,0.003,4.13,4.24,Hand Draw/Prélèvement manuel,mg/L,FALSE,FALSE,WB087,Buoy/Water chem site B,main,47.049274,-84.399988,Wishart Lake
CHL1072,ST065,2003-08-05,1,NA,1000,11.6,0.001,0.016,0.004,0.004,1.95,2.01,Hand Draw/Prélèvement manuel,mg/L,FALSE,FALSE,WB065,Center Buoy/Water chem site B,main,47.043396,-84.408613,Little Turkey Lake
CHL1073,ST065,2003-08-05,2,2,500,14.3,0.001,0.007,0.002,0.002,1.94,1.99,Hand Draw/Prélèvement manuel,mg/L,FALSE,FALSE,WB065,Center Buoy/Water chem site B,main,47.043396,-84.408613,Little Turkey Lake
CHL1074,ST065,2003-08-05,2,1,500,12.6,0.001,0.007,0.002,0.001,1.71,1.75,Hand Draw/Prélèvement manuel,mg/L,FALSE,FALSE,WB065,Center Buoy/Water chem site B,main,47.043396,-84.408613,Little Turkey Lake
CHL1075,ST065,2003-08-05,3,NA,1000,12,0.002,0.018,0.006,0.005,2.13,2.2,Hand Draw/Prélèvement manuel,mg/L,FALSE,FALSE,WB065,Center Buoy/Water chem site B,main,47.043396,-84.408613,Little Turkey Lake
CHL1076,ST079,2003-08-07,1,NA,1000,12,0.002,0.027,0.007,0.006,3.37,3.47,Hand Draw/Prélèvement manuel,mg/L,TRUE,FALSE,WB075,Center Buoy/Water chem site B,main,46.73133333,-84.22058333,Quinn Lake
CHL1077,ST079,2003-08-07,2,NA,1000,13.7,0.002,0.022,0.008,0.006,3.02,3.12,Hand Draw/Prélèvement manuel,mg/L,TRUE,FALSE,WB075,Center Buoy/Water chem site B,main,46.73133333,-84.22058333,Quinn Lake
CHL1078,ST079,2003-08-07,3,NA,1000,11.4,0.002,0.028,0.008,0.007,3.31,3.41,Hand Draw/Prélèvement manuel,mg/L,TRUE,FALSE,WB075,Center Buoy/Water chem site B,main,46.73133333,-84.22058333,Quinn Lake
CHL1079,ST068,2003-09-02,1,NA,1000,11.2,0.001,0.016,0.006,0.006,1.84,1.91,Hand Draw/Prélèvement manuel,mg/L,FALSE,FALSE,WB066,Center Buoy/Water chem site B,main,47.06338,-84.390411,Lower Batchawana Lake
CHL1080,ST068,2003-09-02,2,NA,995,10.4,0,0.019,0.007,0.005,2.16,2.24,Hand Draw/Prélèvement manuel,mg/L,FALSE,FALSE,WB066,Center Buoy/Water chem site B,main,47.06338,-84.390411,Lower Batchawana Lake
CHL1081,ST068,2003-09-02,3,NA,1000,11.8,0,0.021,0.01,0.008,2.64,2.76,Hand Draw/Prélèvement manuel,mg/L,FALSE,FALSE,WB066,Center Buoy/Water chem site B,main,47.06338,-84.390411,Lower Batchawana Lake
CHL1082,ST091,2003-09-02,1,NA,1000,11.2,0.003,0.015,0.007,0.006,1.47,1.53,Hand Draw/Prélèvement manuel,mg/L,FALSE,FALSE,WB085,Center Buoy/Water chem site B,main,47.066412,-84.394125,Upper Batchawana Lake
CHL1083,ST091,2003-09-02,2,NA,1000,11.3,0.001,0.011,0.004,0.004,1.25,1.29,Hand Draw/Prélèvement manuel,mg/L,FALSE,FALSE,WB085,Center Buoy/Water chem site B,main,47.066412,-84.394125,Upper Batchawana Lake
CHL1084,ST091,2003-09-02,3,NA,1000,9.8,0,0.017,0.005,0.004,1.84,1.9,Hand Draw/Prélèvement manuel,mg/L,FALSE,FALSE,WB085,Center Buoy/Water chem site B,main,47.066412,-84.394125,Upper Batchawana Lake
CHL1085,ST095,2003-09-02,1,1,500,11.9,0,0.026,0.009,0.007,6.76,7.02,Hand Draw/Prélèvement manuel,mg/L,FALSE,FALSE,WB087,Buoy/Water chem site B,main,47.049274,-84.399988,Wishart Lake
CHL1086,ST095,2003-09-02,1,2,500,12,0.001,0.022,0.007,0.007,5.57,5.76,Hand Draw/Prélèvement manuel,mg/L,FALSE,FALSE,WB087,Buoy/Water chem site B,main,47.049274,-84.399988,Wishart Lake
CHL1087,ST095,2003-09-02,2,2,500,11.2,0,0.023,0.005,0.004,5.76,5.94,Hand Draw/Prélèvement manuel,mg/L,FALSE,FALSE,WB087,Buoy/Water chem site B,main,47.049274,-84.399988,Wishart Lake
CHL1088,ST095,2003-09-02,2,1,500,10.6,0.001,0.022,0.007,0.007,4.92,5.09,Hand Draw/Prélèvement manuel,mg/L,FALSE,FALSE,WB087,Buoy/Water chem site B,main,47.049274,-84.399988,Wishart Lake
CHL1089,ST095,2003-09-02,3,2,500,10.3,0.001,0.022,0.007,0.007,4.78,4.95,Hand Draw/Prélèvement manuel,mg/L,FALSE,FALSE,WB087,Buoy/Water chem site B,main,47.049274,-84.399988,Wishart Lake
CHL1090,ST095,2003-09-02,3,1,500,12.4,0.001,0.015,0.005,0.005,3.84,3.97,Hand Draw/Prélèvement manuel,mg/L,FALSE,FALSE,WB087,Buoy/Water chem site B,main,47.049274,-84.399988,Wishart Lake
CHL1091,ST065,2003-09-02,1,2,500,10.3,0.006,0.018,0.009,0.009,2.75,2.84,Hand Draw/Prélèvement manuel,mg/L,FALSE,FALSE,WB065,Center Buoy/Water chem site B,main,47.043396,-84.408613,Little Turkey Lake
CHL1092,ST065,2003-09-02,1,1,500,10.3,0.002,0.011,0.005,0.005,2.03,2.11,Hand Draw/Prélèvement manuel,mg/L,FALSE,FALSE,WB065,Center Buoy/Water chem site B,main,47.043396,-84.408613,Little Turkey Lake
CHL1093,ST065,2003-09-02,2,2,500,13.2,0,0.01,0.004,0.003,2.85,2.97,Hand Draw/Prélèvement manuel,mg/L,FALSE,FALSE,WB065,Center Buoy/Water chem site B,main,47.043396,-84.408613,Little Turkey Lake
CHL1094,ST065,2003-09-02,2,1,500,15.1,0,0.011,0.004,0.002,3.61,3.76,Hand Draw/Prélèvement manuel,mg/L,FALSE,FALSE,WB065,Center Buoy/Water chem site B,main,47.043396,-84.408613,Little Turkey Lake
CHL1095,ST065,2003-09-02,3,2,479,11.4,0,0.011,0.004,0.003,2.85,2.96,Hand Draw/Prélèvement manuel,mg/L,FALSE,FALSE,WB065,Center Buoy/Water chem site B,main,47.043396,-84.408613,Little Turkey Lake
CHL1096,ST065,2003-09-02,3,1,500,12.7,0,0.01,0.004,0.003,2.74,2.86,Hand Draw/Prélèvement manuel,mg/L,FALSE,FALSE,WB065,Center Buoy/Water chem site B,main,47.043396,-84.408613,Little Turkey Lake
CHL1097,ST079,2003-09-04,1,1,500,12,0.001,0.017,0.006,0.005,4.22,4.37,Hand Draw/Prélèvement manuel,mg/L,TRUE,FALSE,WB075,Center Buoy/Water chem site B,main,46.73133333,-84.22058333,Quinn Lake
CHL1098,ST079,2003-09-04,1,2,500,11,0.004,0.02,0.008,0.007,3.91,4.04,Hand Draw/Prélèvement manuel,mg/L,TRUE,FALSE,WB075,Center Buoy/Water chem site B,main,46.73133333,-84.22058333,Quinn Lake
CHL1099,ST079,2003-09-04,2,2,500,11.3,0.001,0.016,0.005,0.004,3.76,3.88,Hand Draw/Prélèvement manuel,mg/L,TRUE,FALSE,WB075,Center Buoy/Water chem site B,main,46.73133333,-84.22058333,Quinn Lake
CHL1100,ST079,2003-09-04,2,1,500,11.5,0.001,0.018,0.006,0.005,4.31,4.46,Hand Draw/Prélèvement manuel,mg/L,TRUE,FALSE,WB075,Center Buoy/Water chem site B,main,46.73133333,-84.22058333,Quinn Lake
CHL1101,ST079,2003-09-04,3,2,500,10.7,0.003,0.017,0.007,0.007,3.31,3.43,Hand Draw/Prélèvement manuel,mg/L,TRUE,FALSE,WB075,Center Buoy/Water chem site B,main,46.73133333,-84.22058333,Quinn Lake
CHL1102,ST079,2003-09-04,3,1,500,12.6,0.003,0.017,0.007,0.006,3.9,4.03,Hand Draw/Prélèvement manuel,mg/L,TRUE,FALSE,WB075,Center Buoy/Water chem site B,main,46.73133333,-84.22058333,Quinn Lake
CHL1103,ST068,2003-09-30,1,NA,1000,12,0.002,0.009,0.005,0.004,0.9,0.94,Hand Draw/Prélèvement manuel,mg/L,FALSE,FALSE,WB066,Center Buoy/Water chem site B,main,47.06338,-84.390411,Lower Batchawana Lake
CHL1104,ST068,2003-09-30,2,NA,1000,11.4,0.001,0.009,0.004,0.003,0.99,1.03,Hand Draw/Prélèvement manuel,mg/L,FALSE,FALSE,WB066,Center Buoy/Water chem site B,main,47.06338,-84.390411,Lower Batchawana Lake
CHL1105,ST068,2003-09-30,3,NA,1000,11.5,0.002,0.009,0.004,0.003,0.89,0.92,Hand Draw/Prélèvement manuel,mg/L,FALSE,FALSE,WB066,Center Buoy/Water chem site B,main,47.06338,-84.390411,Lower Batchawana Lake
CHL1106,ST091,2003-09-30,1,NA,1000,10.5,0.001,0.011,0.005,0.003,1.13,1.18,NA,mg/L,FALSE,FALSE,WB085,Center Buoy/Water chem site B,main,47.066412,-84.394125,Upper Batchawana Lake
CHL1107,ST091,2003-09-30,2,NA,1000,10.3,0.004,0.013,0.007,0.005,1.01,1.05,NA,mg/L,FALSE,FALSE,WB085,Center Buoy/Water chem site B,main,47.066412,-84.394125,Upper Batchawana Lake
CHL1108,ST091,2003-09-30,3,NA,1000,11.3,0.001,0.008,0.003,0.002,0.87,0.9,NA,mg/L,FALSE,FALSE,WB085,Center Buoy/Water chem site B,main,47.066412,-84.394125,Upper Batchawana Lake
CHL1109,ST095,2003-09-30,1,NA,1000,14.7,0.002,0.031,0.01,0.008,4.72,4.88,Hand Draw/Prélèvement manuel,mg/L,FALSE,FALSE,WB087,Buoy/Water chem site B,main,47.049274,-84.399988,Wishart Lake
CHL1110,ST095,2003-09-30,2,NA,1000,10.3,0.002,0.044,0.013,0.011,4.8,4.96,Hand Draw/Prélèvement manuel,mg/L,FALSE,FALSE,WB087,Buoy/Water chem site B,main,47.049274,-84.399988,Wishart Lake
CHL1111,ST095,2003-09-30,3,NA,1000,12.8,0.003,0.037,0.013,0.011,4.8,4.97,Hand Draw/Prélèvement manuel,mg/L,FALSE,FALSE,WB087,Buoy/Water chem site B,main,47.049274,-84.399988,Wishart Lake
CHL1112,ST065,2003-09-30,1,NA,1000,11,0.002,0.022,0.009,0.007,2.4,2.49,Hand Draw/Prélèvement manuel,mg/L,FALSE,FALSE,WB065,Center Buoy/Water chem site B,main,47.043396,-84.408613,Little Turkey Lake
CHL1113,ST065,2003-09-30,2,NA,960,12.5,0.001,0.02,0.005,0.004,2.77,2.85,Hand Draw/Prélèvement manuel,mg/L,FALSE,FALSE,WB065,Center Buoy/Water chem site B,main,47.043396,-84.408613,Little Turkey Lake
CHL1114,ST065,2003-09-30,3,NA,1000,10,0.03,0.057,0.034,0.033,3.06,3.14,Hand Draw/Prélèvement manuel,mg/L,FALSE,FALSE,WB065,Center Buoy/Water chem site B,main,47.043396,-84.408613,Little Turkey Lake
CHL1115,ST079,2003-10-08,1,NA,1000,11.6,0.005,0.061,0.019,0.017,7.22,7.46,Hand Draw/Prélèvement manuel,mg/L,TRUE,FALSE,WB075,Center Buoy/Water chem site B,main,46.73133333,-84.22058333,Quinn Lake
CHL1116,ST079,2003-10-08,2,NA,1000,10.5,0.002,0.062,0.018,0.016,6.99,7.22,Hand Draw/Prélèvement manuel,mg/L,TRUE,FALSE,WB075,Center Buoy/Water chem site B,main,46.73133333,-84.22058333,Quinn Lake
CHL1117,ST079,2003-10-08,3,NA,1000,12.7,0.001,0.046,0.012,0.01,6.36,6.57,Hand Draw/Prélèvement manuel,mg/L,TRUE,FALSE,WB075,Center Buoy/Water chem site B,main,46.73133333,-84.22058333,Quinn Lake
CHL1118,ST095,2004-10-03,1,NA,1000,15.1,0.003,0.028,0.008,0.007,4.24,4.36,NA,mg/L,FALSE,FALSE,WB087,Buoy/Water chem site B,main,47.049274,-84.399988,Wishart Lake
CHL1119,ST079,2004-10-05,1,1,500,12.5,0.003,0.015,0.005,0.004,3.39,3.48,NA,mg/L,TRUE,FALSE,WB075,Center Buoy/Water chem site B,main,46.73133333,-84.22058333,Quinn Lake
CHL1120,ST079,2004-10-05,1,2,500,13.9,0.003,0.013,0.006,0.005,3.06,3.17,NA,mg/L,TRUE,FALSE,WB075,Center Buoy/Water chem site B,main,46.73133333,-84.22058333,Quinn Lake
CHL1121,ST079,2005-05-03,3,NA,1000,13.4,0.003,0.019,0.006,0.006,2.41,2.48,NA,mg/L,TRUE,FALSE,WB075,Center Buoy/Water chem site B,main,46.73133333,-84.22058333,Quinn Lake
CHL1122,ST068,2005-05-03,1,NA,1000,14.2,0.003,0.016,0.006,0.005,2.06,2.12,NA,mg/L,FALSE,FALSE,WB066,Center Buoy/Water chem site B,main,47.06338,-84.390411,Lower Batchawana Lake
CHL1123,ST068,2005-05-03,2,NA,1000,11.7,0.001,0.015,0.004,0.004,1.83,1.89,NA,mg/L,FALSE,FALSE,WB066,Center Buoy/Water chem site B,main,47.06338,-84.390411,Lower Batchawana Lake
CHL1124,ST068,2005-05-03,3,NA,1000,14.4,0.004,0.018,0.008,0.007,2.23,2.3,NA,mg/L,FALSE,FALSE,WB066,Center Buoy/Water chem site B,main,47.06338,-84.390411,Lower Batchawana Lake
CHL1125,ST091,2005-05-03,2,NA,1000,11.3,0.001,0.015,0.004,0.003,1.77,1.82,NA,mg/L,FALSE,FALSE,WB085,Center Buoy/Water chem site B,main,47.066412,-84.394125,Upper Batchawana Lake
CHL1126,ST091,2005-05-03,3,NA,1000,11.2,0.001,0.015,0.005,0.004,1.73,1.79,NA,mg/L,FALSE,FALSE,WB085,Center Buoy/Water chem site B,main,47.066412,-84.394125,Upper Batchawana Lake
CHL1127,ST095,2005-05-03,1,NA,1000,13.8,0.002,0.009,0.003,0.003,1.1,1.12,NA,mg/L,FALSE,FALSE,WB087,Buoy/Water chem site B,main,47.049274,-84.399988,Wishart Lake
CHL1128,ST095,2005-05-03,2,NA,1000,13.5,0.001,0.009,0.003,0.002,1.2,1.24,NA,mg/L,FALSE,FALSE,WB087,Buoy/Water chem site B,main,47.049274,-84.399988,Wishart Lake
CHL1129,ST095,2005-05-03,3,NA,1000,11.2,0.001,0.009,0.002,0.002,1.02,1.05,NA,mg/L,FALSE,FALSE,WB087,Buoy/Water chem site B,main,47.049274,-84.399988,Wishart Lake
CHL1130,ST079,2005-05-04,2,NA,980,11.5,0.004,0.028,0.01,0.009,3.13,3.23,NA,mg/L,TRUE,FALSE,WB075,Center Buoy/Water chem site B,main,46.73133333,-84.22058333,Quinn Lake
CHL1131,ST065,2005-05-04,1,NA,890,12.5,0.004,0.011,0.005,0.005,1.12,1.14,NA,mg/L,FALSE,FALSE,WB065,Center Buoy/Water chem site B,main,47.043396,-84.408613,Little Turkey Lake
CHL1132,ST065,2005-05-04,2,NA,940,11.2,0.003,0.011,0.004,0.003,1.08,1.11,NA,mg/L,FALSE,FALSE,WB065,Center Buoy/Water chem site B,main,47.043396,-84.408613,Little Turkey Lake
CHL1133,ST065,2005-05-04,3,NA,1000,14.4,0.001,0.003,0.001,0.001,0.34,0.34,NA,mg/L,FALSE,FALSE,WB065,Center Buoy/Water chem site B,main,47.043396,-84.408613,Little Turkey Lake
CHL1134,ST079,2005-06-02,1,NA,1000,10.5,0.002,0.011,0.005,0.003,1.03,1.07,NA,mg/L,TRUE,FALSE,WB075,Center Buoy/Water chem site B,main,46.73133333,-84.22058333,Quinn Lake
CHL1135,ST079,2005-06-02,2,NA,1000,11.6,0.001,0.008,0.003,0.001,0.9,0.93,NA,mg/L,TRUE,FALSE,WB075,Center Buoy/Water chem site B,main,46.73133333,-84.22058333,Quinn Lake
CHL1136,ST079,2005-06-02,3,NA,1000,12,0.002,0.008,0.004,0.001,0.79,0.82,NA,mg/L,TRUE,FALSE,WB075,Center Buoy/Water chem site B,main,46.73133333,-84.22058333,Quinn Lake
CHL1137,ST068,2005-06-07,1,NA,1000,11.4,0.001,0.016,0.005,0.004,1.9,1.96,NA,mg/L,FALSE,FALSE,WB066,Center Buoy/Water chem site B,main,47.06338,-84.390411,Lower Batchawana Lake
CHL1138,ST068,2005-06-07,2,NA,1000,10.9,0.007,0.023,0.012,0.01,1.92,1.99,NA,mg/L,FALSE,FALSE,WB066,Center Buoy/Water chem site B,main,47.06338,-84.390411,Lower Batchawana Lake
CHL1139,ST068,2005-06-07,3,NA,1000,11.8,0.012,0.029,0.017,0.017,2.21,2.29,NA,mg/L,FALSE,FALSE,WB066,Center Buoy/Water chem site B,main,47.06338,-84.390411,Lower Batchawana Lake
CHL1140,ST091,2005-06-07,1,NA,1000,12.5,0.002,0.011,0.005,0.004,1.23,1.28,NA,mg/L,FALSE,FALSE,WB085,Center Buoy/Water chem site B,main,47.066412,-84.394125,Upper Batchawana Lake
CHL1141,ST091,2005-06-07,2,NA,1000,13.2,0.001,0.008,0.002,0.002,1.05,1.08,NA,mg/L,FALSE,FALSE,WB085,Center Buoy/Water chem site B,main,47.066412,-84.394125,Upper Batchawana Lake
CHL1142,ST091,2005-06-07,3,NA,1000,14.5,0,0.007,0.002,0.001,1.12,1.16,NA,mg/L,FALSE,FALSE,WB085,Center Buoy/Water chem site B,main,47.066412,-84.394125,Upper Batchawana Lake
CHL1143,ST095,2005-06-07,1,NA,1000,12.1,0.003,0.018,0.007,0.004,2.01,2.08,NA,mg/L,FALSE,FALSE,WB087,Buoy/Water chem site B,main,47.049274,-84.399988,Wishart Lake
CHL1144,ST095,2005-06-07,2,NA,1000,13.2,0.001,0.018,0.006,0.003,2.47,2.56,NA,mg/L,FALSE,FALSE,WB087,Buoy/Water chem site B,main,47.049274,-84.399988,Wishart Lake
CHL1145,ST095,2005-06-07,3,NA,1000,10.2,0.004,0.025,0.009,0.008,2.39,2.46,NA,mg/L,FALSE,FALSE,WB087,Buoy/Water chem site B,main,47.049274,-84.399988,Wishart Lake
CHL1146,ST065,2005-06-07,1,NA,1000,11.4,0.003,0.013,0.005,0.005,1.28,1.32,NA,mg/L,FALSE,FALSE,WB065,Center Buoy/Water chem site B,main,47.043396,-84.408613,Little Turkey Lake
CHL1147,ST065,2005-06-07,2,NA,1000,13.9,0.002,0.009,0.004,0.002,1.07,1.11,NA,mg/L,FALSE,FALSE,WB065,Center Buoy/Water chem site B,main,47.043396,-84.408613,Little Turkey Lake
CHL1148,ST065,2005-06-07,3,NA,1000,9.5,0.003,0.014,0.006,0.003,1.15,1.19,NA,mg/L,FALSE,FALSE,WB065,Center Buoy/Water chem site B,main,47.043396,-84.408613,Little Turkey Lake
CHL1149,ST068,2005-06-28,1,1,500,11.9,0.005,0.015,0.009,0.009,2.57,2.68,NA,mg/L,FALSE,FALSE,WB066,Center Buoy/Water chem site B,main,47.06338,-84.390411,Lower Batchawana Lake
CHL1150,ST068,2005-06-28,1,2,500,12.9,0.001,0.01,0.005,0.003,2.49,2.6,NA,mg/L,FALSE,FALSE,WB066,Center Buoy/Water chem site B,main,47.06338,-84.390411,Lower Batchawana Lake
CHL1151,ST068,2005-06-28,2,2,500,13.5,0.002,0.009,0.005,0.004,2.03,2.12,NA,mg/L,FALSE,FALSE,WB066,Center Buoy/Water chem site B,main,47.06338,-84.390411,Lower Batchawana Lake
CHL1152,ST068,2005-06-28,2,1,500,16,0.001,0.007,0.003,0.002,2.1,2.18,NA,mg/L,FALSE,FALSE,WB066,Center Buoy/Water chem site B,main,47.06338,-84.390411,Lower Batchawana Lake
CHL1153,ST068,2005-06-28,3,1,500,14.3,0.002,0.008,0.003,0.002,1.94,1.99,NA,mg/L,FALSE,FALSE,WB066,Center Buoy/Water chem site B,main,47.06338,-84.390411,Lower Batchawana Lake
CHL1154,ST068,2005-06-28,3,2,500,12,0.003,0.008,0.003,0.003,1.4,1.42,NA,mg/L,FALSE,FALSE,WB066,Center Buoy/Water chem site B,main,47.06338,-84.390411,Lower Batchawana Lake
CHL1155,ST091,2005-06-28,1,1,500,11.5,0.008,0.023,0.013,0.012,3.78,3.92,NA,mg/L,FALSE,FALSE,WB085,Center Buoy/Water chem site B,main,47.066412,-84.394125,Upper Batchawana Lake
CHL1156,ST091,2005-06-28,1,2,500,10.3,0.002,0.015,0.006,0.005,2.95,3.05,NA,mg/L,FALSE,FALSE,WB085,Center Buoy/Water chem site B,main,47.066412,-84.394125,Upper Batchawana Lake
CHL1157,ST091,2005-06-28,2,2,500,12.2,0,0.014,0.004,0.003,3.77,3.9,NA,mg/L,FALSE,FALSE,WB085,Center Buoy/Water chem site B,main,47.066412,-84.394125,Upper Batchawana Lake
CHL1158,ST091,2005-06-28,2,1,500,11,0.002,0.015,0.004,0.004,3.24,3.32,NA,mg/L,FALSE,FALSE,WB085,Center Buoy/Water chem site B,main,47.066412,-84.394125,Upper Batchawana Lake
CHL1159,ST091,2005-06-28,3,1,500,12.2,0.002,0.015,0.006,0.005,3.49,3.61,NA,mg/L,FALSE,FALSE,WB085,Center Buoy/Water chem site B,main,47.066412,-84.394125,Upper Batchawana Lake
CHL1160,ST091,2005-06-28,3,2,500,11.3,0.002,0.017,0.006,0.005,3.76,3.88,NA,mg/L,FALSE,FALSE,WB085,Center Buoy/Water chem site B,main,47.066412,-84.394125,Upper Batchawana Lake
CHL1161,ST095,2005-06-28,1,NA,1000,13.3,0.004,0.016,0.007,0.005,1.77,1.83,NA,mg/L,FALSE,FALSE,WB087,Buoy/Water chem site B,main,47.049274,-84.399988,Wishart Lake
CHL1162,ST095,2005-06-28,2,NA,1000,11,0.002,0.019,0.006,0.004,2.08,2.15,NA,mg/L,FALSE,FALSE,WB087,Buoy/Water chem site B,main,47.049274,-84.399988,Wishart Lake
CHL1163,ST095,2005-06-28,3,2,500,11.6,0.001,0.009,0.003,0.003,2.06,2.13,NA,mg/L,FALSE,FALSE,WB087,Buoy/Water chem site B,main,47.049274,-84.399988,Wishart Lake
CHL1164,ST095,2005-06-28,3,1,500,14.8,0.006,0.014,0.009,0.009,2.57,2.68,NA,mg/L,FALSE,FALSE,WB087,Buoy/Water chem site B,main,47.049274,-84.399988,Wishart Lake
CHL1165,ST065,2005-06-28,1,NA,1000,12.8,0,0.013,0.004,0.003,1.83,1.9,NA,mg/L,FALSE,FALSE,WB065,Center Buoy/Water chem site B,main,47.043396,-84.408613,Little Turkey Lake
CHL1166,ST065,2005-06-28,2,2,500,12.4,0.001,0.006,0.002,0.001,1.39,1.43,NA,mg/L,FALSE,FALSE,WB065,Center Buoy/Water chem site B,main,47.043396,-84.408613,Little Turkey Lake
CHL1167,ST065,2005-06-28,2,1,500,14.5,0.004,0.01,0.007,0.007,1.85,1.93,NA,mg/L,FALSE,FALSE,WB065,Center Buoy/Water chem site B,main,47.043396,-84.408613,Little Turkey Lake
CHL1168,ST065,2005-06-28,3,NA,1000,10.5,0.002,0.02,0.008,0.006,2.07,2.15,NA,mg/L,FALSE,FALSE,WB065,Center Buoy/Water chem site B,main,47.043396,-84.408613,Little Turkey Lake
CHL1169,ST079,2005-06-29,1,1,500,13,0.003,0.016,0.006,0.004,3.77,3.89,NA,mg/L,TRUE,FALSE,WB075,Center Buoy/Water chem site B,main,46.73133333,-84.22058333,Quinn Lake
CHL1170,ST079,2005-06-29,1,2,500,12.8,0.005,0.017,0.008,0.007,3.42,3.53,NA,mg/L,TRUE,FALSE,WB075,Center Buoy/Water chem site B,main,46.73133333,-84.22058333,Quinn Lake
CHL1171,ST079,2005-06-29,2,1,500,12.3,0.003,0.018,0.007,0.005,4.09,4.23,NA,mg/L,TRUE,FALSE,WB075,Center Buoy/Water chem site B,main,46.73133333,-84.22058333,Quinn Lake
CHL1172,ST079,2005-06-29,2,2,500,13.3,0.003,0.017,0.005,0.005,4.23,4.34,NA,mg/L,TRUE,FALSE,WB075,Center Buoy/Water chem site B,main,46.73133333,-84.22058333,Quinn Lake
CHL1173,ST079,2005-06-29,3,2,500,11.2,0.002,0.021,0.009,0.008,4.63,4.81,NA,mg/L,TRUE,FALSE,WB075,Center Buoy/Water chem site B,main,46.73133333,-84.22058333,Quinn Lake
CHL1174,ST079,2005-06-29,3,1,500,11.9,0.002,0.016,0.004,0.004,3.78,3.88,NA,mg/L,TRUE,FALSE,WB075,Center Buoy/Water chem site B,main,46.73133333,-84.22058333,Quinn Lake
CHL1175,ST068,2005-07-25,1,NA,1000,12.8,0.002,0.014,0.013,0.002,1.48,1.6,NA,mg/L,FALSE,FALSE,WB066,Center Buoy/Water chem site B,main,47.06338,-84.390411,Lower Batchawana Lake
CHL1176,ST068,2005-07-25,2,NA,1000,12.5,0.003,0.018,0.008,0.005,2.05,2.13,NA,mg/L,FALSE,FALSE,WB066,Center Buoy/Water chem site B,main,47.06338,-84.390411,Lower Batchawana Lake
CHL1177,ST068,2005-07-25,3,NA,1000,11.2,0.002,0.018,0.018,0.004,1.7,1.85,NA,mg/L,FALSE,FALSE,WB066,Center Buoy/Water chem site B,main,47.06338,-84.390411,Lower Batchawana Lake
CHL1178,ST091,2005-07-25,1,NA,1000,11.8,0.002,0.011,0.004,0.002,1.19,1.22,NA,mg/L,FALSE,FALSE,WB085,Center Buoy/Water chem site B,main,47.066412,-84.394125,Upper Batchawana Lake
CHL1179,ST091,2005-07-25,2,NA,1000,10.5,0.001,0.01,0.009,0.002,0.92,0.99,NA,mg/L,FALSE,FALSE,WB085,Center Buoy/Water chem site B,main,47.066412,-84.394125,Upper Batchawana Lake
CHL1180,ST091,2005-07-25,3,NA,1000,12.3,0.003,0.013,0.006,0.005,1.35,1.4,NA,mg/L,FALSE,FALSE,WB085,Center Buoy/Water chem site B,main,47.066412,-84.394125,Upper Batchawana Lake
CHL1181,ST079,2005-07-26,1,NA,1000,14.6,0.016,0.04,0.023,0.021,3.87,4,NA,mg/L,TRUE,FALSE,WB075,Center Buoy/Water chem site B,main,46.73133333,-84.22058333,Quinn Lake
CHL1182,ST079,2005-07-26,2,1,500,13.6,0.003,0.017,0.008,0.006,4.15,4.31,NA,mg/L,TRUE,FALSE,WB075,Center Buoy/Water chem site B,main,46.73133333,-84.22058333,Quinn Lake
CHL1183,ST079,2005-07-26,2,2,500,8.5,0,0.014,0.013,0.003,2.3,2.48,NA,mg/L,TRUE,FALSE,WB075,Center Buoy/Water chem site B,main,46.73133333,-84.22058333,Quinn Lake
CHL1184,ST079,2005-07-26,3,1,500,11.7,0.028,0.043,0.031,0.027,3.93,4.05,NA,mg/L,TRUE,FALSE,WB075,Center Buoy/Water chem site B,main,46.73133333,-84.22058333,Quinn Lake
CHL1185,ST079,2005-07-26,3,2,500,14,0.002,0.012,0.012,0.004,2.66,2.89,NA,mg/L,TRUE,FALSE,WB075,Center Buoy/Water chem site B,main,46.73133333,-84.22058333,Quinn Lake
CHL1186,ST095,2005-07-26,1,2,500,11.8,0.001,0.028,0.009,0.007,7.02,7.27,NA,mg/L,FALSE,FALSE,WB087,Buoy/Water chem site B,main,47.049274,-84.399988,Wishart Lake
CHL1187,ST095,2005-07-26,1,1,500,12.8,0.001,0.025,0.007,0.006,6.83,7.05,NA,mg/L,FALSE,FALSE,WB087,Buoy/Water chem site B,main,47.049274,-84.399988,Wishart Lake
CHL1188,ST095,2005-07-26,2,1,500,10.8,0.007,0.037,0.017,0.014,7.09,7.36,NA,mg/L,FALSE,FALSE,WB087,Buoy/Water chem site B,main,47.049274,-84.399988,Wishart Lake
CHL1189,ST095,2005-07-26,2,2,500,11.8,0.001,0.027,0.008,0.006,6.8,7.03,NA,mg/L,FALSE,FALSE,WB087,Buoy/Water chem site B,main,47.049274,-84.399988,Wishart Lake
CHL1190,ST095,2005-07-26,3,1,500,12.2,0.001,0.029,0.009,0.008,7.55,7.81,NA,mg/L,FALSE,FALSE,WB087,Buoy/Water chem site B,main,47.049274,-84.399988,Wishart Lake
CHL1191,ST095,2005-07-26,3,2,500,13.8,0.002,0.024,0.023,0.005,5.82,6.31,NA,mg/L,FALSE,FALSE,WB087,Buoy/Water chem site B,main,47.049274,-84.399988,Wishart Lake
CHL1192,ST065,2005-07-26,1,2,500,12.8,0.001,0.007,0.002,0.001,1.73,1.78,NA,mg/L,FALSE,FALSE,WB065,Center Buoy/Water chem site B,main,47.043396,-84.408613,Little Turkey Lake
CHL1193,ST065,2005-07-26,1,1,500,11.3,0.002,0.006,0.005,0.002,0.91,0.97,NA,mg/L,FALSE,FALSE,WB065,Center Buoy/Water chem site B,main,47.043396,-84.408613,Little Turkey Lake
CHL1194,ST065,2005-07-26,2,1,500,15,0.003,0.01,0.005,0.005,2.32,2.4,NA,mg/L,FALSE,FALSE,WB065,Center Buoy/Water chem site B,main,47.043396,-84.408613,Little Turkey Lake
CHL1195,ST065,2005-07-26,2,2,500,11.1,0.001,0.007,0.006,0.001,1.31,1.41,NA,mg/L,FALSE,FALSE,WB065,Center Buoy/Water chem site B,main,47.043396,-84.408613,Little Turkey Lake
CHL1196,ST065,2005-07-26,3,1,500,13.8,0.001,0.007,0.002,0.002,1.87,1.92,NA,mg/L,FALSE,FALSE,WB065,Center Buoy/Water chem site B,main,47.043396,-84.408613,Little Turkey Lake
CHL1197,ST065,2005-07-26,3,2,500,12,0.009,0.019,0.012,0.012,2.65,2.74,NA,mg/L,FALSE,FALSE,WB065,Center Buoy/Water chem site B,main,47.043396,-84.408613,Little Turkey Lake
CHL1198,ST079,2005-08-24,1,NA,1000,14.5,0,0.015,0.004,0.004,2.41,2.49,NA,mg/L,TRUE,FALSE,WB075,Center Buoy/Water chem site B,main,46.73133333,-84.22058333,Quinn Lake
CHL1199,ST079,2005-08-24,2,NA,1000,13,0.002,0.02,0.006,0.004,2.61,2.69,NA,mg/L,TRUE,FALSE,WB075,Center Buoy/Water chem site B,main,46.73133333,-84.22058333,Quinn Lake
CHL1200,ST079,2005-08-24,3,NA,1000,13.2,0.014,0.034,0.021,0.02,2.88,2.99,NA,mg/L,TRUE,FALSE,WB075,Center Buoy/Water chem site B,main,46.73133333,-84.22058333,Quinn Lake
CHL1201,ST068,2005-08-25,1,NA,1000,13.8,0.001,0.01,0.004,0.002,1.36,1.41,NA,mg/L,FALSE,FALSE,WB066,Center Buoy/Water chem site B,main,47.06338,-84.390411,Lower Batchawana Lake
CHL1202,ST068,2005-08-25,2,NA,1000,11.8,0.013,0.02,0.013,0.012,0.96,0.98,NA,mg/L,FALSE,FALSE,WB066,Center Buoy/Water chem site B,main,47.06338,-84.390411,Lower Batchawana Lake
CHL1203,ST068,2005-08-25,3,NA,1000,11.7,0,0.011,0.004,0.002,1.4,1.45,NA,mg/L,FALSE,FALSE,WB066,Center Buoy/Water chem site B,main,47.06338,-84.390411,Lower Batchawana Lake
CHL1204,ST091,2005-08-25,1,NA,1000,13.2,0.001,0.011,0.005,0.005,1.43,1.49,NA,mg/L,FALSE,FALSE,WB085,Center Buoy/Water chem site B,main,47.066412,-84.394125,Upper Batchawana Lake
CHL1205,ST091,2005-08-25,2,NA,1000,12.4,0.009,0.023,0.012,0.011,1.94,2,NA,mg/L,FALSE,FALSE,WB085,Center Buoy/Water chem site B,main,47.066412,-84.394125,Upper Batchawana Lake
CHL1206,ST091,2005-08-25,3,NA,1000,11.8,0.002,0.011,0.004,0.004,1.19,1.22,NA,mg/L,FALSE,FALSE,WB085,Center Buoy/Water chem site B,main,47.066412,-84.394125,Upper Batchawana Lake
CHL1207,ST095,2005-08-25,1,NA,1000,13.9,0.004,0.033,0.012,0.011,4.46,4.61,NA,mg/L,FALSE,FALSE,WB087,Buoy/Water chem site B,main,47.049274,-84.399988,Wishart Lake
CHL1208,ST095,2005-08-25,2,NA,1000,13.8,0.012,0.039,0.018,0.016,4.16,4.29,NA,mg/L,FALSE,FALSE,WB087,Buoy/Water chem site B,main,47.049274,-84.399988,Wishart Lake
CHL1209,ST095,2005-08-25,3,NA,1000,13,0.076,0.081,0.043,0.042,1.64,1.4,NA,mg/L,FALSE,FALSE,WB087,Buoy/Water chem site B,main,47.049274,-84.399988,Wishart Lake
CHL1210,ST065,2005-08-25,1,NA,1000,14.8,0.001,0.01,0.004,0.002,1.46,1.51,NA,mg/L,FALSE,FALSE,WB065,Center Buoy/Water chem site B,main,47.043396,-84.408613,Little Turkey Lake
CHL1211,ST065,2005-08-25,2,NA,1000,11,0.001,0.012,0.003,0.002,1.36,1.4,NA,mg/L,FALSE,FALSE,WB065,Center Buoy/Water chem site B,main,47.043396,-84.408613,Little Turkey Lake
CHL1212,ST065,2005-08-25,3,NA,1000,13.1,0,0.011,0.005,0.003,1.54,1.61,NA,mg/L,FALSE,FALSE,WB065,Center Buoy/Water chem site B,main,47.043396,-84.408613,Little Turkey Lake
CHL1213,ST079,2005-09-20,1,2,500,10.9,0.005,0.017,0.006,0.006,3,3.07,NA,mg/L,TRUE,FALSE,WB075,Center Buoy/Water chem site B,main,46.73133333,-84.22058333,Quinn Lake
CHL1214,ST079,2005-09-20,1,1,500,12,0.005,0.019,0.013,0.011,3.51,3.7,NA,mg/L,TRUE,FALSE,WB075,Center Buoy/Water chem site B,main,46.73133333,-84.22058333,Quinn Lake
CHL1215,ST079,2005-09-20,2,2,500,12.2,0.001,0.01,0.001,0.001,2.56,2.6,NA,mg/L,TRUE,FALSE,WB075,Center Buoy/Water chem site B,main,46.73133333,-84.22058333,Quinn Lake
CHL1216,ST079,2005-09-20,2,1,500,13.5,0.007,0.02,0.012,0.012,3.81,3.96,NA,mg/L,TRUE,FALSE,WB075,Center Buoy/Water chem site B,main,46.73133333,-84.22058333,Quinn Lake
CHL1217,ST079,2005-09-20,3,2,500,12.8,0.014,0.023,0.014,0.012,2.68,2.73,NA,mg/L,TRUE,FALSE,WB075,Center Buoy/Water chem site B,main,46.73133333,-84.22058333,Quinn Lake
CHL1218,ST079,2005-09-20,3,1,500,11.4,0.001,0.012,0.003,0.003,2.83,2.91,NA,mg/L,TRUE,FALSE,WB075,Center Buoy/Water chem site B,main,46.73133333,-84.22058333,Quinn Lake
CHL1219,ST068,2005-09-20,1,2,500,12.4,0,0.006,0.002,0.002,1.63,1.69,NA,mg/L,FALSE,FALSE,WB066,Center Buoy/Water chem site B,main,47.06338,-84.390411,Lower Batchawana Lake
CHL1220,ST068,2005-09-20,1,1,500,11.4,0,0.006,0.003,0.002,1.45,1.52,NA,mg/L,FALSE,FALSE,WB066,Center Buoy/Water chem site B,main,47.06338,-84.390411,Lower Batchawana Lake
CHL1221,ST068,2005-09-20,2,2,500,12.1,0.001,0.007,0.003,0.002,1.59,1.65,NA,mg/L,FALSE,FALSE,WB066,Center Buoy/Water chem site B,main,47.06338,-84.390411,Lower Batchawana Lake
CHL1222,ST068,2005-09-20,2,1,500,11.2,0,0.005,0.001,0,1.26,1.29,NA,mg/L,FALSE,FALSE,WB066,Center Buoy/Water chem site B,main,47.06338,-84.390411,Lower Batchawana Lake
CHL1223,ST068,2005-09-20,3,2,500,12.2,0.009,0.017,0.013,0.012,2.07,2.17,NA,mg/L,FALSE,FALSE,WB066,Center Buoy/Water chem site B,main,47.06338,-84.390411,Lower Batchawana Lake
CHL1224,ST068,2005-09-20,3,1,500,14.8,0.002,0.006,0.003,0.002,1.31,1.36,NA,mg/L,FALSE,FALSE,WB066,Center Buoy/Water chem site B,main,47.06338,-84.390411,Lower Batchawana Lake
CHL1225,ST091,2005-09-20,1,NA,1000,14.2,0,0.013,0.003,0.002,2.06,2.12,NA,mg/L,FALSE,FALSE,WB085,Center Buoy/Water chem site B,main,47.066412,-84.394125,Upper Batchawana Lake
CHL1226,ST091,2005-09-20,2,2,500,12.5,0.001,0.009,0.003,0.002,2.22,2.29,NA,mg/L,FALSE,FALSE,WB085,Center Buoy/Water chem site B,main,47.066412,-84.394125,Upper Batchawana Lake
CHL1227,ST091,2005-09-20,2,1,500,11.2,0.001,0.01,0.004,0.003,2.21,2.29,NA,mg/L,FALSE,FALSE,WB085,Center Buoy/Water chem site B,main,47.066412,-84.394125,Upper Batchawana Lake
CHL1228,ST091,2005-09-20,3,2,500,13,0,0.007,0.002,0,2.01,2.08,NA,mg/L,FALSE,FALSE,WB085,Center Buoy/Water chem site B,main,47.066412,-84.394125,Upper Batchawana Lake
CHL1229,ST091,2005-09-20,3,1,500,14.2,0,0.007,0.002,0.001,2.19,2.27,NA,mg/L,FALSE,FALSE,WB085,Center Buoy/Water chem site B,main,47.066412,-84.394125,Upper Batchawana Lake
CHL1230,ST095,2005-09-20,1,2,500,13,0.005,0.033,0.014,0.013,7.99,8.28,NA,mg/L,FALSE,FALSE,WB087,Buoy/Water chem site B,main,47.049274,-84.399988,Wishart Lake
CHL1231,ST095,2005-09-20,1,1,500,11.7,0.002,0.034,0.009,0.009,8.38,8.63,NA,mg/L,FALSE,FALSE,WB087,Buoy/Water chem site B,main,47.049274,-84.399988,Wishart Lake
CHL1232,ST095,2005-09-20,2,2,500,14.4,0.001,0.025,0.006,0.006,7.75,7.98,NA,mg/L,FALSE,FALSE,WB087,Buoy/Water chem site B,main,47.049274,-84.399988,Wishart Lake
CHL1233,ST095,2005-09-20,2,1,500,11,0.001,0.035,0.009,0.009,8.34,8.61,NA,mg/L,FALSE,FALSE,WB087,Buoy/Water chem site B,main,47.049274,-84.399988,Wishart Lake
CHL1234,ST095,2005-09-20,3,2,500,12.1,0.002,0.035,0.01,0.009,8.89,9.18,NA,mg/L,FALSE,FALSE,WB087,Buoy/Water chem site B,main,47.049274,-84.399988,Wishart Lake
CHL1235,ST095,2005-09-20,3,1,500,13.8,0.004,0.032,0.01,0.01,8.65,8.92,NA,mg/L,FALSE,FALSE,WB087,Buoy/Water chem site B,main,47.049274,-84.399988,Wishart Lake
CHL1236,ST065,2005-09-20,1,2,500,12.4,0.001,0.008,0.003,0.002,1.92,1.98,NA,mg/L,FALSE,FALSE,WB065,Center Buoy/Water chem site B,main,47.043396,-84.408613,Little Turkey Lake
CHL1237,ST065,2005-09-20,1,1,500,12.3,0,0.006,0.001,0.001,1.67,1.71,NA,mg/L,FALSE,FALSE,WB065,Center Buoy/Water chem site B,main,47.043396,-84.408613,Little Turkey Lake
CHL1238,ST065,2005-09-20,2,1,500,13.3,0.003,0.009,0.003,0.003,1.86,1.89,NA,mg/L,FALSE,FALSE,WB065,Center Buoy/Water chem site B,main,47.043396,-84.408613,Little Turkey Lake
CHL1239,ST065,2005-09-20,2,2,500,15.5,0,0.004,0,0,1.44,1.47,NA,mg/L,FALSE,FALSE,WB065,Center Buoy/Water chem site B,main,47.043396,-84.408613,Little Turkey Lake
CHL1240,ST065,2005-09-20,3,1,500,15.5,0,0.004,0,0,1.44,1.47,NA,mg/L,FALSE,FALSE,WB065,Center Buoy/Water chem site B,main,47.043396,-84.408613,Little Turkey Lake
CHL1241,ST065,2005-09-20,3,2,500,12.4,0,0.006,0.002,0.001,1.63,1.69,NA,mg/L,FALSE,FALSE,WB065,Center Buoy/Water chem site B,main,47.043396,-84.408613,Little Turkey Lake
CHL1242,ST068,2005-10-18,1,NA,1000,11.8,0.002,0.014,0.005,0.004,1.57,1.63,NA,mg/L,FALSE,FALSE,WB066,Center Buoy/Water chem site B,main,47.06338,-84.390411,Lower Batchawana Lake
CHL1243,ST068,2005-10-18,2,NA,1000,11.4,0,0.015,0.004,0.003,1.9,1.96,NA,mg/L,FALSE,FALSE,WB066,Center Buoy/Water chem site B,main,47.06338,-84.390411,Lower Batchawana Lake
CHL1244,ST068,2005-10-18,3,NA,1000,10.5,0,0.016,0.004,0.004,1.87,1.93,NA,mg/L,FALSE,FALSE,WB066,Center Buoy/Water chem site B,main,47.06338,-84.390411,Lower Batchawana Lake
CHL1245,ST091,2005-10-18,1,NA,1000,11.5,0.001,0.016,0.005,0.004,1.91,1.98,NA,mg/L,FALSE,FALSE,WB085,Center Buoy/Water chem site B,main,47.066412,-84.394125,Upper Batchawana Lake
CHL1246,ST091,2005-10-18,2,NA,1000,11.3,0.001,0.015,0.004,0.003,1.77,1.82,NA,mg/L,FALSE,FALSE,WB085,Center Buoy/Water chem site B,main,47.066412,-84.394125,Upper Batchawana Lake
CHL1247,ST091,2005-10-18,3,NA,850,14.2,0,0.011,0.004,0.003,2,2.08,NA,mg/L,FALSE,FALSE,WB085,Center Buoy/Water chem site B,main,47.066412,-84.394125,Upper Batchawana Lake
CHL1248,ST095,2005-10-18,1,NA,1000,12.6,0.002,0.044,0.014,0.012,5.85,6.05,NA,mg/L,FALSE,FALSE,WB087,Buoy/Water chem site B,main,47.049274,-84.399988,Wishart Lake
CHL1249,ST095,2005-10-18,2,NA,1000,11.2,0.007,0.054,0.02,0.018,5.83,6.02,NA,mg/L,FALSE,FALSE,WB087,Buoy/Water chem site B,main,47.049274,-84.399988,Wishart Lake
CHL1250,ST095,2005-10-18,3,NA,1000,14.2,0.002,0.04,0.012,0.012,5.99,6.19,NA,mg/L,FALSE,FALSE,WB087,Buoy/Water chem site B,main,47.049274,-84.399988,Wishart Lake
CHL1251,ST065,2005-10-18,1,NA,1000,11.1,0.002,0.023,0.007,0.006,2.6,2.68,NA,mg/L,FALSE,FALSE,WB065,Center Buoy/Water chem site B,main,47.043396,-84.408613,Little Turkey Lake
CHL1252,ST065,2005-10-18,2,2,500,11.1,0.002,0.013,0.005,0.005,2.71,2.8,NA,mg/L,FALSE,FALSE,WB065,Center Buoy/Water chem site B,main,47.043396,-84.408613,Little Turkey Lake
CHL1253,ST065,2005-10-18,2,1,500,12.3,0.001,0.01,0.003,0.003,2.48,2.55,NA,mg/L,FALSE,FALSE,WB065,Center Buoy/Water chem site B,main,47.043396,-84.408613,Little Turkey Lake
CHL1254,ST065,2005-10-18,3,2,500,11.8,0,0.012,0.004,0.003,3.1,3.22,NA,mg/L,FALSE,FALSE,WB065,Center Buoy/Water chem site B,main,47.043396,-84.408613,Little Turkey Lake
CHL1255,ST065,2005-10-18,3,1,500,12.2,0,0.01,0.003,0.002,2.69,2.78,NA,mg/L,FALSE,FALSE,WB065,Center Buoy/Water chem site B,main,47.043396,-84.408613,Little Turkey Lake
CHL1256,ST079,2005-10-19,1,NA,1000,11.8,0,0.044,0.011,0.01,5.77,5.96,NA,mg/L,TRUE,FALSE,WB075,Center Buoy/Water chem site B,main,46.73133333,-84.22058333,Quinn Lake
CHL1257,ST079,2005-10-19,2,NA,1000,12.5,0.004,0.048,0.016,0.015,6.09,6.3,NA,mg/L,TRUE,FALSE,WB075,Center Buoy/Water chem site B,main,46.73133333,-84.22058333,Quinn Lake
CHL1258,ST079,2005-10-19,3,NA,1000,10.1,0,0.053,0.014,0.012,5.94,6.14,NA,mg/L,TRUE,FALSE,WB075,Center Buoy/Water chem site B,main,46.73133333,-84.22058333,Quinn Lake
CHL1259,ST068,2008-05-05,1,NA,1000,11.5,0.001,0.004,0.005,0.003,0.3,0.34,NA,mg/L,FALSE,FALSE,WB066,Center Buoy/Water chem site B,main,47.06338,-84.390411,Lower Batchawana Lake
CHL1260,ST068,2008-05-05,2,NA,1000,14,0.003,0.005,0.003,0.002,0.32,0.33,NA,mg/L,FALSE,FALSE,WB066,Center Buoy/Water chem site B,main,47.06338,-84.390411,Lower Batchawana Lake
CHL1261,ST068,2008-05-05,3,NA,1000,12,0.004,0.006,0.004,0.004,0.28,0.28,NA,mg/L,FALSE,FALSE,WB066,Center Buoy/Water chem site B,main,47.06338,-84.390411,Lower Batchawana Lake
CHL1262,ST091,2008-05-05,1,NA,1000,12.9,0.002,0.005,0.003,0.002,0.42,0.44,NA,mg/L,FALSE,FALSE,WB085,Center Buoy/Water chem site B,main,47.066412,-84.394125,Upper Batchawana Lake
CHL1263,ST091,2008-05-05,2,NA,1000,11.9,0.002,0.005,0.003,0.002,0.39,0.4,NA,mg/L,FALSE,FALSE,WB085,Center Buoy/Water chem site B,main,47.066412,-84.394125,Upper Batchawana Lake
CHL1264,ST091,2008-05-05,3,NA,1000,10.7,0.001,0.005,0.002,0.001,0.48,0.49,NA,mg/L,FALSE,FALSE,WB085,Center Buoy/Water chem site B,main,47.066412,-84.394125,Upper Batchawana Lake
CHL1265,ST068,2008-06-11,1,NA,1000,10.4,0,0.006,0.002,0.002,0.68,0.71,NA,mg/L,FALSE,FALSE,WB066,Center Buoy/Water chem site B,main,47.06338,-84.390411,Lower Batchawana Lake
CHL1266,ST068,2008-06-11,2,NA,1000,12.4,0.001,0.006,0.003,0.003,0.67,0.7,NA,mg/L,FALSE,FALSE,WB066,Center Buoy/Water chem site B,main,47.06338,-84.390411,Lower Batchawana Lake
CHL1267,ST068,2008-06-11,3,NA,1000,11.2,0,0.005,0.002,0.002,0.61,0.63,NA,mg/L,FALSE,FALSE,WB066,Center Buoy/Water chem site B,main,47.06338,-84.390411,Lower Batchawana Lake
CHL1268,ST091,2008-06-11,1,NA,1000,10.7,0.003,0.007,0.006,0.006,0.43,0.46,NA,mg/L,FALSE,FALSE,WB085,Center Buoy/Water chem site B,main,47.066412,-84.394125,Upper Batchawana Lake
CHL1269,ST091,2008-06-11,2,NA,1000,11.5,0.001,0.005,0.002,0.002,0.51,0.53,NA,mg/L,FALSE,FALSE,WB085,Center Buoy/Water chem site B,main,47.066412,-84.394125,Upper Batchawana Lake
CHL1270,ST091,2008-06-11,3,NA,1000,11.2,0.002,0.009,0.005,0.005,0.84,0.88,NA,mg/L,FALSE,FALSE,WB085,Center Buoy/Water chem site B,main,47.066412,-84.394125,Upper Batchawana Lake
CHL1271,ST095,2008-06-11,1,NA,1000,12,0.002,0.018,0.008,0.006,2.08,2.17,NA,mg/L,FALSE,FALSE,WB087,Buoy/Water chem site B,main,47.049274,-84.399988,Wishart Lake
CHL1272,ST095,2008-06-11,2,NA,1000,11,0.002,0.017,0.008,0.006,1.78,1.86,NA,mg/L,FALSE,FALSE,WB087,Buoy/Water chem site B,main,47.049274,-84.399988,Wishart Lake
CHL1273,ST095,2008-06-11,3,NA,1000,10.4,0.004,0.023,0.011,0.01,2.15,2.23,NA,mg/L,FALSE,FALSE,WB087,Buoy/Water chem site B,main,47.049274,-84.399988,Wishart Lake
CHL1274,ST065,2008-06-11,1,NA,1000,11,0.002,0.009,0.004,0.003,0.85,0.88,NA,mg/L,FALSE,FALSE,WB065,Center Buoy/Water chem site B,main,47.043396,-84.408613,Little Turkey Lake
CHL1275,ST065,2008-06-11,2,NA,1000,11.3,0,0.007,0.002,0.001,0.87,0.9,NA,mg/L,FALSE,FALSE,WB065,Center Buoy/Water chem site B,main,47.043396,-84.408613,Little Turkey Lake
CHL1276,ST065,2008-06-11,3,NA,1000,11.4,0,0.007,0.003,0.002,0.86,0.89,NA,mg/L,FALSE,FALSE,WB065,Center Buoy/Water chem site B,main,47.043396,-84.408613,Little Turkey Lake
CHL1277,ST068,2008-07-07,1,1,500,12.7,0.001,0.007,0.003,0.002,1.67,1.73,NA,mg/L,FALSE,FALSE,WB066,Center Buoy/Water chem site B,main,47.06338,-84.390411,Lower Batchawana Lake
CHL1278,ST068,2008-07-07,1,2,500,12.5,0,0.007,0.002,0.001,1.93,2,NA,mg/L,FALSE,FALSE,WB066,Center Buoy/Water chem site B,main,47.06338,-84.390411,Lower Batchawana Lake
CHL1279,ST068,2008-07-07,2,1,500,12.1,0.001,0.008,0.003,0.004,1.87,1.94,NA,mg/L,FALSE,FALSE,WB066,Center Buoy/Water chem site B,main,47.06338,-84.390411,Lower Batchawana Lake
CHL1280,ST068,2008-07-07,2,2,500,13.7,0.003,0.008,0.005,0.003,1.48,1.54,NA,mg/L,FALSE,FALSE,WB066,Center Buoy/Water chem site B,main,47.06338,-84.390411,Lower Batchawana Lake
CHL1281,ST068,2008-07-07,3,2,500,11,0,0.01,0.003,0.002,2.42,2.51,NA,mg/L,FALSE,FALSE,WB066,Center Buoy/Water chem site B,main,47.06338,-84.390411,Lower Batchawana Lake
CHL1282,ST068,2008-07-07,3,1,500,10.7,0,0.008,0.002,0.001,1.9,1.96,NA,mg/L,FALSE,FALSE,WB066,Center Buoy/Water chem site B,main,47.06338,-84.390411,Lower Batchawana Lake
CHL1283,ST091,2008-07-07,1,NA,1000,11,0.001,0.019,0.007,0.003,2.16,2.25,NA,mg/L,FALSE,FALSE,WB085,Center Buoy/Water chem site B,main,47.066412,-84.394125,Upper Batchawana Lake
CHL1284,ST091,2008-07-07,2,NA,1000,12.6,0,0.015,0.004,0.002,2.09,2.16,NA,mg/L,FALSE,FALSE,WB085,Center Buoy/Water chem site B,main,47.066412,-84.394125,Upper Batchawana Lake
CHL1285,ST091,2008-07-07,3,2,500,10.3,0.002,0.01,0.006,0.003,1.74,1.83,NA,mg/L,FALSE,FALSE,WB085,Center Buoy/Water chem site B,main,47.066412,-84.394125,Upper Batchawana Lake
CHL1286,ST091,2008-07-07,3,1,500,11.4,0.009,0.019,0.012,0.012,2.51,2.6,NA,mg/L,FALSE,FALSE,WB085,Center Buoy/Water chem site B,main,47.066412,-84.394125,Upper Batchawana Lake
CHL1287,ST095,2008-07-07,1,NA,1000,10.8,0.001,0.016,0.005,0.004,1.8,1.86,NA,mg/L,FALSE,FALSE,WB087,Buoy/Water chem site B,main,47.049274,-84.399988,Wishart Lake
CHL1288,ST095,2008-07-07,2,NA,1000,14.6,0.001,0.013,0.003,0.003,1.98,2.03,NA,mg/L,FALSE,FALSE,WB087,Buoy/Water chem site B,main,47.049274,-84.399988,Wishart Lake
CHL1289,ST095,2008-07-07,3,NA,1000,12.5,0.001,0.013,0.004,0.003,1.67,1.72,NA,mg/L,FALSE,FALSE,WB087,Buoy/Water chem site B,main,47.049274,-84.399988,Wishart Lake
CHL1290,ST065,2008-07-07,1,1,500,10.5,0,0.005,0.002,0.001,1.13,1.18,NA,mg/L,FALSE,FALSE,WB065,Center Buoy/Water chem site B,main,47.043396,-84.408613,Little Turkey Lake
CHL1291,ST065,2008-07-07,1,2,500,10.8,0.001,0.008,0.003,0.003,1.67,1.73,NA,mg/L,FALSE,FALSE,WB065,Center Buoy/Water chem site B,main,47.043396,-84.408613,Little Turkey Lake
CHL1292,ST065,2008-07-07,2,NA,890,10.2,0.002,0.012,0.005,0.004,1.26,1.31,NA,mg/L,FALSE,FALSE,WB065,Center Buoy/Water chem site B,main,47.043396,-84.408613,Little Turkey Lake
CHL1293,ST065,2008-07-07,3,1,500,13.2,0,0.005,0.002,0.002,1.43,1.49,NA,mg/L,FALSE,FALSE,WB065,Center Buoy/Water chem site B,main,47.043396,-84.408613,Little Turkey Lake
CHL1294,ST065,2008-07-07,3,2,500,12.6,0,0.005,0.002,0.001,1.36,1.42,NA,mg/L,FALSE,FALSE,WB065,Center Buoy/Water chem site B,main,47.043396,-84.408613,Little Turkey Lake
CHL1295,ST068,2008-08-06,1,NA,1000,11.8,0.001,0.013,0.004,0.003,1.57,1.63,NA,mg/L,FALSE,FALSE,WB066,Center Buoy/Water chem site B,main,47.06338,-84.390411,Lower Batchawana Lake
CHL1296,ST068,2008-08-06,2,NA,1000,12,0,0.015,0.005,0.004,1.97,2.04,NA,mg/L,FALSE,FALSE,WB066,Center Buoy/Water chem site B,main,47.06338,-84.390411,Lower Batchawana Lake
CHL1297,ST068,2008-08-06,3,NA,1000,11.6,0.001,0.015,0.005,0.005,1.79,1.86,NA,mg/L,FALSE,FALSE,WB066,Center Buoy/Water chem site B,main,47.06338,-84.390411,Lower Batchawana Lake
CHL1298,ST091,2008-08-06,1,NA,1000,12.3,0.002,0.013,0.005,0.004,1.5,1.55,NA,mg/L,FALSE,FALSE,WB085,Center Buoy/Water chem site B,main,47.066412,-84.394125,Upper Batchawana Lake
CHL1299,ST091,2008-08-06,2,NA,1000,12,0.002,0.01,0.003,0.004,1.09,1.12,NA,mg/L,FALSE,FALSE,WB085,Center Buoy/Water chem site B,main,47.066412,-84.394125,Upper Batchawana Lake
CHL1300,ST091,2008-08-06,3,NA,1000,11.2,0.002,0.013,0.005,0.004,1.36,1.41,NA,mg/L,FALSE,FALSE,WB085,Center Buoy/Water chem site B,main,47.066412,-84.394125,Upper Batchawana Lake
CHL1301,ST095,2008-08-06,1,NA,1000,11,0.003,0.023,0.008,0.008,2.45,2.53,NA,mg/L,FALSE,FALSE,WB087,Buoy/Water chem site B,main,47.049274,-84.399988,Wishart Lake
CHL1302,ST095,2008-08-06,2,NA,1000,11.8,0.002,0.022,0.007,0.007,2.63,2.71,NA,mg/L,FALSE,FALSE,WB087,Buoy/Water chem site B,main,47.049274,-84.399988,Wishart Lake
CHL1303,ST095,2008-08-06,3,NA,1000,12.1,0.002,0.022,0.007,0.006,2.69,2.78,NA,mg/L,FALSE,FALSE,WB087,Buoy/Water chem site B,main,47.049274,-84.399988,Wishart Lake
CHL1304,ST065,2008-08-06,1,NA,1000,12.8,0.002,0.008,0.004,0.005,0.84,0.87,NA,mg/L,FALSE,FALSE,WB065,Center Buoy/Water chem site B,main,47.043396,-84.408613,Little Turkey Lake
CHL1305,ST065,2008-08-06,2,NA,1000,10.3,0.002,0.012,0.004,0.004,1.16,1.19,NA,mg/L,FALSE,FALSE,WB065,Center Buoy/Water chem site B,main,47.043396,-84.408613,Little Turkey Lake
CHL1306,ST065,2008-08-06,3,NA,1000,12.1,0.002,0.011,0.004,0.004,1.22,1.26,NA,mg/L,FALSE,FALSE,WB065,Center Buoy/Water chem site B,main,47.043396,-84.408613,Little Turkey Lake
CHL1307,ST068,2008-09-08,1,NA,1000,10.8,0.001,0.013,0.004,0.003,1.44,1.49,NA,mg/L,FALSE,FALSE,WB066,Center Buoy/Water chem site B,main,47.06338,-84.390411,Lower Batchawana Lake
CHL1308,ST068,2008-09-08,2,NA,970,10.8,0.005,0.018,0.009,0.008,1.59,1.65,NA,mg/L,FALSE,FALSE,WB066,Center Buoy/Water chem site B,main,47.06338,-84.390411,Lower Batchawana Lake
CHL1309,ST068,2008-09-08,3,NA,1000,12,0.001,0.011,0.005,0.004,1.3,1.35,NA,mg/L,FALSE,FALSE,WB066,Center Buoy/Water chem site B,main,47.06338,-84.390411,Lower Batchawana Lake
CHL1310,ST091,2008-09-08,1,NA,1000,11.6,0.001,0.011,0.005,0.004,1.25,1.31,NA,mg/L,FALSE,FALSE,WB085,Center Buoy/Water chem site B,main,47.066412,-84.394125,Upper Batchawana Lake
CHL1311,ST091,2008-09-08,2,NA,1000,11.8,0.001,0.01,0.004,0.004,1.16,1.21,NA,mg/L,FALSE,FALSE,WB085,Center Buoy/Water chem site B,main,47.066412,-84.394125,Upper Batchawana Lake
CHL1312,ST091,2008-09-08,3,NA,990,11.5,0.003,0.011,0.006,0.006,1.01,1.05,NA,mg/L,FALSE,FALSE,WB085,Center Buoy/Water chem site B,main,47.066412,-84.394125,Upper Batchawana Lake
CHL1313,ST095,2008-09-08,1,1,500,13,0.002,0.023,0.009,0.009,5.98,6.2,NA,mg/L,FALSE,FALSE,WB087,Buoy/Water chem site B,main,47.049274,-84.399988,Wishart Lake
CHL1314,ST095,2008-09-08,1,2,500,11,0,0.027,0.007,0.007,6.6,6.81,NA,mg/L,FALSE,FALSE,WB087,Buoy/Water chem site B,main,47.049274,-84.399988,Wishart Lake
CHL1315,ST095,2008-09-08,2,2,460,11.2,0.001,0.03,0.009,0.009,7.82,8.08,NA,mg/L,FALSE,FALSE,WB087,Buoy/Water chem site B,main,47.049274,-84.399988,Wishart Lake
CHL1316,ST095,2008-09-08,2,1,500,11.4,0,0.023,0.007,0.006,5.77,5.98,NA,mg/L,FALSE,FALSE,WB087,Buoy/Water chem site B,main,47.049274,-84.399988,Wishart Lake
CHL1317,ST095,2008-09-08,3,2,500,10.3,0.001,0.025,0.008,0.008,5.46,5.65,NA,mg/L,FALSE,FALSE,WB087,Buoy/Water chem site B,main,47.049274,-84.399988,Wishart Lake
CHL1318,ST095,2008-09-08,3,1,500,10.6,0.001,0.026,0.009,0.008,5.82,6.03,NA,mg/L,FALSE,FALSE,WB087,Buoy/Water chem site B,main,47.049274,-84.399988,Wishart Lake
CHL1319,ST065,2008-09-08,1,NA,1000,11.8,0.002,0.014,0.005,0.005,1.58,1.63,NA,mg/L,FALSE,FALSE,WB065,Center Buoy/Water chem site B,main,47.043396,-84.408613,Little Turkey Lake
CHL1320,ST065,2008-09-08,2,NA,1000,14.7,0.004,0.012,0.005,0.004,1.34,1.37,NA,mg/L,FALSE,FALSE,WB065,Center Buoy/Water chem site B,main,47.043396,-84.408613,Little Turkey Lake
CHL1321,ST065,2008-09-08,3,NA,1000,10,0.003,0.019,0.007,0.007,1.78,1.84,NA,mg/L,FALSE,FALSE,WB065,Center Buoy/Water chem site B,main,47.043396,-84.408613,Little Turkey Lake
CHL1322,ST068,2008-10-07,1,NA,1000,10.8,0.006,0.013,0.008,0.008,0.84,0.86,NA,mg/L,FALSE,FALSE,WB066,Center Buoy/Water chem site B,main,47.06338,-84.390411,Lower Batchawana Lake
CHL1323,ST068,2008-10-07,2,NA,1000,11.4,0.002,0.008,0.003,0.003,0.77,0.79,NA,mg/L,FALSE,FALSE,WB066,Center Buoy/Water chem site B,main,47.06338,-84.390411,Lower Batchawana Lake
CHL1324,ST068,2008-10-07,3,NA,1000,9.5,0.005,0.01,0.006,0.006,0.53,0.55,NA,mg/L,FALSE,FALSE,WB066,Center Buoy/Water chem site B,main,47.06338,-84.390411,Lower Batchawana Lake
CHL1325,ST091,2008-10-07,1,NA,1000,12.4,0.001,0.006,0.002,0,0.69,0.71,NA,mg/L,FALSE,FALSE,WB085,Center Buoy/Water chem site B,main,47.066412,-84.394125,Upper Batchawana Lake
CHL1326,ST091,2008-10-07,2,NA,1000,10.2,0.005,0.016,0.009,0.009,1.22,1.27,NA,mg/L,FALSE,FALSE,WB085,Center Buoy/Water chem site B,main,47.066412,-84.394125,Upper Batchawana Lake
CHL1327,ST091,2008-10-07,3,NA,1000,10.5,0.003,0.012,0.005,0.005,1.06,1.09,NA,mg/L,FALSE,FALSE,WB085,Center Buoy/Water chem site B,main,47.066412,-84.394125,Upper Batchawana Lake
CHL1328,ST095,2008-10-07,2,NA,1000,13.1,0.01,0.029,0.019,0.019,2.65,2.78,NA,mg/L,FALSE,FALSE,WB087,Buoy/Water chem site B,main,47.049274,-84.399988,Wishart Lake
CHL1329,ST095,2008-10-07,3,NA,1000,10.7,0.002,0.023,0.008,0.008,2.48,2.57,NA,mg/L,FALSE,FALSE,WB087,Buoy/Water chem site B,main,47.049274,-84.399988,Wishart Lake
CHL1330,ST065,2008-10-07,1,NA,1000,11.8,0.004,0.023,0.01,0.01,2.46,2.55,NA,mg/L,FALSE,FALSE,WB065,Center Buoy/Water chem site B,main,47.043396,-84.408613,Little Turkey Lake
CHL1331,ST065,2008-10-07,2,NA,1000,11.8,0.012,0.038,0.021,0.019,3.35,3.48,NA,mg/L,FALSE,FALSE,WB065,Center Buoy/Water chem site B,main,47.043396,-84.408613,Little Turkey Lake
CHL1332,ST065,2008-10-07,3,NA,1000,11.8,0.001,0.021,0.006,0.006,2.63,2.71,NA,mg/L,FALSE,FALSE,WB065,Center Buoy/Water chem site B,main,47.043396,-84.408613,Little Turkey Lake
CHL1333,ST095,2010-10-08,1,NA,961,10.9,0.002,0.041,0.013,0.011,4.89,5.06,NA,mg/L,FALSE,FALSE,WB087,Buoy/Water chem site B,main,47.049274,-84.399988,Wishart Lake
CHL1334,ST079,2010-10-10,1,NA,500,12.8,0.011,0.02,0.015,0.014,2.47,2.58,NA,mg/L,TRUE,FALSE,WB075,Center Buoy/Water chem site B,main,46.73133333,-84.22058333,Quinn Lake
CHL1335,ST079,2010-10-10,2,NA,500,10.6,0.005,0.016,0.012,0.012,2.41,2.55,NA,mg/L,TRUE,FALSE,WB075,Center Buoy/Water chem site B,main,46.73133333,-84.22058333,Quinn Lake
CHL1336,ST001,2000-10-04,1,NA,500,11.6,0,0.008,0.003,0.003,2.02,2.1,NA,mg/m3,FALSE,FALSE,WB001,Main station,main,46.91166667,-84.35972222,Begley Lake
CHL1337,ST001,2004-10-04,1,NA,1000,11,0.016,0.04,0.025,0.024,2.87,2.98,NA,mg/m3,FALSE,FALSE,WB001,Main station,main,46.91166667,-84.35972222,Begley Lake
CHL1338,ST001,2010-10-09,1,NA,1000,11.3,0.003,0.014,0.008,0.008,1.33,1.39,NA,mg/m3,FALSE,FALSE,WB001,Main station,main,46.91166667,-84.35972222,Begley Lake
CHL1339,ST002,2000-10-03,1,NA,500,12.4,0.002,0.015,0.009,0.005,3.39,3.56,NA,mg/m3,FALSE,FALSE,WB002,Main station,main,47.25194444,-83.86722222,Bliss Lake
CHL1340,ST002,2000-10-03,2,NA,500,13,0.005,0.019,0.009,0.008,4.02,4.16,NA,mg/m3,FALSE,FALSE,WB002,Main station,main,47.25194444,-83.86722222,Bliss Lake
CHL1341,ST002,2004-10-06,1,1,500,15,0.019,0.042,0.025,0.023,7.65,7.91,NA,mg/m3,FALSE,FALSE,WB002,Main station,main,47.25194444,-83.86722222,Bliss Lake
CHL1342,ST002,2004-10-06,1,2,500,11.8,0.011,0.032,0.015,0.014,5.57,5.73,NA,mg/m3,FALSE,FALSE,WB002,Main station,main,47.25194444,-83.86722222,Bliss Lake
CHL1343,ST002,2010-10-08,1,NA,500,11.9,0.001,0.017,0.006,0.005,4.18,4.34,NA,mg/m3,FALSE,FALSE,WB002,Main station,main,47.25194444,-83.86722222,Bliss Lake
CHL1344,ST003,2000-10-04,1,NA,500,13.6,0.002,0.023,0.008,0.007,6.31,6.53,NA,mg/m3,FALSE,FALSE,WB003,Main station,main,46.88444444,-84.05305556,Brook Lake
CHL1345,ST003,2004-10-05,1,1,500,13.4,0.002,0.024,0.009,0.008,6.47,6.71,NA,mg/m3,FALSE,FALSE,WB003,Main station,main,46.88444444,-84.05305556,Brook Lake
CHL1346,ST003,2004-10-05,1,2,500,14.7,0.002,0.025,0.008,0.007,7.5,7.75,NA,mg/m3,FALSE,FALSE,WB003,Main station,main,46.88444444,-84.05305556,Brook Lake
CHL1347,ST003,2010-10-09,1,NA,500,12.4,0.006,0.034,0.019,0.015,7.41,7.75,NA,mg/m3,FALSE,FALSE,WB003,Main station,main,46.88444444,-84.05305556,Brook Lake
CHL1348,ST004,2000-10-03,1,NA,500,11.1,0.008,0.021,0.013,0.014,3.13,3.26,NA,mg/m3,FALSE,FALSE,WB004,Main station,main,47.201335,-84.418878,Butter Lake
CHL1349,ST004,2000-10-03,2,NA,500,10.5,0.002,0.015,0.008,0.005,2.91,3.05,NA,mg/m3,FALSE,FALSE,WB004,Main station,main,47.201335,-84.418878,Butter Lake
CHL1350,ST004,2004-10-04,1,1,500,11.5,0.007,0.019,0.01,0.009,3.07,3.17,NA,mg/m3,FALSE,FALSE,WB004,Main station,main,47.201335,-84.418878,Butter Lake
CHL1351,ST004,2004-10-04,1,2,500,15.3,0.004,0.013,0.007,0.006,3.01,3.13,NA,mg/m3,FALSE,FALSE,WB004,Main station,main,47.201335,-84.418878,Butter Lake
CHL1352,ST004,2010-10-09,1,NA,500,13.9,0.002,0.009,0.005,0.005,2.09,2.18,NA,mg/m3,FALSE,FALSE,WB004,Main station,main,47.201335,-84.418878,Butter Lake
CHL1353,ST004,2010-10-09,2,NA,500,11.3,0,0.009,0.003,0.003,2.23,2.31,NA,mg/m3,FALSE,FALSE,WB004,Main station,main,47.201335,-84.418878,Butter Lake
CHL1354,ST005,2000-10-04,1,NA,500,11.7,0.001,0.009,0.002,0.003,2.13,2.19,NA,mg/m3,TRUE,FALSE,WB005,Main station,main,46.68386111,-84.11925,Clearwater Lake
CHL1355,ST005,2004-10-07,1,2,500,12.2,0.002,0.008,0.003,0.002,1.65,1.7,NA,mg/m3,TRUE,FALSE,WB005,Main station,main,46.68386111,-84.11925,Clearwater Lake
CHL1356,ST005,2004-10-07,1,1,500,12.4,0.002,0.007,0.004,0.004,1.34,1.4,NA,mg/m3,TRUE,FALSE,WB005,Main station,main,46.68386111,-84.11925,Clearwater Lake
CHL1357,ST005,2010-10-10,1,NA,500,10.4,0.003,0.007,0.004,0.004,0.93,0.96,NA,mg/m3,TRUE,FALSE,WB005,Main station,main,46.68386111,-84.11925,Clearwater Lake
CHL1358,ST005,2010-10-10,2,NA,500,11.5,0.003,0.008,0.004,0.006,1.3,1.33,NA,mg/m3,TRUE,FALSE,WB005,Main station,main,46.68386111,-84.11925,Clearwater Lake
CHL1359,ST011,2000-10-05,1,NA,500,14.9,0,0.008,0.003,0.003,2.59,2.69,NA,mg/m3,FALSE,FALSE,WB011,Main station,main,46.85413889,-83.78675,HT01
CHL1360,ST011,2004-10-06,1,1,500,12.4,0.004,0.04,0.014,0.012,9.88,10.21,NA,mg/m3,FALSE,FALSE,WB011,Main station,main,46.85413889,-83.78675,HT01
CHL1361,ST011,2004-10-06,1,2,500,11.1,0.01,0.049,0.02,0.019,9.62,9.93,NA,mg/m3,FALSE,FALSE,WB011,Main station,main,46.85413889,-83.78675,HT01
CHL1362,ST011,2010-10-11,2,NA,500,10.5,0.007,0.035,0.017,0.016,6.41,6.66,NA,mg/m3,FALSE,FALSE,WB011,Main station,main,46.85413889,-83.78675,HT01
CHL1363,ST011,2010-10-11,NA,NA,500,13,0.009,0.034,0.018,0.017,7.08,7.36,NA,mg/m3,FALSE,FALSE,WB011,Main station,main,46.85413889,-83.78675,HT01
CHL1364,ST012,2000-10-05,1,NA,500,13.6,0.001,0.004,0.002,0.001,0.89,0.93,NA,mg/m3,FALSE,FALSE,WB012,Main station,main,46.82547222,-83.83386111,HT05
CHL1365,ST012,2004-10-06,1,2,500,11.3,0.008,0.035,0.014,0.013,6.82,7.03,NA,mg/m3,FALSE,FALSE,WB012,Main station,main,46.82547222,-83.83386111,HT05
CHL1366,ST012,2004-10-06,1,1,500,11,0.004,0.024,0.008,0.007,4.94,5.08,NA,mg/m3,FALSE,FALSE,WB012,Main station,main,46.82547222,-83.83386111,HT05
CHL1367,ST012,2010-10-11,1,NA,1000,12.2,0.009,0.015,0.012,0.012,0.78,0.81,NA,mg/m3,FALSE,FALSE,WB012,Main station,main,46.82547222,-83.83386111,HT05
CHL1368,ST014,2000-10-03,1,NA,500,11.9,0.001,0.009,0.004,0.002,2.06,2.15,NA,mg/m3,FALSE,FALSE,WB014,Main station,main,47.17002778,-84.54972222,Huff Lake
CHL1369,ST014,2000-10-03,2,NA,500,12.3,0.004,0.011,0.008,0.004,1.79,1.89,NA,mg/m3,FALSE,FALSE,WB014,Main station,main,47.17002778,-84.54972222,Huff Lake
CHL1370,ST014,2004-10-04,1,1,500,11.6,0.002,0.012,0.005,0.004,2.55,2.65,NA,mg/m3,FALSE,FALSE,WB014,Main station,main,47.17002778,-84.54972222,Huff Lake
CHL1371,ST014,2004-10-04,1,2,500,11.5,0.009,0.017,0.009,0.007,2.14,2.18,NA,mg/m3,FALSE,FALSE,WB014,Main station,main,47.17002778,-84.54972222,Huff Lake
CHL1372,ST014,2010-10-08,1,NA,500,11.8,0.002,0.009,0.003,0.003,1.87,1.92,NA,mg/m3,FALSE,FALSE,WB014,Main station,main,47.17002778,-84.54972222,Huff Lake
CHL1373,ST014,2010-10-08,2,NA,500,14.8,0.002,0.008,0.003,0.002,2,2.06,NA,mg/m3,FALSE,FALSE,WB014,Main station,main,47.17002778,-84.54972222,Huff Lake
CHL1374,ST015,2000-10-03,NA,NA,1000,12,0,0.011,0.004,0.002,1.44,1.49,NA,mg/m3,FALSE,FALSE,WB015,Main station,main,47.222734,-83.943471,Irene Lake
CHL1375,ST015,2004-10-06,1,2,500,13.1,0.003,0.009,0.004,0.004,1.78,1.82,NA,mg/m3,FALSE,FALSE,WB015,Main station,main,47.222734,-83.943471,Irene Lake
CHL1376,ST015,2004-10-06,1,1,500,13.9,0.003,0.009,0.004,0.003,1.88,1.93,NA,mg/m3,FALSE,FALSE,WB015,Main station,main,47.222734,-83.943471,Irene Lake
CHL1377,ST015,2010-10-08,1,NA,500,11.4,0.003,0.01,0.005,0.004,1.76,1.82,NA,mg/m3,FALSE,FALSE,WB015,Main station,main,47.222734,-83.943471,Irene Lake
CHL1378,ST015,2010-10-08,2,NA,500,11.3,0.002,0.01,0.004,0.003,2.01,2.07,NA,mg/m3,FALSE,FALSE,WB015,Main station,main,47.222734,-83.943471,Irene Lake
CHL1379,ST016,2000-10-04,1,NA,500,12.1,0.001,0.023,0.007,0.007,5.9,6.1,NA,mg/m3,FALSE,FALSE,WB016,Main station,main,46.925798,-84.050554,Jimbob Lake
CHL1380,ST016,2004-10-05,1,2,500,13.4,0.004,0.019,0.008,0.007,4.46,4.61,NA,mg/m3,FALSE,FALSE,WB016,Main station,main,46.925798,-84.050554,Jimbob Lake
CHL1381,ST016,2004-10-05,1,1,500,12.5,0.002,0.017,0.005,0.004,4.21,4.33,NA,mg/m3,FALSE,FALSE,WB016,Main station,main,46.925798,-84.050554,Jimbob Lake
CHL1382,ST016,2010-10-09,1,NA,500,10.8,0.001,0.024,0.008,0.008,5.47,5.67,NA,mg/m3,FALSE,FALSE,WB016,Main station,main,46.925798,-84.050554,Jimbob Lake
CHL1383,ST016,2010-10-09,2,NA,500,11.4,0,0.025,0.008,0.006,6.25,6.48,NA,mg/m3,FALSE,FALSE,WB016,Main station,main,46.925798,-84.050554,Jimbob Lake
CHL1384,ST020,2000-10-04,1,1,500,12.4,0.002,0.021,0.006,0.005,5.28,5.44,NA,mg/m3,FALSE,FALSE,WB020,Main station,main,46.81875,-84.37963889,Lake JR01
CHL1385,ST020,2000-10-04,1,2,500,11.9,0.001,0.015,0.003,0.003,3.78,3.88,NA,mg/m3,FALSE,FALSE,WB020,Main station,main,46.81875,-84.37963889,Lake JR01
CHL1386,ST020,2004-10-05,1,2,500,12.2,0.003,0.015,0.006,0.005,3.25,3.36,NA,mg/m3,FALSE,FALSE,WB020,Main station,main,46.81875,-84.37963889,Lake JR01
CHL1387,ST020,2004-10-05,1,1,500,12.5,0.006,0.017,0.009,0.008,3.04,3.15,NA,mg/m3,FALSE,FALSE,WB020,Main station,main,46.81875,-84.37963889,Lake JR01
CHL1388,ST020,2010-10-10,1,NA,500,12.1,0,0.008,0.003,0.003,2.1,2.19,NA,mg/m3,FALSE,FALSE,WB020,Main station,main,46.81875,-84.37963889,Lake JR01
CHL1389,ST020,2010-10-10,2,NA,500,12,0.001,0.009,0.005,0.005,2.04,2.14,NA,mg/m3,FALSE,FALSE,WB020,Main station,main,46.81875,-84.37963889,Lake JR01
CHL1390,ST021,2000-10-04,1,NA,500,12.8,0.003,0.01,0.006,0.004,1.92,2.01,NA,mg/m3,FALSE,FALSE,WB021,Main station,main,46.91194444,-84.275,Lake JR02
CHL1391,ST021,2004-10-04,1,2,500,13.2,0.005,0.015,0.008,0.006,2.9,3.01,NA,mg/m3,FALSE,FALSE,WB021,Main station,main,46.91194444,-84.275,Lake JR02
CHL1392,ST021,2004-10-04,1,1,500,12.1,0.002,0.013,0.006,0.004,2.89,3.01,NA,mg/m3,FALSE,FALSE,WB021,Main station,main,46.91194444,-84.275,Lake JR02
CHL1393,ST021,2010-10-10,1,NA,1000,10.6,0.009,0.031,0.018,0.017,2.52,2.62,NA,mg/m3,FALSE,FALSE,WB021,Main station,main,46.91194444,-84.275,Lake JR02
CHL1394,ST022,2000-10-04,1,NA,500,13,0.002,0.004,0.002,0.001,0.6,0.61,NA,mg/m3,FALSE,FALSE,WB022,Main station,main,46.92733333,-84.22830556,Lake JR03
CHL1395,ST022,2004-10-03,1,NA,1000,12.6,0.003,0.012,0.005,0.005,1.27,1.31,NA,mg/m3,FALSE,FALSE,WB022,Main station,main,46.92733333,-84.22830556,Lake JR03
CHL1396,ST022,2010-10-09,1,NA,500,11.8,0.003,0.011,0.006,0.006,2.05,2.13,NA,mg/m3,FALSE,FALSE,WB022,Main station,main,46.92733333,-84.22830556,Lake JR03
CHL1397,ST022,2010-10-09,2,NA,500,10.2,0.002,0.009,0.003,0.003,1.62,1.66,NA,mg/m3,FALSE,FALSE,WB022,Main station,main,46.92733333,-84.22830556,Lake JR03
CHL1398,ST023,2004-10-05,1,1,500,13.3,0.004,0.018,0.009,0.008,4.06,4.22,NA,mg/m3,FALSE,FALSE,WB023,Main station,main,46.88333333,-84.20033333,Lake JR04
CHL1399,ST023,2004-10-05,1,2,500,14.1,0.016,0.029,0.019,0.017,4.09,4.22,NA,mg/m3,FALSE,FALSE,WB023,Main station,main,46.88333333,-84.20033333,Lake JR04
CHL1400,ST023,2010-10-09,1,NA,1000,11.5,0.001,0.049,0.018,0.014,6.02,6.25,NA,mg/m3,FALSE,FALSE,WB023,Main station,main,46.88333333,-84.20033333,Lake JR04
CHL1401,ST024,2000-10-04,1,NA,500,12.7,0,0.007,0.002,0.003,1.97,2.03,NA,mg/m3,FALSE,FALSE,WB024,Main station,main,46.86458333,-84.18772222,Lake JR05
CHL1402,ST024,2004-10-05,1,2,500,13.5,0.003,0.016,0.007,0.006,3.86,4,NA,mg/m3,FALSE,FALSE,WB024,Main station,main,46.86458333,-84.18772222,Lake JR05
CHL1403,ST024,2004-10-05,1,1,500,13.6,0.001,0.016,0.005,0.004,4.52,4.67,NA,mg/m3,FALSE,FALSE,WB024,Main station,main,46.86458333,-84.18772222,Lake JR05
CHL1404,ST024,2010-10-09,2,NA,500,12.3,0,0.016,0.008,0.005,4.17,4.37,NA,mg/m3,FALSE,FALSE,WB024,Main station,main,46.86458333,-84.18772222,Lake JR05
CHL1405,ST028,2000-10-04,1,NA,800,13.8,0.001,0.005,0.003,0.003,0.73,0.77,NA,mg/m3,FALSE,FALSE,WB028,Main station,main,46.871072,-84.132323,Lake JR09
CHL1406,ST028,2000-10-04,2,NA,500,12,0,0.002,0,0,0.56,0.57,NA,mg/m3,FALSE,FALSE,WB028,Main station,main,46.871072,-84.132323,Lake JR09
CHL1407,ST028,2004-10-05,1,2,500,11.8,0.004,0.007,0.005,0.005,0.78,0.8,NA,mg/m3,FALSE,FALSE,WB028,Main station,main,46.871072,-84.132323,Lake JR09
CHL1408,ST028,2004-10-05,1,1,500,11.4,0.002,0.005,0.004,0.003,0.7,0.74,NA,mg/m3,FALSE,FALSE,WB028,Main station,main,46.871072,-84.132323,Lake JR09
CHL1409,ST028,2010-10-09,1,NA,500,11,0.002,0.006,0.003,0.003,0.98,1.01,NA,mg/m3,FALSE,FALSE,WB028,Main station,main,46.871072,-84.132323,Lake JR09
CHL1410,ST028,2010-10-09,2,NA,500,11.5,0.003,0.004,0.003,0.004,0.27,0.27,NA,mg/m3,FALSE,FALSE,WB028,Main station,main,46.871072,-84.132323,Lake JR09
CHL1411,ST029,2000-10-04,1,NA,500,14.1,0,0.012,0.003,0.003,3.76,3.89,NA,mg/m3,FALSE,FALSE,WB029,Main station,main,46.83611111,-84.14888889,Lake JR10
CHL1412,ST029,2004-10-05,1,1,500,12.2,0.007,0.024,0.011,0.011,4.63,4.77,NA,mg/m3,FALSE,FALSE,WB029,Main station,main,46.83611111,-84.14888889,Lake JR10
CHL1413,ST029,2004-10-05,1,2,500,12.4,0.001,0.018,0.006,0.006,4.65,4.81,NA,mg/m3,FALSE,FALSE,WB029,Main station,main,46.83611111,-84.14888889,Lake JR10
CHL1414,ST029,2010-10-09,1,NA,500,12.8,0.003,0.018,0.008,0.006,4.2,4.36,NA,mg/m3,FALSE,FALSE,WB029,Main station,main,46.83611111,-84.14888889,Lake JR10
CHL1415,ST030,2000-10-03,NA,NA,500,13.2,0.001,0.028,0.008,0.008,7.92,8.18,NA,mg/m3,FALSE,FALSE,WB030,Main station,main,47.124578,-84.278211,Lake JR11
CHL1416,ST030,2004-10-04,1,1,500,15.5,0.029,0.048,0.036,0.033,6.4,6.66,NA,mg/m3,FALSE,FALSE,WB030,Main station,main,47.124578,-84.278211,Lake JR11
CHL1417,ST030,2004-10-04,1,2,500,12.8,0.005,0.025,0.011,0.01,5.64,5.84,NA,mg/m3,FALSE,FALSE,WB030,Main station,main,47.124578,-84.278211,Lake JR11
CHL1418,ST030,2010-10-08,1,NA,1000,12.8,0.002,0.026,0.009,0.007,3.39,3.51,NA,mg/m3,FALSE,FALSE,WB030,Main station,main,47.124578,-84.278211,Lake JR11
CHL1419,ST031,2000-10-03,NA,NA,500,13.2,0.001,0.027,0.01,0.007,7.49,7.78,NA,mg/m3,FALSE,FALSE,WB031,Main station,main,47.135599,-84.264509,Lake JR12
CHL1420,ST031,2004-10-04,1,2,500,12.7,0.003,0.023,0.009,0.007,5.59,5.79,NA,mg/m3,FALSE,FALSE,WB031,Main station,main,47.135599,-84.264509,Lake JR12
CHL1421,ST031,2004-10-04,1,1,500,11.4,0.004,0.014,0.007,0.006,2.51,2.6,NA,mg/m3,FALSE,FALSE,WB031,Main station,main,47.135599,-84.264509,Lake JR12
CHL1422,ST031,2010-10-08,1,NA,500,15.2,0.002,0.016,0.006,0.005,4.7,4.86,NA,mg/m3,FALSE,FALSE,WB031,Main station,main,47.135599,-84.264509,Lake JR12
CHL1423,ST031,2010-10-08,2,NA,500,15.2,0.001,0.02,0.009,0.006,6.21,6.48,NA,mg/m3,FALSE,FALSE,WB031,Main station,main,47.135599,-84.264509,Lake JR12
CHL1424,ST032,2000-10-03,NA,NA,500,13.5,0,0.009,0.003,0.003,2.66,2.76,NA,mg/m3,FALSE,FALSE,WB032,Main station,main,47.154602,-84.218738,Lake JR13
CHL1425,ST032,2004-10-04,1,1,500,12.3,0.005,0.018,0.01,0.008,3.46,3.61,NA,mg/m3,FALSE,FALSE,WB032,Main station,main,47.154602,-84.218738,Lake JR13
CHL1426,ST032,2004-10-04,1,2,500,12,0.003,0.017,0.007,0.006,3.71,3.84,NA,mg/m3,FALSE,FALSE,WB032,Main station,main,47.154602,-84.218738,Lake JR13
CHL1427,ST032,2010-10-08,1,NA,500,12.2,0.001,0.012,0.005,0.005,2.92,3.04,NA,mg/m3,FALSE,FALSE,WB032,Main station,main,47.154602,-84.218738,Lake JR13
CHL1428,ST032,2010-10-08,2,NA,500,11,0.005,0.016,0.009,0.01,2.64,2.74,NA,mg/m3,FALSE,FALSE,WB032,Main station,main,47.154602,-84.218738,Lake JR13
CHL1429,ST033,2000-10-03,1,NA,500,15.2,0.004,0.026,0.01,0.009,7.41,7.66,NA,mg/m3,FALSE,FALSE,WB033,Main station,main,47.07441667,-84.64988889,Lake JR16
CHL1430,ST033,2004-10-04,1,1,500,13,0.017,0.04,0.025,0.023,6.53,6.78,NA,mg/m3,FALSE,FALSE,WB033,Main station,main,47.07441667,-84.64988889,Lake JR16
CHL1431,ST033,2004-10-04,1,2,500,13.8,0.003,0.02,0.007,0.006,5.23,5.4,NA,mg/m3,FALSE,FALSE,WB033,Main station,main,47.07441667,-84.64988889,Lake JR16
CHL1432,ST033,2010-10-08,1,NA,500,12.8,0.002,0.014,0.006,0.004,3.36,3.49,NA,mg/m3,FALSE,FALSE,WB033,Main station,main,47.07441667,-84.64988889,Lake JR16
CHL1433,ST033,2010-10-08,2,NA,500,11.9,0.001,0.013,0.005,0.004,3.13,3.24,NA,mg/m3,FALSE,FALSE,WB033,Main station,main,47.07441667,-84.64988889,Lake JR16
CHL1434,ST034,2000-10-03,1,NA,1000,12.5,0.001,0.011,0.004,0.002,1.38,1.42,NA,mg/m3,FALSE,FALSE,WB034,Main station,main,47.185153,-84.263649,Lake JR17
CHL1435,ST034,2004-10-04,1,2,500,12.5,0.007,0.013,0.008,0.007,1.69,1.74,NA,mg/m3,FALSE,FALSE,WB034,Main station,main,47.185153,-84.263649,Lake JR17
CHL1436,ST034,2004-10-04,1,1,500,11.8,0.003,0.011,0.005,0.004,2.1,2.17,NA,mg/m3,FALSE,FALSE,WB034,Main station,main,47.185153,-84.263649,Lake JR17
CHL1437,ST034,2010-10-08,1,NA,500,12.2,0.001,0.005,0.003,0.003,1.04,1.09,NA,mg/m3,FALSE,FALSE,WB034,Main station,main,47.185153,-84.263649,Lake JR17
CHL1438,ST034,2010-10-08,2,NA,500,14,0.004,0.008,0.005,0.006,1.25,1.29,NA,mg/m3,FALSE,FALSE,WB034,Main station,main,47.185153,-84.263649,Lake JR17
CHL1439,ST035,2000-10-03,NA,NA,500,12.5,0.003,0.015,0.007,0.002,3.27,3.4,NA,mg/m3,FALSE,FALSE,WB035,Main station,main,47.09916667,-84.24163889,Lake JR18
CHL1440,ST035,2004-10-04,1,2,500,12.4,0.008,0.022,0.013,0.011,3.78,3.93,NA,mg/m3,FALSE,FALSE,WB035,Main station,main,47.09916667,-84.24163889,Lake JR18
CHL1441,ST035,2004-10-04,1,1,500,12.1,0.003,0.017,0.006,0.005,3.79,3.91,NA,mg/m3,FALSE,FALSE,WB035,Main station,main,47.09916667,-84.24163889,Lake JR18
CHL1442,ST035,2010-10-08,2,NA,500,10.1,0.001,0.014,0.005,0.003,2.89,2.99,NA,mg/m3,FALSE,FALSE,WB035,Main station,main,47.09916667,-84.24163889,Lake JR18
CHL1443,ST035,2010-10-08,1,NA,500,12.1,0.002,0.013,0.004,0.003,3,3.08,NA,mg/m3,FALSE,FALSE,WB035,Main station,main,47.09916667,-84.24163889,Lake JR18
CHL1444,ST036,2000-10-05,1,NA,500,11.5,0.011,0.019,0.015,0.014,1.95,2.04,NA,mg/m3,FALSE,FALSE,WB036,Main station,main,46.94047222,-83.56388889,Lake JR19
CHL1445,ST036,2004-10-06,1,2,500,12.7,0.001,0.006,0.003,0.003,1.37,1.43,NA,mg/m3,FALSE,FALSE,WB036,Main station,main,46.94047222,-83.56388889,Lake JR19
CHL1446,ST036,2004-10-06,1,1,500,9.9,0.006,0.009,0.006,0.005,0.69,0.7,NA,mg/m3,FALSE,FALSE,WB036,Main station,main,46.94047222,-83.56388889,Lake JR19
CHL1447,ST036,2010-10-11,1,NA,500,10.2,0.004,0.011,0.008,0.007,1.49,1.57,NA,mg/m3,FALSE,FALSE,WB036,Main station,main,46.94047222,-83.56388889,Lake JR19
CHL1448,ST036,2010-10-11,2,NA,500,11.3,0.003,0.011,0.008,0.006,1.87,1.97,NA,mg/m3,FALSE,FALSE,WB036,Main station,main,46.94047222,-83.56388889,Lake JR19
CHL1449,ST037,2000-10-05,1,NA,500,12.2,0.003,0.007,0.004,0.004,1.09,1.12,NA,mg/m3,FALSE,FALSE,WB037,Main station,main,46.98633333,-83.56369444,Lake JR20
CHL1450,ST037,2004-10-06,1,NA,1000,12.2,0.004,0.019,0.008,0.005,2.03,2.09,NA,mg/m3,FALSE,FALSE,WB037,Main station,main,46.98633333,-83.56369444,Lake JR20
CHL1451,ST037,2010-10-11,1,NA,1000,12.3,0.069,0.09,0.083,0.081,2.65,2.81,NA,mg/m3,FALSE,FALSE,WB037,Main station,main,46.98633333,-83.56369444,Lake JR20
CHL1452,ST040,2000-10-05,1,NA,500,15.4,0.034,0.057,0.047,0.046,7.42,7.81,NA,mg/m3,FALSE,FALSE,WB040,Main station,main,47.01861111,-83.72597222,Lake JR24
CHL1453,ST040,2004-10-06,1,1,500,11.2,0.019,0.04,0.022,0.02,5.33,5.47,NA,mg/m3,FALSE,FALSE,WB040,Main station,main,47.01861111,-83.72597222,Lake JR24
CHL1454,ST040,2004-10-06,1,2,500,11.2,0.009,0.033,0.016,0.015,5.93,6.14,NA,mg/m3,FALSE,FALSE,WB040,Main station,main,47.01861111,-83.72597222,Lake JR24
CHL1455,ST040,2010-10-11,1,NA,500,11.3,0.006,0.023,0.012,0.01,4.19,4.35,NA,mg/m3,FALSE,FALSE,WB040,Main station,main,47.01861111,-83.72597222,Lake JR24
CHL1456,ST040,2010-10-11,2,NA,500,11.7,0.007,0.021,0.013,0.011,3.52,3.67,NA,mg/m3,FALSE,FALSE,WB040,Main station,main,47.01861111,-83.72597222,Lake JR24
CHL1457,ST044,2000-10-04,1,NA,1000,13.8,0.008,0.017,0.008,0.008,1.45,1.47,NA,mg/m3,FALSE,FALSE,WB044,Main station,main,46.6325,-84.01958333,Lake JR28
CHL1458,ST044,2004-10-07,1,1,500,13.6,0.002,0.012,0.006,0.003,2.93,3.06,NA,mg/m3,FALSE,FALSE,WB044,Main station,main,46.6325,-84.01958333,Lake JR28
CHL1459,ST044,2004-10-07,1,2,500,12.5,0.01,0.018,0.013,0.0012,2.14,2.24,NA,mg/m3,FALSE,FALSE,WB044,Main station,main,46.6325,-84.01958333,Lake JR28
CHL1460,ST044,2010-10-10,1,NA,1000,11.7,0.005,0.022,0.012,0.011,2.15,2.24,NA,mg/m3,FALSE,FALSE,WB044,Main station,main,46.6325,-84.01958333,Lake JR28
CHL1461,ST045,2000-10-04,1,NA,500,11.7,0.003,0.011,0.008,0.005,1.93,2.04,NA,mg/m3,FALSE,FALSE,WB045,Main station,main,46.60952778,-84.04713889,Lake JR29
CHL1462,ST045,2004-10-07,1,1,500,11.9,0.002,0.011,0.004,0.003,2.39,2.47,NA,mg/m3,FALSE,FALSE,WB045,Main station,main,46.60952778,-84.04713889,Lake JR29
CHL1463,ST045,2004-10-07,1,2,500,11.3,0.005,0.016,0.008,0.007,2.75,2.85,NA,mg/m3,FALSE,FALSE,WB045,Main station,main,46.60952778,-84.04713889,Lake JR29
CHL1464,ST046,2000-10-04,1,NA,1000,13,0.001,0.015,0.006,0.005,1.98,2.06,NA,mg/m3,FALSE,FALSE,WB046,Main station,main,46.623651,-84.085215,Lake JR30
CHL1465,ST046,2004-10-07,1,1,500,13.8,0.011,0.029,0.015,0.014,5.55,5.72,NA,mg/m3,FALSE,FALSE,WB046,Main station,main,46.623651,-84.085215,Lake JR30
CHL1466,ST046,2004-10-07,1,2,500,11.8,0.011,0.031,0.016,0.015,5.25,5.42,NA,mg/m3,FALSE,FALSE,WB046,Main station,main,46.623651,-84.085215,Lake JR30
CHL1467,ST046,2010-10-10,1,NA,500,12.8,0.012,0.024,0.019,0.018,3.2,3.38,NA,mg/m3,FALSE,FALSE,WB046,Main station,main,46.623651,-84.085215,Lake JR30
CHL1468,ST048,2003-10-03,1,NA,1000,14.7,0.001,0.015,0.005,0.004,2.27,2.35,NA,mg/m3,FALSE,FALSE,WB048,Main station,main,47.22211111,-84.52877778,Lake JR33
CHL1469,ST048,2004-10-04,1,2,500,10.5,0.003,0.016,0.006,0.005,3.05,3.14,NA,mg/m3,FALSE,FALSE,WB048,Main station,main,47.22211111,-84.52877778,Lake JR33
CHL1470,ST048,2004-10-04,1,1,500,13.2,0.008,0.018,0.009,0.008,3.02,3.09,NA,mg/m3,FALSE,FALSE,WB048,Main station,main,47.22211111,-84.52877778,Lake JR33
CHL1471,ST048,2010-10-08,1,NA,500,12.4,0.001,0.009,0.003,0.004,2.21,2.28,NA,mg/m3,FALSE,FALSE,WB048,Main station,main,47.22211111,-84.52877778,Lake JR33
CHL1472,ST048,2010-10-08,2,NA,500,14.6,0.001,0.007,0.003,0.002,1.92,1.99,NA,mg/m3,FALSE,FALSE,WB048,Main station,main,47.22211111,-84.52877778,Lake JR33
CHL1473,ST049,2000-10-04,1,NA,1000,13.5,0.001,0.014,0.004,0.003,1.96,2.02,NA,mg/m3,FALSE,FALSE,WB049,Main station,main,46.63616667,-84.27041667,Lake JR34
CHL1474,ST049,2004-10-07,1,2,500,13.3,0.004,0.013,0.007,0.005,2.62,2.72,NA,mg/m3,FALSE,FALSE,WB049,Main station,main,46.63616667,-84.27041667,Lake JR34
CHL1475,ST049,2004-10-07,1,1,500,12.1,0.002,0.011,0.005,0.004,2.38,2.47,NA,mg/m3,FALSE,FALSE,WB049,Main station,main,46.63616667,-84.27041667,Lake JR34
CHL1476,ST049,2010-10-10,1,NA,500,11.5,0.004,0.015,0.009,0.009,2.71,2.83,NA,mg/m3,FALSE,FALSE,WB049,Main station,main,46.63616667,-84.27041667,Lake JR34
CHL1477,ST049,2010-10-10,2,NA,500,12.5,0.006,0.018,0.012,0.012,3.18,3.34,NA,mg/m3,FALSE,FALSE,WB049,Main station,main,46.63616667,-84.27041667,Lake JR34
CHL1478,ST050,2000-10-04,1,NA,500,13,0.004,0.012,0.006,0.006,2.31,2.39,NA,mg/m3,FALSE,FALSE,WB050,Main station,main,46.69716667,-84.17508333,Lake JR35
CHL1479,ST050,2004-10-07,1,1,500,13.2,0.001,0.015,0.005,0.004,4.08,4.22,NA,mg/m3,FALSE,FALSE,WB050,Main station,main,46.69716667,-84.17508333,Lake JR35
CHL1480,ST050,2004-10-07,1,2,500,13.8,0.003,0.017,0.007,0.005,4.26,4.41,NA,mg/m3,FALSE,FALSE,WB050,Main station,main,46.69716667,-84.17508333,Lake JR35
CHL1481,ST050,2010-10-10,1,NA,500,11.3,0.006,0.02,0.013,0.012,3.35,3.52,NA,mg/m3,FALSE,FALSE,WB050,Main station,main,46.69716667,-84.17508333,Lake JR35
CHL1482,ST050,2010-10-10,2,NA,500,13.7,0.01,0.023,0.015,0.016,3.87,4.02,NA,mg/m3,FALSE,FALSE,WB050,Main station,main,46.69716667,-84.17508333,Lake JR35
CHL1483,ST051,2000-10-04,1,NA,1000,12,0.002,0.018,0.008,0.006,2.08,2.17,NA,mg/m3,FALSE,FALSE,WB051,Main station,main,46.66397222,-84.02805556,Lake JR36
CHL1484,ST051,2004-10-07,1,2,500,12.8,0.002,0.009,0.004,0.003,1.98,2.05,NA,mg/m3,FALSE,FALSE,WB051,Main station,main,46.66397222,-84.02805556,Lake JR36
CHL1485,ST051,2004-10-07,1,1,500,11.5,0.004,0.011,0.005,0.004,1.82,1.87,NA,mg/m3,FALSE,FALSE,WB051,Main station,main,46.66397222,-84.02805556,Lake JR36
CHL1486,ST051,2010-10-10,1,NA,500,9.8,0.002,0.039,0.014,0.011,7.95,8.25,NA,mg/m3,FALSE,FALSE,WB051,Main station,main,46.66397222,-84.02805556,Lake JR36
CHL1487,ST051,2010-10-10,2,NA,500,12.7,0.127,0.179,0.161,0.159,13.59,14.39,NA,mg/m3,FALSE,FALSE,WB051,Main station,main,46.66397222,-84.02805556,Lake JR36
CHL1488,ST054,2000-10-03,1,NA,500,11,0.004,0.017,0.007,0.006,3.19,3.29,NA,mg/m3,FALSE,FALSE,WB054,Main station,main,47.01238889,-84.17541667,Lake JR39
CHL1489,ST054,2004-10-04,1,2,500,12.2,0.003,0.015,0.006,0.005,3.25,3.36,NA,mg/m3,FALSE,FALSE,WB054,Main station,main,47.01238889,-84.17541667,Lake JR39
CHL1490,ST054,2004-10-04,1,1,500,12.6,0.005,0.027,0.01,0.009,6.19,6.38,NA,mg/m3,FALSE,FALSE,WB054,Main station,main,47.01238889,-84.17541667,Lake JR39
CHL1491,ST054,2010-10-09,1,NA,500,12.5,0.001,0.02,0.007,0.007,5.22,5.41,NA,mg/m3,FALSE,FALSE,WB054,Main station,main,47.01238889,-84.17541667,Lake JR39
CHL1492,ST054,2010-10-09,2,NA,500,12.5,0.007,0.026,0.013,0.013,5.22,5.41,NA,mg/m3,FALSE,FALSE,WB054,Main station,main,47.01238889,-84.17541667,Lake JR39
CHL1493,ST055,2000-10-03,1,NA,500,12,0.002,0.022,0.009,0.008,5.24,5.44,NA,mg/m3,FALSE,FALSE,WB055,Main station,main,47.07233333,-84.08777778,Lake JR40
CHL1494,ST055,2004-10-05,1,2,500,14.7,0.006,0.025,0.011,0.011,6.2,6.4,NA,mg/m3,FALSE,FALSE,WB055,Main station,main,47.07233333,-84.08777778,Lake JR40
CHL1495,ST055,2004-10-05,1,1,500,15,0.011,0.031,0.018,0.017,6.55,6.8,NA,mg/m3,FALSE,FALSE,WB055,Main station,main,47.07233333,-84.08777778,Lake JR40
CHL1496,ST055,2010-10-09,1,NA,500,10.8,0.002,0.014,0.006,0.005,2.84,2.94,NA,mg/m3,FALSE,FALSE,WB055,Main station,main,47.07233333,-84.08777778,Lake JR40
CHL1497,ST055,2010-10-09,2,NA,500,12.4,0,0.012,0.004,0.004,3.26,3.38,NA,mg/m3,FALSE,FALSE,WB055,Main station,main,47.07233333,-84.08777778,Lake JR40
CHL1498,ST056,2000-10-03,1,NA,500,11.5,0.004,0.014,0.009,0.005,2.43,2.55,NA,mg/m3,FALSE,FALSE,WB056,Main station,main,47.11855556,-84.08261111,Lake JR41
CHL1499,ST056,2004-10-04,1,2,500,12.2,0.002,0.015,0.005,0.005,3.54,3.65,NA,mg/m3,FALSE,FALSE,WB056,Main station,main,47.11855556,-84.08261111,Lake JR41
CHL1500,ST056,2004-10-04,1,1,500,11.2,0.003,0.019,0.007,0.005,3.98,4.11,NA,mg/m3,FALSE,FALSE,WB056,Main station,main,47.11855556,-84.08261111,Lake JR41
CHL1501,ST056,2010-10-08,1,NA,500,11.1,0.003,0.014,0.007,0.007,2.66,2.76,NA,mg/m3,FALSE,FALSE,WB056,Main station,main,47.11855556,-84.08261111,Lake JR41
CHL1502,ST056,2010-10-08,2,NA,500,12.7,0.004,0.014,0.009,0.008,2.69,2.82,NA,mg/m3,FALSE,FALSE,WB056,Main station,main,47.11855556,-84.08261111,Lake JR41
CHL1503,ST057,2000-10-03,1,NA,500,14.5,0.002,0.007,0.003,0.003,1.63,1.68,NA,mg/m3,FALSE,FALSE,WB057,Main station,main,47.18606,-84.054383,Lake JR42
CHL1504,ST057,2004-10-04,1,1,500,12.2,0.002,0.017,0.005,0.005,4.11,4.23,NA,mg/m3,FALSE,FALSE,WB057,Main station,main,47.18606,-84.054383,Lake JR42
CHL1505,ST057,2004-10-04,1,2,500,12.7,0.004,0.02,0.008,0.008,4.52,4.67,NA,mg/m3,FALSE,FALSE,WB057,Main station,main,47.18606,-84.054383,Lake JR42
CHL1506,ST057,2010-10-08,1,NA,500,12.2,0,0.011,0.004,0.004,2.92,3.04,NA,mg/m3,FALSE,FALSE,WB057,Main station,main,47.18606,-84.054383,Lake JR42
CHL1507,ST057,2010-10-08,2,NA,500,14.6,0.001,0.008,0.004,0.004,2.2,2.29,NA,mg/m3,FALSE,FALSE,WB057,Main station,main,47.18606,-84.054383,Lake JR42
CHL1508,ST058,2004-10-06,1,1,500,13.8,0.005,0.025,0.011,0.008,6.08,6.29,NA,mg/m3,FALSE,FALSE,WB058,Main station,main,47.140965,-83.870963,Lake JR43
CHL1509,ST058,2004-10-06,1,2,500,11.2,0.008,0.028,0.015,0.013,4.89,5.08,NA,mg/m3,FALSE,FALSE,WB058,Main station,main,47.140965,-83.870963,Lake JR43
CHL1510,ST058,2010-10-11,1,NA,500,12.8,0.011,0.028,0.02,0.018,4.59,4.82,NA,mg/m3,FALSE,FALSE,WB058,Main station,main,47.140965,-83.870963,Lake JR43
CHL1511,ST058,2010-10-11,2,NA,500,12.7,0.007,0.023,0.015,0.013,4.31,4.52,NA,mg/m3,FALSE,FALSE,WB058,Main station,main,47.140965,-83.870963,Lake JR43
CHL1512,ST060,2000-10-03,NA,NA,1000,13.3,0.002,0.027,0.008,0.008,3.71,3.82,NA,mg/m3,FALSE,FALSE,WB060,Main station,main,47.098712,-83.922682,Lake JR45
CHL1513,ST060,2004-10-06,1,2,500,12.2,0.002,0.017,0.006,0.005,4.06,4.19,NA,mg/m3,FALSE,FALSE,WB060,Main station,main,47.098712,-83.922682,Lake JR45
CHL1514,ST060,2004-10-06,1,1,500,14.8,0.005,0.017,0.009,0.007,3.88,4.03,NA,mg/m3,FALSE,FALSE,WB060,Main station,main,47.098712,-83.922682,Lake JR45
CHL1515,ST060,2010-10-08,1,NA,500,11.6,0.001,0.012,0.005,0.004,2.78,2.89,NA,mg/m3,FALSE,FALSE,WB060,Main station,main,47.098712,-83.922682,Lake JR45
CHL1516,ST060,2010-10-08,2,NA,500,10.4,0.002,0.013,0.004,0.004,2.58,2.65,NA,mg/m3,FALSE,FALSE,WB060,Main station,main,47.098712,-83.922682,Lake JR45
CHL1517,ST063,2000-10-03,NA,NA,500,13.3,0.001,0.022,0.007,0.006,6.17,6.38,NA,mg/m3,FALSE,FALSE,WB063,Main station,main,47.02738889,-84.34319444,Little Drew Lake
CHL1518,ST063,2004-10-03,1,NA,1000,15.2,0.041,0.066,0.036,0.032,4.57,4.61,NA,mg/m3,FALSE,FALSE,WB063,Main station,main,47.02738889,-84.34319444,Little Drew Lake
CHL1519,ST063,2010-10-08,1,NA,935,12.8,0.004,0.039,0.014,0.012,5.29,5.48,NA,mg/m3,FALSE,FALSE,WB063,Main station,main,47.02738889,-84.34319444,Little Drew Lake
CHL1520,ST064,2000-10-05,1,NA,500,13.2,0.002,0.008,0.002,0.001,1.84,1.87,NA,mg/m3,FALSE,FALSE,WB064,Main station,main,46.96486111,-83.67305556,Little Sand Lake
CHL1521,ST064,2004-10-06,1,2,500,11.4,0.004,0.014,0.005,0.005,2.61,2.67,NA,mg/m3,FALSE,FALSE,WB064,Main station,main,46.96486111,-83.67305556,Little Sand Lake
CHL1522,ST064,2004-10-06,1,1,500,12.1,0.004,0.013,0.006,0.005,2.43,2.51,NA,mg/m3,FALSE,FALSE,WB064,Main station,main,46.96486111,-83.67305556,Little Sand Lake
CHL1523,ST064,2010-10-11,1,NA,1000,14,0.005,0.017,0.01,0.01,1.81,1.89,NA,mg/m3,FALSE,FALSE,WB064,Main station,main,46.96486111,-83.67305556,Little Sand Lake
CHL1524,ST071,2000-10-04,1,NA,1000,12.8,0.004,0.024,0.009,0.01,2.85,2.94,NA,mg/m3,FALSE,FALSE,WB067,Main station,main,46.73211111,-84.21,Maple Lake
CHL1525,ST071,2004-10-05,1,1,500,13,0.001,0.008,0.003,0.002,2.01,2.08,NA,mg/m3,FALSE,FALSE,WB067,Main station,main,46.73211111,-84.21,Maple Lake
CHL1526,ST071,2004-10-05,1,2,500,11.6,0,0.009,0.002,0.002,2.33,2.41,NA,mg/m3,FALSE,FALSE,WB067,Main station,main,46.73211111,-84.21,Maple Lake
CHL1527,ST071,2010-10-10,1,NA,1000,11.5,0.005,0.02,0.011,0.01,1.86,1.94,NA,mg/m3,FALSE,FALSE,WB067,Main station,main,46.73211111,-84.21,Maple Lake
CHL1528,ST073,2000-10-04,1,NA,500,13.1,0.002,0.011,0.004,0.004,2.64,2.72,NA,mg/m3,FALSE,FALSE,WB069,Main station,main,46.605983,-83.971284,Moon Lake
CHL1529,ST073,2000-10-04,2,NA,500,14,0.002,0.01,0.004,0.003,2.49,2.57,NA,mg/m3,FALSE,FALSE,WB069,Main station,main,46.605983,-83.971284,Moon Lake
CHL1530,ST073,2004-10-07,1,1,500,11.7,0.015,0.028,0.018,0.017,3.39,3.5,NA,mg/m3,FALSE,FALSE,WB069,Main station,main,46.605983,-83.971284,Moon Lake
CHL1531,ST073,2004-10-07,1,2,500,11.6,0.004,0.017,0.007,0.007,3.37,3.47,NA,mg/m3,FALSE,FALSE,WB069,Main station,main,46.605983,-83.971284,Moon Lake
CHL1532,ST073,2010-10-10,1,NA,1000,10.5,0.071,0.097,0.09,0.088,2.76,2.94,NA,mg/m3,FALSE,FALSE,WB069,Main station,main,46.605983,-83.971284,Moon Lake
CHL1533,ST074,2000-10-04,2,NA,500,11.8,0.004,0.027,0.009,0.008,6.07,6.26,NA,mg/m3,FALSE,FALSE,WB070,Main station,main,46.77744444,-84.23988889,Mystery Lake
CHL1534,ST074,2000-10-04,1,NA,500,12.3,0.001,0.023,0.007,0.006,5.99,6.2,NA,mg/m3,FALSE,FALSE,WB070,Main station,main,46.77744444,-84.23988889,Mystery Lake
CHL1535,ST074,2004-10-05,1,2,500,12,0.002,0.022,0.007,0.007,5.34,5.51,NA,mg/m3,FALSE,FALSE,WB070,Main station,main,46.77744444,-84.23988889,Mystery Lake
CHL1536,ST074,2004-10-05,1,1,500,11.6,0.007,0.029,0.013,0.012,5.65,5.84,NA,mg/m3,FALSE,FALSE,WB070,Main station,main,46.77744444,-84.23988889,Mystery Lake
CHL1537,ST074,2010-10-10,1,NA,500,13,0.005,0.025,0.012,0.012,5.68,5.9,NA,mg/m3,FALSE,FALSE,WB070,Main station,main,46.77744444,-84.23988889,Mystery Lake
CHL1538,ST075,2000-10-03,1,NA,500,12.4,0.002,0.013,0.008,0.004,2.86,3.01,NA,mg/m3,FALSE,FALSE,WB071,Main station,main,47.25238,-83.792889,North Emerson Lake
CHL1539,ST075,2004-09-12,1,NA,1000,12.9,0.002,0.015,0.005,0.005,1.87,1.93,NA,mg/m3,FALSE,FALSE,WB071,Main station,main,47.25238,-83.792889,North Emerson Lake
CHL1540,ST075,2004-10-06,1,NA,1000,12.5,0.003,0.035,0.011,0.01,4.45,4.59,NA,mg/m3,FALSE,FALSE,WB071,Main station,main,47.25238,-83.792889,North Emerson Lake
CHL1541,ST075,2010-10-08,1,NA,500,11.3,0.003,0.014,0.006,0.006,2.75,2.85,NA,mg/m3,FALSE,FALSE,WB071,Main station,main,47.25238,-83.792889,North Emerson Lake
CHL1542,ST075,2010-10-08,2,NA,500,11.4,0.006,0.02,0.013,0.012,3.38,3.55,NA,mg/m3,FALSE,FALSE,WB071,Main station,main,47.25238,-83.792889,North Emerson Lake
CHL1543,ST076,2000-10-13,1,NA,1000,13.4,0.001,0.012,0.005,0.003,1.6,1.67,NA,mg/m3,FALSE,FALSE,WB072,Main station,main,48.407694,-84.35271,Olsen Lake
CHL1544,ST076,2004-10-03,1,NA,1000,11.6,0.013,0.033,0.017,0.015,2.6,2.68,NA,mg/m3,FALSE,FALSE,WB072,Main station,main,48.407694,-84.35271,Olsen Lake
CHL1545,ST076,2010-10-08,1,NA,500,13.3,0.003,0.007,0.004,0.003,1.18,1.22,NA,mg/m3,FALSE,FALSE,WB072,Main station,main,48.407694,-84.35271,Olsen Lake
CHL1546,ST076,2010-10-08,2,NA,500,11.2,0.003,0.012,0.008,0.007,2.11,2.22,NA,mg/m3,FALSE,FALSE,WB072,Main station,main,48.407694,-84.35271,Olsen Lake
CHL1547,ST078,2000-10-03,NA,NA,500,13.3,0.002,0.01,0.003,0.003,2.42,2.48,NA,mg/m3,FALSE,FALSE,WB074,Main station,main,47.16333333,-84.61711111,Queminico Lake
CHL1548,ST078,2004-10-04,1,2,500,11.9,0.002,0.021,0.007,0.006,5.02,5.18,NA,mg/m3,FALSE,FALSE,WB074,Main station,main,47.16333333,-84.61711111,Queminico Lake
CHL1549,ST078,2004-10-04,1,1,500,11.8,0.003,0.018,0.007,0.005,3.92,4.05,NA,mg/m3,FALSE,FALSE,WB074,Main station,main,47.16333333,-84.61711111,Queminico Lake
CHL1550,ST078,2010-10-08,1,NA,620,14,0.004,0.022,0.009,0.007,4.49,4.65,NA,mg/m3,FALSE,FALSE,WB074,Main station,main,47.16333333,-84.61711111,Queminico Lake
CHL1551,ST061,2000-10-05,1,NA,500,12.5,0.002,0.016,0.006,0.006,3.87,4,NA,mg/m3,FALSE,FALSE,WB061,Main station,main,46.80333333,-83.76644444,Lake RL02
CHL1552,ST061,2004-10-06,1,2,500,11.8,0.003,0.021,0.008,0.005,4.69,4.86,NA,mg/m3,FALSE,FALSE,WB061,Main station,main,46.80333333,-83.76644444,Lake RL02
CHL1553,ST061,2004-10-06,1,1,500,11.5,0.006,0.024,0.01,0.01,4.63,4.77,NA,mg/m3,FALSE,FALSE,WB061,Main station,main,46.80333333,-83.76644444,Lake RL02
CHL1554,ST061,2010-10-11,1,NA,500,11,0.003,0.017,0.01,0.009,3.27,3.42,NA,mg/m3,FALSE,FALSE,WB061,Main station,main,46.80333333,-83.76644444,Lake RL02
CHL1555,ST061,2010-10-11,2,NA,500,13,0.006,0.019,0.013,0.013,3.56,3.74,NA,mg/m3,FALSE,FALSE,WB061,Main station,main,46.80333333,-83.76644444,Lake RL02
CHL1556,ST062,2000-10-05,1,NA,500,12.6,0.001,0.02,0.007,0.006,5.26,5.45,NA,mg/m3,FALSE,FALSE,WB062,Main station,main,46.81166667,-83.76305556,Lake RL03
CHL1557,ST062,2004-10-06,1,1,500,12.1,0.002,0.018,0.007,0.005,4.25,4.41,NA,mg/m3,FALSE,FALSE,WB062,Main station,main,46.81166667,-83.76305556,Lake RL03
CHL1558,ST062,2004-10-06,1,2,500,11.2,0.006,0.024,0.01,0.009,4.51,4.65,NA,mg/m3,FALSE,FALSE,WB062,Main station,main,46.81166667,-83.76305556,Lake RL03
CHL1559,ST062,2010-10-11,1,NA,500,11,0,0.011,0.003,0.001,2.68,2.77,NA,mg/m3,FALSE,FALSE,WB062,Main station,main,46.81166667,-83.76305556,Lake RL03
CHL1560,ST062,2010-10-11,2,NA,500,10.8,0.024,0.037,0.029,0.025,3.04,3.16,NA,mg/m3,FALSE,FALSE,WB062,Main station,main,46.81166667,-83.76305556,Lake RL03
CHL1561,ST087,2000-10-04,1,NA,500,13.3,0.002,0.015,0.006,0.004,3.8,3.94,NA,mg/m3,FALSE,FALSE,WB081,Main station,main,46.81430556,-84.36522222,Tier Lake
CHL1562,ST087,2004-10-05,1,1,500,15.6,0.001,0.019,0.005,0.005,6.28,6.47,NA,mg/m3,FALSE,FALSE,WB081,Main station,main,46.81430556,-84.36522222,Tier Lake
CHL1563,ST087,2004-10-05,1,2,500,12,0.004,0.024,0.009,0.008,5.34,5.51,NA,mg/m3,FALSE,FALSE,WB081,Main station,main,46.81430556,-84.36522222,Tier Lake
CHL1564,ST087,2010-10-10,1,NA,500,12.6,0.008,0.024,0.016,0.016,4.28,4.48,NA,mg/m3,FALSE,FALSE,WB081,Main station,main,46.81430556,-84.36522222,Tier Lake
CHL1565,ST087,2010-10-10,2,NA,500,13.8,0.004,0.018,0.01,0.009,4.15,4.33,NA,mg/m3,FALSE,FALSE,WB081,Main station,main,46.81430556,-84.36522222,Tier Lake
CHL1566,ST088,2000-10-03,NA,NA,500,12.7,0.001,0.023,0.008,0.007,6.14,6.36,NA,mg/m3,FALSE,FALSE,WB082,Main station,main,47.03311111,-84.37641667,Tilley Lakes Headwaters
CHL1567,ST088,2004-10-03,1,NA,1000,12.4,0.009,0.075,0.027,0.025,9.06,9.37,NA,mg/m3,FALSE,FALSE,WB082,Main station,main,47.03311111,-84.37641667,Tilley Lakes Headwaters
CHL1568,ST088,2010-10-08,1,NA,500,11.7,0.002,0.017,0.005,0.005,3.94,4.06,NA,mg/m3,FALSE,FALSE,WB082,Main station,main,47.03311111,-84.37641667,Tilley Lakes Headwaters
CHL1569,ST088,2010-10-08,2,NA,500,12.5,0,0.016,0.006,0.004,4.34,4.52,NA,mg/m3,FALSE,FALSE,WB082,Main station,main,47.03311111,-84.37641667,Tilley Lakes Headwaters
CHL1570,ST089,2000-10-03,NA,NA,1000,10.9,0.001,0.027,0.009,0.007,3.12,3.23,NA,mg/m3,FALSE,FALSE,WB083,Main station,main,47.17305556,-84.47194444,Trim Lake
CHL1571,ST089,2004-10-04,1,1,500,10.8,0.01,0.022,0.009,0.007,3.06,3.1,NA,mg/m3,FALSE,FALSE,WB083,Main station,main,47.17305556,-84.47194444,Trim Lake
CHL1572,ST089,2004-10-04,1,2,500,12.1,0.002,0.018,0.006,0.005,4.31,4.45,NA,mg/m3,FALSE,FALSE,WB083,Main station,main,47.17305556,-84.47194444,Trim Lake
CHL1573,ST089,2010-10-08,1,NA,500,11.8,0.002,0.017,0.005,0.004,3.97,4.09,NA,mg/m3,FALSE,FALSE,WB083,Main station,main,47.17305556,-84.47194444,Trim Lake
CHL1574,ST089,2010-10-08,2,NA,500,12,0.002,0.019,0.006,0.005,4.55,4.69,NA,mg/m3,FALSE,FALSE,WB083,Main station,main,47.17305556,-84.47194444,Trim Lake
CHL1575,ST094,2000-10-03,NA,NA,500,12.6,0.003,0.024,0.011,0.007,5.73,5.97,NA,mg/m3,FALSE,FALSE,WB086,Main station,main,47.05194444,-84.60377778,Upper Smith Lake
CHL1576,ST094,2004-10-04,1,1,500,13.4,0.005,0.02,0.009,0.008,4.46,4.61,NA,mg/m3,FALSE,FALSE,WB086,Main station,main,47.05194444,-84.60377778,Upper Smith Lake
CHL1577,ST094,2004-10-04,1,2,500,11.6,0.002,0.021,0.009,0.006,4.79,4.98,NA,mg/m3,FALSE,FALSE,WB086,Main station,main,47.05194444,-84.60377778,Upper Smith Lake
CHL1578,ST094,2010-10-08,1,NA,1000,14.3,0.003,0.014,0.008,0.005,1.68,1.76,NA,mg/m3,FALSE,FALSE,WB086,Main station,main,47.05194444,-84.60377778,Upper Smith Lake
